#ifndef METALSLUGASSETS_H
#define METALSLUGASSETS_H

#if !defined(HARDWARE_PROFILE_ESP32_DEV)

#include <Arduino.h>

/**
 * Authentic SNK Neo Geo Metal Slug Artwork & Sprites:
 * - 3 Random Backdrops with Ground (Market Bazaar, Mosque Domes, Desert Warzone)
 * - Marco Rossi: Idle, Walking, Machine Gun Shoot with Muzzle Flash, Grenade Throw, Victory
 * - Rebel Army Di-Cokka Tank: Stance, Shell, Wrecked
 * - Rebel Patrol Helicopter: Aerial flight
 * - Explosive Fireballs (4 blast stages)
 * Stored in Flash PROGMEM (Paletted RGB565 with zero heap allocation).
 */

namespace MetalSlugAssets {

constexpr uint16_t MASK = 0x000E;

struct PalettedBackdrop {
    const uint16_t* palette;
    const uint8_t* packedPixels;
};


// Arcade 3x5 Font for Metal Slug HUD & Digits
static const uint8_t ARCADE_FONT_3x5[11][5] = {
    { 0x07, 0x05, 0x05, 0x05, 0x07 }, // '0'
    { 0x02, 0x06, 0x02, 0x02, 0x07 }, // '1'
    { 0x07, 0x01, 0x07, 0x04, 0x07 }, // '2'
    { 0x07, 0x01, 0x07, 0x01, 0x07 }, // '3'
    { 0x05, 0x05, 0x07, 0x01, 0x01 }, // '4'
    { 0x07, 0x04, 0x07, 0x01, 0x07 }, // '5'
    { 0x07, 0x04, 0x07, 0x05, 0x07 }, // '6'
    { 0x07, 0x01, 0x02, 0x02, 0x02 }, // '7'
    { 0x07, 0x05, 0x07, 0x05, 0x07 }, // '8'
    { 0x07, 0x05, 0x07, 0x01, 0x07 }, // '9'
    { 0x00, 0x02, 0x00, 0x02, 0x00 }  // ':'
};

constexpr int BG_BACKDROP_W = 256;
constexpr int BG_BACKDROP_H = 64;
constexpr int NUM_BACKDROPS = 4;

// Market Bazaar (Persian carpet, terracotta jars, Arabic calligraphy arch)
static const uint16_t BG_STAGE_MARKET_PAL[64] PROGMEM = {
    0xCD70, 0xA4B3, 0xA40D, 0x8C33, 0x936B, 0x834C, 0x7331, 0x730E,
    0x82CA, 0x7AC9, 0x72A9, 0x6AF0, 0x6AD0, 0x6AAE, 0x5AAD, 0x8249,
    0x6A69, 0x626B, 0x5A6F, 0x5A6E, 0x5A4B, 0x5A4F, 0x5A4F, 0x5A4F,
    0x5A4F, 0x5A4D, 0x5A09, 0x522F, 0x522F, 0x524C, 0x520C, 0x4A0C,
    0x61A7, 0x51E9, 0x49EB, 0x49C9, 0x41CC, 0x41C8, 0x41A9, 0x4189,
    0x39A9, 0x3987, 0x3987, 0x3986, 0x3969, 0x3966, 0x3948, 0x3929,
    0x3167, 0x3146, 0x3149, 0x2945, 0x3128, 0x2928, 0x2924, 0x2904,
    0x20E7, 0x20E3, 0x20C8, 0x20C3, 0x1888, 0x1888, 0x1883, 0x1065,
};
static const uint8_t BG_STAGE_MARKET_PACKED[12288] PROGMEM = {
    0xC3, 0x30, 0x0C, 0xC3, 0x30, 0x0C, 0xC3, 0x30, 0x0C, 0xC3, 0x30, 0x0C, 0xC3, 0x30, 0x0C, 0xC3, 0x30, 0x0C, 0xC3, 0x30, 0x0C, 0x03, 0x29, 0xCB,
    0xB2, 0x2C, 0xCB, 0x72, 0xCD, 0xF7, 0x7D, 0xAF, 0xCB, 0x24, 0x29, 0x73, 0x06, 0xC3, 0x0C, 0x9C, 0xDC, 0xF7, 0xBD, 0x5E, 0x73, 0x0C, 0x29, 0x93,
    0xB2, 0x2C, 0xCB, 0xB2, 0x2C, 0xCB, 0xB2, 0x2C, 0xD7, 0x64, 0x30, 0x68, 0x90, 0x8B, 0xEB, 0x7D, 0xDF, 0x1B, 0x46, 0x26, 0x19, 0x83, 0x31, 0x04,
    0xC3, 0x10, 0x0C, 0xC3, 0x30, 0x30, 0xE2, 0xF7, 0x7D, 0x20, 0x08, 0x82, 0xCF, 0x03, 0x82, 0x60, 0x59, 0x82, 0x20, 0xA8, 0x94, 0x25, 0x08, 0x86,
    0xA6, 0x5A, 0x8E, 0xE6, 0xE8, 0x79, 0x9E, 0xE7, 0x91, 0xB2, 0x2C, 0xCB, 0x72, 0x5D, 0xCB, 0x72, 0x2D, 0xCB, 0x32, 0x99, 0x65, 0x59, 0x96, 0x65,
    0x24, 0x49, 0xCA, 0xB5, 0x2C, 0xCB, 0xB2, 0x2C, 0x3F, 0x8F, 0xFB, 0x84, 0xFA, 0xF3, 0xB4, 0xB5, 0x7E, 0x3E, 0xAE, 0xFE, 0x3C, 0x0F, 0x58, 0xCB,
    0xE7, 0xF3, 0xCA, 0x32, 0x29, 0x93, 0x64, 0x53, 0x44, 0xB2, 0x2C, 0xCB, 0xB2, 0xFC, 0x9E, 0xAF, 0x7C, 0x3E, 0x0F, 0x08, 0x3E, 0x27, 0xF8, 0xD4,
    0xE7, 0xF3, 0x3C, 0xB2, 0x4C, 0x92, 0x24, 0x29, 0xCB, 0x24, 0x49, 0x92, 0x24, 0x29, 0x93, 0x07, 0xF0, 0x08, 0x80, 0x00, 0x3E, 0x8F, 0x16, 0xA7,
    0xC3, 0x30, 0x0C, 0xC3, 0x30, 0x0C, 0xC3, 0x30, 0x0C, 0xC3, 0x30, 0x18, 0xCB, 0x10, 0x0C, 0xC3, 0x30, 0x0C, 0x43, 0x30, 0x18, 0x99, 0x5C, 0xCB,
    0xB2, 0x2C, 0xCB, 0xB2, 0xCE, 0xF7, 0x7D, 0xDF, 0xF7, 0xBD, 0x4C, 0xCA, 0x8C, 0xC1, 0x18, 0xD2, 0xDB, 0xF7, 0x7D, 0x5D, 0x93, 0xA4, 0x2C, 0xCB,
    0xB2, 0x2C, 0xCB, 0xB2, 0x2C, 0xCB, 0xB2, 0x2C, 0xEB, 0x78, 0x31, 0x80, 0x6D, 0xDF, 0xF7, 0x7D, 0xDF, 0x93, 0xEE, 0xAD, 0x7A, 0xC6, 0x30, 0x04,
    0x41, 0x10, 0x0C, 0xC3, 0x30, 0x18, 0xE2, 0xF7, 0x85, 0x20, 0x08, 0x82, 0x20, 0x08, 0x82, 0x20, 0x84, 0x80, 0x20, 0x08, 0x81, 0x20, 0x08, 0x82,
    0x20, 0x08, 0x82, 0x60, 0xF8, 0x89, 0xE3, 0x48, 0xCA, 0x72, 0x2D, 0xCB, 0xB2, 0x2C, 0xCB, 0xB2, 0x2C, 0xCB, 0xB2, 0xEC, 0x65, 0x59, 0x96, 0x65,
    0x24, 0x49, 0xCA, 0xBA, 0x2C, 0xCB, 0xB2, 0x2C, 0x83, 0xE7, 0xF9, 0xB8, 0xBC, 0xFE, 0x3C, 0x75, 0xAD, 0x83, 0x4F, 0xF8, 0x80, 0xA0, 0x2C, 0xCB,
    0xF2, 0x03, 0xCA, 0x62, 0x26, 0x16, 0x84, 0x00, 0x00, 0x42, 0xD1, 0x10, 0xA4, 0x2C, 0x93, 0xA4, 0x0C, 0x3D, 0x3A, 0xF8, 0x3C, 0xCF, 0x13, 0xBA,
    0xCF, 0xF3, 0xCA, 0xB2, 0x2C, 0xCB, 0x24, 0xE9, 0xC9, 0x24, 0x49, 0x66, 0x64, 0x46, 0xCA, 0x0D, 0x00, 0x08, 0x82, 0xF0, 0x3C, 0x49, 0x09, 0xAF,
    0x8C, 0x61, 0x0C, 0xC3, 0x30, 0x0C, 0x83, 0x61, 0x30, 0xC6, 0x60, 0x18, 0x0C, 0xE3, 0x38, 0x8E, 0x23, 0x8A, 0xCE, 0xB2, 0x90, 0xBC, 0x5E, 0xCB,
    0xB5, 0x2C, 0xCB, 0xB2, 0xDE, 0xF7, 0x7D, 0xDF, 0xF7, 0xFF, 0xAF, 0xF3, 0x24, 0xC7, 0x31, 0x8C, 0xDC, 0xF7, 0x7D, 0x2D, 0xD7, 0xB5, 0x2C, 0xD7,
    0xB2, 0x2C, 0xCB, 0xB2, 0x2C, 0xCB, 0xB2, 0x5C, 0xF3, 0xF8, 0xF3, 0x80, 0x7A, 0xDF, 0xF7, 0x7D, 0xDF, 0xFF, 0xF2, 0xB1, 0xCE, 0x23, 0x33, 0x04,
    0x41, 0x10, 0x04, 0xC1, 0x30, 0x18, 0xE2, 0xF7, 0x81, 0x20, 0x08, 0x82, 0x20, 0x21, 0x80, 0x20, 0x48, 0x40, 0xE0, 0x83, 0x3C, 0x20, 0x08, 0x82,
    0x8F, 0x40, 0x80, 0xE0, 0xF8, 0xA5, 0xB3, 0x4D, 0xCA, 0xB2, 0x2C, 0xCB, 0xB2, 0x2C, 0xCB, 0xB2, 0x2C, 0xCB, 0xB2, 0x4C, 0x7A, 0x59, 0x96, 0x65,
    0xD9, 0x47, 0xCA, 0xB5, 0x2C, 0xCB, 0xB2, 0x4C, 0xCA, 0x7A, 0x08, 0xEA, 0xCF, 0x79, 0x3E, 0xA0, 0xFE, 0x3E, 0xCF, 0x03, 0xCA, 0xB5, 0x4C, 0x92,
    0xE4, 0xF9, 0x90, 0x8A, 0x20, 0x08, 0x82, 0x20, 0x08, 0x02, 0x41, 0x08, 0x45, 0xA1, 0x50, 0xA4, 0xFC, 0x84, 0x7A, 0xDD, 0xB6, 0xE0, 0xF3, 0x3C,
    0xCF, 0xAB, 0xCB, 0xB2, 0x2C, 0xCB, 0x32, 0x49, 0x92, 0x24, 0x49, 0x92, 0xA4, 0x97, 0xC9, 0x1D, 0x00, 0x00, 0x02, 0x41, 0x08, 0x49, 0x9B, 0xB6,
    0xA3, 0xF7, 0x79, 0x5E, 0xE6, 0x79, 0x9F, 0x39, 0x9A, 0xA6, 0x69, 0x8E, 0x23, 0x3C, 0xCF, 0xF3, 0xDC, 0xB6, 0xA6, 0x68, 0xE2, 0xBA, 0x5E, 0xD7,
    0xB2, 0x2C, 0xCB, 0xB2, 0xDE, 0xF7, 0x7D, 0xDF, 0xFF, 0xFF, 0xFF, 0xFF, 0xBD, 0xDE, 0x73, 0x8C, 0xFC, 0xF3, 0xBC, 0x2C, 0x7F, 0x46, 0x26, 0xCB,
    0xB2, 0x2C, 0xCB, 0xB2, 0x2C, 0xCB, 0xB5, 0xAC, 0xF3, 0x7D, 0x08, 0xF2, 0x7D, 0xDF, 0xF7, 0x7D, 0xCF, 0xFF, 0x64, 0x60, 0xA8, 0xB3, 0x9A, 0x0D,
    0xC6, 0x34, 0x0D, 0x41, 0x10, 0x0C, 0xE2, 0xE7, 0x99, 0x20, 0x08, 0x82, 0x20, 0x48, 0x10, 0x04, 0x84, 0x10, 0x20, 0x08, 0x22, 0x04, 0x04, 0x3E,
    0x08, 0x08, 0x82, 0x25, 0xFA, 0xA5, 0xAB, 0x4A, 0xCA, 0xB2, 0x2C, 0xCB, 0xB2, 0x2C, 0xD7, 0xB5, 0x2C, 0xCB, 0xB2, 0x4C, 0x92, 0x59, 0x96, 0x65,
    0x59, 0xC6, 0xC9, 0xB2, 0x2C, 0xCB, 0x32, 0x49, 0x92, 0xF2, 0xFB, 0xD6, 0xCF, 0xE3, 0xD2, 0x8F, 0xFB, 0x3C, 0xE7, 0x2B, 0xCB, 0x32, 0x49, 0x92,
    0x24, 0x29, 0x36, 0x02, 0x81, 0x40, 0xA5, 0x7D, 0xDB, 0xB7, 0x9D, 0x96, 0x10, 0x21, 0x10, 0x08, 0x05, 0xCA, 0xB2, 0x2C, 0xEB, 0x3A, 0xF8, 0x3C,
    0x20, 0x08, 0x3E, 0xA1, 0x2E, 0xCB, 0xB2, 0x2C, 0x93, 0x32, 0x49, 0x92, 0x24, 0x99, 0x65, 0x02, 0x00, 0x00, 0x00, 0x81, 0x24, 0x5A, 0x9A, 0xA6,
    0xEB, 0x9A, 0xAE, 0x6B, 0xDC, 0xAE, 0x69, 0xDB, 0xAE, 0x6B, 0x3C, 0xCF, 0x71, 0xAA, 0xAA, 0x6A, 0x9A, 0xC6, 0x6A, 0xBC, 0xD6, 0xBA, 0xAE, 0xEB,
    0x7A, 0x2D, 0xCB, 0xB2, 0xDE, 0xF7, 0x7D, 0xAF, 0xF7, 0xFF, 0xFF, 0xF7, 0x3A, 0xFF, 0xF7, 0x9C, 0xA1, 0xFF, 0xBD, 0x5C, 0x4B, 0xC3, 0x44, 0xCB,
    0xB5, 0x5C, 0xCB, 0xB2, 0x2C, 0xCB, 0xB5, 0xCE, 0xF7, 0x7D, 0xDF, 0xF7, 0x7D, 0xDF, 0xF7, 0x7D, 0xCF, 0xFF, 0x64, 0x30, 0x0C, 0x4B, 0x9E, 0x8F,
    0x59, 0x3C, 0x0F, 0x41, 0x10, 0x18, 0xE2, 0xE7, 0x99, 0x20, 0x08, 0x82, 0x20, 0xF8, 0x10, 0x08, 0xF2, 0x10, 0x04, 0x02, 0x3E, 0x08, 0x82, 0x20,
    0x0F, 0x08, 0x3E, 0xE0, 0xF8, 0xA5, 0xAD, 0x4A, 0xCA, 0xB2, 0x2C, 0xCB, 0x72, 0x2D, 0xCB, 0xB2, 0x2C, 0xCB, 0xB2, 0x4C, 0x66, 0x59, 0x96, 0x65,
    0x59, 0xE6, 0xC9, 0x75, 0x2D, 0xCB, 0xB2, 0x2C, 0xCB, 0xB2, 0xAC, 0xEB, 0x35, 0xF8, 0x84, 0xE1, 0xE9, 0x9E, 0xB2, 0x2C, 0x93, 0x24, 0x49, 0x3A,
    0x47, 0xA3, 0x40, 0xDA, 0xEC, 0xFB, 0xBE, 0xEF, 0xE7, 0xBB, 0xBF, 0xEF, 0xF9, 0x9C, 0x42, 0x04, 0xF1, 0x9C, 0xA4, 0x2C, 0xCB, 0x35, 0xDD, 0x82,
    0x0F, 0x5D, 0x83, 0xCF, 0xAB, 0xD7, 0xB2, 0x2C, 0xCB, 0x24, 0x49, 0x92, 0x5E, 0x96, 0x65, 0x84, 0x00, 0x08, 0x02, 0x42, 0x20, 0x50, 0x9A, 0x96,
    0xE9, 0x6C, 0xCF, 0xF3, 0x9A, 0xB6, 0xF6, 0x3C, 0xE7, 0xF9, 0xEE, 0xEF, 0xF6, 0x3D, 0xCF, 0x79, 0x6E, 0xDF, 0xF9, 0xBD, 0xD6, 0xBA, 0xAE, 0xEB,
    0x7A, 0x2D, 0xCB, 0x75, 0xDF, 0xF7, 0x7D, 0xDF, 0xF7, 0xFF, 0xFF, 0xF7, 0x3A, 0xDF, 0xF7, 0xCC, 0x60, 0x54, 0xBC, 0x2E, 0x1B, 0x86, 0x7B, 0xD7,
    0xB5, 0x2C, 0xCB, 0xB2, 0x2C, 0xCB, 0x7A, 0xDF, 0xF7, 0x7D, 0xDF, 0xF7, 0x7D, 0xDF, 0xF7, 0x7D, 0xCF, 0xFF, 0x64, 0x30, 0x18, 0xC3, 0xD0, 0xD9,
    0xA9, 0x99, 0x0D, 0x41, 0x10, 0x0C, 0xA2, 0x27, 0xA6, 0x60, 0x59, 0xAE, 0xEB, 0x43, 0x80, 0x2D, 0x08, 0x82, 0x20, 0x08, 0x82, 0xE0, 0x43, 0x40,
    0x09, 0x04, 0x41, 0x90, 0x16, 0x6A, 0x5A, 0x49, 0xCA, 0xB2, 0x2C, 0xCB, 0x35, 0xBE, 0xDF, 0xB7, 0x2D, 0xCB, 0xB2, 0x4C, 0x66, 0x59, 0x96, 0x65,
    0xD9, 0x44, 0xEA, 0xB5, 0x2C, 0xCB, 0xF2, 0x09, 0xCA, 0xB2, 0x4C, 0xD3, 0xCF, 0xF3, 0x3C, 0xBA, 0x2E, 0xCB, 0x24, 0x49, 0x92, 0xA4, 0x57, 0x08,
    0x02, 0x64, 0xFB, 0xBE, 0xBF, 0xEF, 0xF7, 0x7D, 0xDF, 0xF7, 0x9D, 0xE7, 0x79, 0x9E, 0xDB, 0xA5, 0x06, 0x25, 0xC5, 0x21, 0xCB, 0xB2, 0xAC, 0xBB,
    0xCF, 0x03, 0x9E, 0x4F, 0xAD, 0xD7, 0xBA, 0x2C, 0xCB, 0x32, 0x49, 0x7A, 0x99, 0x97, 0x65, 0x80, 0x40, 0x00, 0x80, 0x40, 0x40, 0x5A, 0x0A, 0xA7,
    0xF7, 0xED, 0xFB, 0xFE, 0x7D, 0xEF, 0xB9, 0xEF, 0xEF, 0x79, 0x9E, 0xCF, 0x76, 0x6E, 0xDB, 0xBB, 0x7F, 0xDF, 0x77, 0x9C, 0xD6, 0x7C, 0xDF, 0xF7,
    0xBA, 0x2E, 0xCB, 0x75, 0xDF, 0xF7, 0x7D, 0xDF, 0xFF, 0xFF, 0xFF, 0xF7, 0x7A, 0xDF, 0xF7, 0xE4, 0x64, 0x0C, 0x06, 0x23, 0x31, 0xD2, 0x37, 0xD2,
    0xBA, 0x2C, 0xCB, 0xB2, 0x5C, 0xEB, 0x7C, 0xDF, 0xF7, 0x7D, 0xDF, 0xF7, 0x7D, 0xDF, 0xF7, 0x7D, 0xCF, 0xFF, 0xDF, 0x30, 0x04, 0xDD, 0x10, 0x18,
    0x6E, 0x2C, 0x2E, 0x43, 0x10, 0x18, 0xA2, 0x67, 0xB6, 0xE5, 0x9A, 0x96, 0x90, 0x80, 0x94, 0xA1, 0xA6, 0x81, 0xF1, 0x0A, 0xAE, 0x6D, 0x08, 0x42,
    0x5A, 0xDB, 0xC6, 0x69, 0x39, 0xB7, 0x2D, 0x2B, 0xD7, 0xB5, 0x2C, 0xD7, 0xBE, 0xBF, 0xFB, 0x7E, 0x3E, 0xCB, 0x32, 0x99, 0x65, 0x59, 0x96, 0x65,
    0x99, 0x47, 0xEA, 0xB5, 0x2C, 0xCB, 0xFA, 0xF3, 0xC8, 0x75, 0xF8, 0x3C, 0x0F, 0xF8, 0xCA, 0xB2, 0x4C, 0x51, 0xE4, 0xF7, 0x7D, 0x08, 0x41, 0x68,
    0xB3, 0xEF, 0xFB, 0xF9, 0x7D, 0xDF, 0x79, 0x9E, 0xE7, 0x79, 0x9E, 0xDF, 0x79, 0x9E, 0xE7, 0x77, 0xAC, 0x09, 0x02, 0xF1, 0xC9, 0xB2, 0x2C, 0xD7,
    0x35, 0xF8, 0x3C, 0xCF, 0x09, 0x3E, 0xA7, 0x2E, 0xCB, 0x32, 0x49, 0x92, 0x24, 0x99, 0x7D, 0x82, 0x20, 0x10, 0x50, 0x82, 0x68, 0x65, 0x9A, 0xA6,
    0x73, 0x3C, 0xEF, 0xFB, 0x1C, 0x77, 0x0C, 0xBA, 0xEF, 0x73, 0x1C, 0xA7, 0x6B, 0xBC, 0xAA, 0x6A, 0x7E, 0xC7, 0x71, 0x9B, 0xE2, 0xBA, 0x27, 0x31,
    0x19, 0x2B, 0xCB, 0x7A, 0xDF, 0xF7, 0x3D, 0xDF, 0xFF, 0xFF, 0xFF, 0xF7, 0x7A, 0xDF, 0xF7, 0x3D, 0x3C, 0x66, 0xCB, 0xB0, 0x64, 0x53, 0x26, 0xCA,
    0xBA, 0x2C, 0xCB, 0xB2, 0xAC, 0xEB, 0x7C, 0xDF, 0xF7, 0x7D, 0xDF, 0xF7, 0x7D, 0xDF, 0xF7, 0x3D, 0xAF, 0xF7, 0xDC, 0x30, 0x18, 0xF1, 0x10, 0x0C,
    0x92, 0x39, 0xBB, 0x99, 0x31, 0x30, 0xA2, 0x37, 0xB6, 0x69, 0xBA, 0x2A, 0x02, 0x14, 0xC6, 0x08, 0x41, 0x84, 0x31, 0x9C, 0xA6, 0x6B, 0x1B, 0x87,
    0x6B, 0x9C, 0xB6, 0x73, 0x9A, 0xC2, 0xB3, 0x5C, 0xD7, 0xB2, 0x2C, 0xE3, 0xFB, 0xBD, 0xFB, 0x7B, 0x5A, 0xBA, 0x32, 0x99, 0x65, 0x19, 0x49, 0x92,
    0x24, 0x29, 0xD7, 0xB2, 0x2C, 0xCB, 0xE7, 0x03, 0xEA, 0xF4, 0xF3, 0x80, 0x7A, 0x5D, 0xCB, 0x32, 0x99, 0x50, 0x64, 0x92, 0x24, 0x08, 0x91, 0xF8,
    0xBE, 0xEF, 0xFB, 0x7B, 0x9E, 0xE7, 0xF7, 0x9D, 0xE7, 0x79, 0x9E, 0xE7, 0x79, 0x9E, 0xE7, 0x71, 0x5A, 0x22, 0x44, 0xE2, 0x90, 0x24, 0x29, 0xCB,
    0xB5, 0x5E, 0x83, 0xCF, 0x53, 0x82, 0x8F, 0x2C, 0xCB, 0x32, 0x49, 0x92, 0x64, 0x46, 0x3A, 0x04, 0xA4, 0x08, 0x04, 0x94, 0x24, 0x65, 0x5C, 0xAE,
    0x69, 0x9A, 0xC6, 0xF3, 0x8A, 0xA2, 0xF1, 0x1D, 0xFB, 0xB7, 0x9A, 0xA6, 0x69, 0xAA, 0x9A, 0xF1, 0xDC, 0xA6, 0x69, 0xBA, 0x8E, 0xCC, 0x30, 0x34,
    0x93, 0x27, 0xCB, 0x7A, 0xDF, 0xF7, 0x7D, 0xDF, 0xFF, 0xFF, 0xDF, 0xEB, 0x7A, 0xDF, 0xF7, 0x7D, 0xCF, 0xC7, 0xA6, 0xB7, 0x18, 0x5D, 0xDC, 0x16,
    0x46, 0xF6, 0x92, 0xB2, 0xAC, 0xF7, 0x3D, 0xDF, 0xF7, 0x7D, 0xDF, 0xF7, 0x7D, 0xDF, 0xF3, 0xBA, 0xAE, 0xF3, 0xE4, 0xB0, 0x78, 0xF1, 0x10, 0x18,
    0x4C, 0xA6, 0x9A, 0x12, 0xC3, 0x4C, 0x9F, 0xA8, 0xAE, 0x6B, 0x1C, 0xC7, 0x65, 0x1A, 0xC7, 0xC8, 0x53, 0xA6, 0xA9, 0x06, 0x81, 0x9A, 0x18, 0xB7,
    0xE5, 0x9A, 0xC2, 0x70, 0x0C, 0xA7, 0xB3, 0x2C, 0xCB, 0xB2, 0x5C, 0xE7, 0x79, 0xEE, 0xB7, 0x73, 0x08, 0x9D, 0x72, 0x96, 0x65, 0x24, 0x49, 0x92,
    0x24, 0x29, 0xD7, 0xB2, 0x2C, 0xEB, 0x20, 0x21, 0xCB, 0xBA, 0x0B, 0x3E, 0x4F, 0x2D, 0xCB, 0x32, 0x99, 0x7D, 0xA4, 0x92, 0x24, 0x04, 0x31, 0xEF,
    0xFB, 0xEE, 0xE7, 0x79, 0xBE, 0xEF, 0xF9, 0x9E, 0xE7, 0x79, 0x9E, 0xE7, 0x79, 0x9E, 0xB7, 0x69, 0x5A, 0x6A, 0x50, 0xF2, 0x91, 0x24, 0x29, 0xCB,
    0x72, 0xAD, 0xBB, 0xE0, 0xA3, 0xCB, 0xA0, 0x2C, 0xCB, 0x32, 0x49, 0x92, 0x5E, 0x46, 0x2A, 0x04, 0x00, 0x08, 0x42, 0x02, 0x25, 0x65, 0x5C, 0xCE,
    0xE9, 0xBA, 0xAE, 0x76, 0xDC, 0xAA, 0xF3, 0xEE, 0xFB, 0xF7, 0x1D, 0xCF, 0x73, 0xAC, 0xCE, 0xFB, 0x9C, 0xA6, 0xE9, 0x6A, 0x8E, 0xE5, 0xF8, 0x89,
    0xE2, 0x27, 0xD7, 0x7C, 0xDF, 0xF7, 0x7D, 0xDF, 0xFF, 0xFF, 0xDF, 0xEB, 0x7D, 0xDF, 0xF7, 0x7D, 0xDF, 0xF7, 0x3A, 0x2C, 0x8A, 0x4E, 0x76, 0x23,
    0x86, 0x41, 0x0C, 0xC6, 0xD2, 0x70, 0xFC, 0xDF, 0xF7, 0xFF, 0xDF, 0xF7, 0x7D, 0xCF, 0xEB, 0xBA, 0xAE, 0xF7, 0xF2, 0xB0, 0xB8, 0x47, 0x10, 0x0C,
    0x8C, 0x98, 0x0D, 0x0B, 0x23, 0x89, 0x9E, 0xB8, 0xC6, 0xA9, 0x16, 0x6A, 0x65, 0x9C, 0xC6, 0x10, 0xA1, 0xC5, 0x25, 0x54, 0xB6, 0x26, 0x9A, 0xCF,
    0x69, 0x9A, 0xA6, 0xA1, 0x56, 0x96, 0x25, 0x29, 0xCB, 0x75, 0x8D, 0xE7, 0xB7, 0xBF, 0x6B, 0x5A, 0x5A, 0x6A, 0x68, 0x96, 0x65, 0x99, 0x47, 0x66,
    0x99, 0x47, 0xD6, 0xB2, 0x2C, 0xCB, 0xE0, 0x13, 0xCA, 0x67, 0x18, 0x82, 0xA0, 0x4C, 0x92, 0x24, 0x49, 0x92, 0x59, 0x92, 0x10, 0xC4, 0xEA, 0xFB,
    0x7B, 0x9E, 0xE7, 0xFB, 0x6E, 0xDF, 0x76, 0x9E, 0xE7, 0x79, 0x9E, 0xE7, 0xF9, 0xDD, 0xA6, 0x69, 0x08, 0x21, 0x8A, 0xA6, 0x8D, 0x24, 0x29, 0x93,
    0xA4, 0x5C, 0xD7, 0xF2, 0xF3, 0x3C, 0xA0, 0x2E, 0xCB, 0x32, 0x49, 0x92, 0x59, 0x26, 0x17, 0x82, 0x40, 0x20, 0x90, 0xA6, 0x41, 0x29, 0x5C, 0xB6,
    0x30, 0xAA, 0xCE, 0xB7, 0x0D, 0x3B, 0xDD, 0xBC, 0xDB, 0x71, 0x3C, 0xC3, 0xA6, 0x7A, 0x9E, 0x66, 0x7C, 0xC7, 0xE9, 0xAC, 0x8A, 0xE2, 0xF7, 0x79,
    0xDF, 0x27, 0xD7, 0x7D, 0xDF, 0xF7, 0x7D, 0xDF, 0xFF, 0xFF, 0xDF, 0xEB, 0x7D, 0xDF, 0xF7, 0x7D, 0xDF, 0xF3, 0xBA, 0x2E, 0x8B, 0x9D, 0xBA, 0x23,
    0x0F, 0x57, 0x0C, 0x06, 0x41, 0x14, 0x0B, 0x13, 0x81, 0x4C, 0xA3, 0xE9, 0x3D, 0xAF, 0xEB, 0xBA, 0xAE, 0xEB, 0x9B, 0x31, 0xE6, 0x46, 0x10, 0x0C,
    0x86, 0xB8, 0x04, 0xC3, 0xC0, 0x88, 0x9E, 0xB8, 0xA6, 0xC8, 0x13, 0x42, 0x84, 0x92, 0xC6, 0x69, 0xB9, 0xA6, 0x29, 0xA4, 0x68, 0x65, 0x18, 0xA6,
    0x65, 0x7A, 0x97, 0xE5, 0x5A, 0x96, 0x25, 0x2B, 0xCB, 0xB2, 0x8C, 0xE7, 0xB7, 0x9F, 0x6B, 0xAD, 0x3D, 0xB7, 0xE2, 0x96, 0x65, 0x59, 0x96, 0x65,
    0xD9, 0x44, 0xCA, 0xB2, 0x2C, 0xCB, 0x2F, 0xF8, 0x3C, 0xCF, 0xF3, 0x80, 0xB2, 0x4C, 0x92, 0x32, 0x49, 0xCA, 0x9A, 0x40, 0x08, 0x84, 0x6F, 0xDB,
    0xF7, 0x6C, 0xB7, 0xF3, 0x3D, 0xE7, 0x76, 0x6A, 0xEF, 0xFB, 0x9D, 0xE7, 0x77, 0x9B, 0xA6, 0x21, 0x94, 0x10, 0x00, 0xA4, 0x41, 0x14, 0x29, 0xCB,
    0xA4, 0x2C, 0xCB, 0xB2, 0x0B, 0x82, 0x75, 0x2D, 0xCB, 0x24, 0x49, 0x92, 0x19, 0x29, 0x22, 0x04, 0x81, 0x10, 0x85, 0x92, 0x40, 0x29, 0x5C, 0xB6,
    0xA8, 0x88, 0xC6, 0xE6, 0xD9, 0x39, 0xE6, 0x7E, 0x66, 0x9E, 0xD8, 0x8E, 0x99, 0xC7, 0x48, 0x8B, 0x98, 0xAF, 0xA9, 0x1D, 0x7B, 0xDE, 0x27, 0x8E,
    0xA6, 0x28, 0xCB, 0xBA, 0x5E, 0xF7, 0x7D, 0xFF, 0xF7, 0xFD, 0xDF, 0xF3, 0x7D, 0xDF, 0xF7, 0x7D, 0xDF, 0xF7, 0xBA, 0x5E, 0xCF, 0xFB, 0x7D, 0x23,
    0x0F, 0xAB, 0x1C, 0x87, 0x11, 0x81, 0xC3, 0x40, 0x10, 0x45, 0x20, 0x20, 0x86, 0x61, 0x18, 0x45, 0x61, 0x18, 0x12, 0xD3, 0xF9, 0xCD, 0x10, 0x04,
    0x8B, 0x68, 0x04, 0x43, 0x60, 0x7C, 0x9E, 0x18, 0x2B, 0xC4, 0x1A, 0xC7, 0x91, 0x80, 0x94, 0x70, 0x19, 0xA9, 0x25, 0xD4, 0xCE, 0x73, 0xDB, 0xCE,
    0xE9, 0x9A, 0xA7, 0x71, 0x1C, 0xC3, 0xAD, 0x2C, 0xCB, 0xB2, 0x8C, 0xDB, 0xF7, 0x5E, 0xAE, 0x79, 0xA8, 0x69, 0xD9, 0x95, 0x65, 0x19, 0x49, 0x72,
    0x1C, 0x49, 0xCA, 0xB2, 0x4C, 0x92, 0xB2, 0x0C, 0x3E, 0x0F, 0x28, 0x8F, 0x32, 0x08, 0xCA, 0xA4, 0x47, 0xB2, 0xA5, 0x02, 0x08, 0x90, 0xEF, 0xFB,
    0xBE, 0xEF, 0xFB, 0xFB, 0x7E, 0xCF, 0xFB, 0x9E, 0xCF, 0xF3, 0x9E, 0xE7, 0x76, 0x9A, 0xA6, 0x1A, 0x84, 0x08, 0x80, 0x16, 0x26, 0x90, 0x47, 0x92,
    0xA4, 0x2C, 0xCB, 0xB2, 0x5C, 0xD7, 0xA4, 0x48, 0x92, 0x24, 0xC9, 0x71, 0x1C, 0x49, 0x09, 0x00, 0x40, 0x10, 0x48, 0x02, 0x85, 0x69, 0xBA, 0xAE,
    0x4E, 0x3C, 0xCF, 0x70, 0x3C, 0xAA, 0xB7, 0xEF, 0x31, 0x4B, 0x96, 0xAE, 0xA6, 0xC7, 0x18, 0x8B, 0x3A, 0xAB, 0x69, 0xAB, 0x7E, 0xA6, 0xAA, 0x8E,
    0xDE, 0x94, 0x2D, 0x86, 0x61, 0x48, 0x6F, 0xDF, 0xF3, 0x7D, 0xDF, 0xF7, 0x7D, 0xDF, 0xF7, 0x7D, 0xDF, 0xF7, 0xBA, 0x1E, 0xB7, 0xB6, 0x8D, 0x23,
    0xCF, 0x0C, 0x1D, 0x11, 0x03, 0x36, 0xC3, 0x53, 0x0C, 0x4F, 0x31, 0x3C, 0x45, 0x61, 0x18, 0x42, 0xC1, 0x2C, 0xD9, 0xB0, 0xA8, 0x8C, 0x24, 0x0D,
    0x86, 0x68, 0x04, 0x43, 0x30, 0x8C, 0x9E, 0x18, 0x23, 0x44, 0x9C, 0x86, 0xB1, 0x46, 0x3C, 0xD0, 0x43, 0xC1, 0x65, 0x68, 0xC7, 0x29, 0x1C, 0xA7,
    0xA9, 0x3A, 0xDB, 0x6A, 0x9A, 0xB6, 0x2E, 0x29, 0xCB, 0xB2, 0x8C, 0xDB, 0xF9, 0x1E, 0xB6, 0x77, 0x08, 0x29, 0x19, 0x97, 0x71, 0x8D, 0x10, 0x1C,
    0x87, 0x50, 0x9E, 0x66, 0x48, 0x51, 0x11, 0x4B, 0x7D, 0xB2, 0x2C, 0x3F, 0xE4, 0x09, 0x92, 0x32, 0x99, 0x15, 0x04, 0x04, 0x25, 0xBE, 0xEF, 0xEF,
    0xFB, 0x3C, 0xCF, 0xB3, 0xBD, 0xEF, 0x7E, 0xBE, 0xFB, 0xED, 0xBD, 0xE7, 0x6D, 0x9A, 0x86, 0x10, 0x42, 0x00, 0xC9, 0xAC, 0x10, 0x0E, 0x49, 0xCA,
    0x32, 0x49, 0x7A, 0xCD, 0xE1, 0xC9, 0x1F, 0x51, 0x34, 0xC5, 0xD1, 0x14, 0x02, 0x8B, 0x00, 0x42, 0xA1, 0x41, 0x90, 0x06, 0x95, 0x71, 0x3A, 0xB7,
    0x26, 0xCA, 0xC6, 0x30, 0x8A, 0xC6, 0xB7, 0x2F, 0x1A, 0x92, 0x19, 0xC7, 0xB1, 0xB7, 0x4C, 0xF1, 0xBE, 0xA6, 0xAD, 0x6A, 0x7A, 0x9E, 0x97, 0x31,
    0x86, 0x31, 0x18, 0x4D, 0xF7, 0x4D, 0xD3, 0xDB, 0xF7, 0x7F, 0xDF, 0xF7, 0x7D, 0xDF, 0xF7, 0x7D, 0xDF, 0xF3, 0xBA, 0x2E, 0x8E, 0x2D, 0x5E, 0x23,
    0x05, 0x0A, 0x4D, 0x5F, 0x59, 0x1A, 0xCF, 0x63, 0x18, 0xC7, 0xB3, 0x2C, 0x86, 0xB1, 0x18, 0x85, 0x82, 0x66, 0xD9, 0x68, 0x96, 0x8C, 0xE7, 0x1A,
    0x86, 0x68, 0x04, 0x43, 0x30, 0x88, 0x9E, 0x18, 0x43, 0x04, 0xA1, 0x94, 0x6B, 0x1C, 0x42, 0x8F, 0x06, 0xC7, 0x65, 0x08, 0x97, 0x69, 0x9C, 0xC6,
    0x71, 0x39, 0xE7, 0xEB, 0x9A, 0xCE, 0xA8, 0x2C, 0xCB, 0xB2, 0x8C, 0xDF, 0x77, 0x1E, 0xAE, 0xB6, 0x06, 0x11, 0x82, 0x00, 0x00, 0x00, 0x00, 0x00,
    0x00, 0xA0, 0x69, 0x10, 0x42, 0x10, 0x82, 0x20, 0x10, 0x05, 0xD1, 0xBC, 0x54, 0xF1, 0x91, 0x64, 0x53, 0x10, 0x82, 0x00, 0xCD, 0xFE, 0x9E, 0xDF,
    0x73, 0x6B, 0xEF, 0xFB, 0x6D, 0xCF, 0x76, 0xBE, 0xFB, 0x7E, 0x3B, 0xE7, 0x6D, 0x5A, 0x6A, 0x10, 0x21, 0x08, 0x82, 0x00, 0x69, 0x67, 0xE4, 0x78,
    0x1E, 0x19, 0x11, 0x82, 0x20, 0x40, 0x10, 0x82, 0x10, 0x82, 0x00, 0x00, 0x4A, 0x48, 0x10, 0x04, 0xA4, 0x25, 0x48, 0x92, 0x94, 0x70, 0x6A, 0xCF,
    0x31, 0x8B, 0xA2, 0x5D, 0xE7, 0x74, 0xE8, 0x9C, 0x7F, 0xE2, 0x3C, 0xC7, 0xB0, 0x1D, 0x8F, 0xEA, 0x3D, 0xCF, 0xB7, 0x39, 0x66, 0x4C, 0x66, 0x9A,
    0xA6, 0xE8, 0x7D, 0xA2, 0x28, 0x8A, 0x63, 0xDC, 0xF7, 0x7D, 0xDF, 0xF7, 0x7D, 0xDF, 0xF7, 0x7D, 0xDF, 0xF3, 0xBA, 0x2E, 0x79, 0x33, 0x5E, 0x17,
    0x84, 0x58, 0x4C, 0xA2, 0x88, 0x1A, 0x11, 0x78, 0x30, 0x14, 0x58, 0x18, 0x1A, 0xD3, 0x44, 0x85, 0x82, 0x8B, 0xF6, 0x3D, 0xAA, 0x6E, 0xDE, 0x04,
    0x86, 0x67, 0x0C, 0x43, 0x30, 0x88, 0x9F, 0xD8, 0xB6, 0x50, 0x11, 0xC6, 0xAA, 0x1A, 0xC3, 0x30, 0xBC, 0xC2, 0x69, 0x5A, 0x2A, 0x5A, 0x08, 0xA5,
    0x73, 0x59, 0xE6, 0x2D, 0xB4, 0xAE, 0xA7, 0x2C, 0xCB, 0xB2, 0x8C, 0xCF, 0xE9, 0x1D, 0x96, 0xB3, 0x96, 0x08, 0x00, 0x00, 0x00, 0x00, 0x00, 0x00,
    0x80, 0x50, 0x86, 0x88, 0x20, 0x08, 0x04, 0x51, 0xCE, 0x25, 0x21, 0x08, 0x84, 0x20, 0x10, 0x05, 0x41, 0x08, 0x00, 0xA2, 0xF9, 0xFE, 0xBE, 0xFB,
    0x7E, 0x7E, 0xEF, 0x7E, 0xBE, 0xEF, 0xF6, 0x6C, 0xE7, 0x79, 0x9E, 0xA6, 0x2B, 0x5C, 0x42, 0x09, 0x41, 0x08, 0x00, 0x10, 0x86, 0x10, 0x21, 0x10,
    0x84, 0x40, 0x08, 0x84, 0xA6, 0x69, 0x65, 0x6B, 0xA7, 0xA1, 0x22, 0x40, 0x29, 0x01, 0x69, 0x02, 0x41, 0x24, 0x49, 0x02, 0xA5, 0x70, 0xDA, 0x6A,
    0xB3, 0x2F, 0x1A, 0x4B, 0xC7, 0x34, 0x1D, 0x3A, 0xDF, 0x6A, 0xDA, 0x8E, 0x95, 0x38, 0x0D, 0xCC, 0x1D, 0xCF, 0xAD, 0x39, 0xAA, 0xEA, 0xF8, 0x7D,
    0xE2, 0x27, 0x7E, 0x9E, 0xE7, 0x8D, 0x2A, 0xDD, 0xF7, 0x7D, 0xDF, 0xF7, 0x7D, 0xDF, 0xF7, 0x7D, 0xDF, 0xEB, 0xBA, 0xCE, 0x78, 0xB7, 0x2E, 0x17,
    0x84, 0x58, 0x1C, 0x94, 0x37, 0xAB, 0x12, 0x05, 0x36, 0x20, 0xB8, 0x44, 0x20, 0x43, 0x51, 0x10, 0xC4, 0xE3, 0xF8, 0x7D, 0xEF, 0x9D, 0x31, 0x0C,
    0x8B, 0x37, 0x0C, 0x43, 0x30, 0x5C, 0x9E, 0x38, 0xAA, 0x71, 0x1C, 0xAF, 0x0A, 0xA2, 0x85, 0x5A, 0x58, 0x96, 0x65, 0xAB, 0x69, 0x6B, 0xB9, 0x86,
    0xDA, 0xBA, 0xE6, 0x6D, 0x69, 0xE7, 0xB8, 0x2C, 0xCB, 0xB2, 0x1C, 0xA7, 0xF3, 0xAD, 0xA5, 0xB3, 0x96, 0x08, 0x82, 0x20, 0x00, 0x00, 0x00, 0x00,
    0x50, 0x7E, 0xCF, 0xAB, 0xA6, 0x68, 0xED, 0x9E, 0xCF, 0xF9, 0x5E, 0x26, 0x5A, 0x22, 0x00, 0x82, 0x40, 0x10, 0xC8, 0xEA, 0xFB, 0xBE, 0x9F, 0xEF,
    0xFE, 0x7D, 0xDF, 0xFE, 0x7D, 0xE7, 0xFE, 0x6D, 0xDB, 0x79, 0x6E, 0xAF, 0x69, 0xAA, 0x25, 0x88, 0x00, 0x00, 0x00, 0x12, 0x42, 0x88, 0x20, 0x10,
    0x09, 0x91, 0x94, 0xE1, 0xBD, 0xE7, 0xF3, 0xDC, 0xC2, 0x31, 0x3C, 0xEF, 0x88, 0x40, 0x20, 0x00, 0x20, 0x10, 0x08, 0xA4, 0x41, 0xE1, 0x9A, 0x42,
    0xE2, 0xDC, 0x0C, 0x4B, 0xD7, 0x75, 0xA8, 0x0A, 0xDF, 0x7E, 0x9C, 0xA6, 0x22, 0x63, 0x0C, 0x8D, 0x9D, 0xA6, 0xEB, 0xE8, 0x7D, 0x9E, 0xE7, 0x7D,
    0x9E, 0xF7, 0x89, 0xA3, 0xDA, 0xE6, 0x36, 0xFB, 0xF7, 0x7D, 0xDF, 0xF7, 0x7D, 0xDF, 0xF7, 0x7D, 0xDF, 0xEB, 0xBA, 0x6C, 0x78, 0xB3, 0x8C, 0x16,
    0x0F, 0x8A, 0x1C, 0xCD, 0x97, 0xA6, 0x93, 0xF1, 0x80, 0x60, 0xC4, 0x50, 0xCC, 0xF4, 0x34, 0x8F, 0xC2, 0xF3, 0x7A, 0xAA, 0xE6, 0x46, 0x30, 0x04,
    0x83, 0x31, 0x0C, 0x43, 0x10, 0x18, 0x99, 0xE8, 0x89, 0xE2, 0x67, 0x96, 0x84, 0x96, 0x96, 0x65, 0xD8, 0xCE, 0xAB, 0x5D, 0xC6, 0x73, 0x1C, 0xB7,
    0x69, 0x3E, 0xDF, 0xB6, 0xAA, 0xB6, 0xB4, 0x2C, 0xCB, 0x27, 0xDB, 0xA6, 0xF3, 0xAA, 0xCD, 0x25, 0x84, 0x08, 0x82, 0x00, 0x00, 0x00, 0x00, 0x10,
    0x76, 0x7E, 0xCF, 0xF3, 0x7E, 0xDB, 0xF6, 0x9C, 0xAA, 0xED, 0xBD, 0xEF, 0x77, 0x7E, 0x97, 0x65, 0x3A, 0xDB, 0xB9, 0xEF, 0xFB, 0x7E, 0x3E, 0xDF,
    0xF9, 0x3C, 0xDB, 0x7B, 0x7E, 0xE7, 0xFE, 0xBD, 0xE7, 0xF3, 0xBD, 0xDF, 0x65, 0xAA, 0x41, 0x88, 0x00, 0x00, 0x45, 0x5B, 0xA6, 0xF6, 0xBC, 0xB6,
    0x73, 0x9B, 0xC6, 0xF7, 0x3D, 0xAF, 0x69, 0x9A, 0x96, 0x5A, 0xB9, 0x42, 0x82, 0x40, 0x10, 0x80, 0x56, 0x96, 0x65, 0xA8, 0xCD, 0xA9, 0x9D, 0xA6,
    0xDF, 0xD8, 0x75, 0x23, 0xAA, 0xC2, 0xF3, 0x7C, 0xDF, 0xF7, 0x9D, 0xAE, 0x6D, 0x66, 0x38, 0xF7, 0x1C, 0xC7, 0xAB, 0xFA, 0x89, 0xA6, 0x29, 0x8A,
    0xE6, 0x28, 0xA2, 0xA3, 0xE8, 0x38, 0x8E, 0xF4, 0xF2, 0x7D, 0xDF, 0xF7, 0x7D, 0xDF, 0xF7, 0x7D, 0xDF, 0xEB, 0x3C, 0x37, 0x88, 0xB6, 0x2E, 0x17,
    0xCF, 0x0C, 0x35, 0xD3, 0x24, 0x4A, 0x2A, 0x33, 0x40, 0xA1, 0x97, 0x8E, 0x55, 0x56, 0x1C, 0x4F, 0xC4, 0xEB, 0xE4, 0x34, 0x7E, 0x46, 0x30, 0x0C,
    0x41, 0x30, 0x0C, 0x43, 0x10, 0x34, 0xE2, 0xF7, 0x7D, 0x9E, 0xF7, 0x51, 0x50, 0x1C, 0xC3, 0x70, 0x9A, 0xAE, 0x69, 0xBC, 0x96, 0x69, 0x9A, 0xA6,
    0x6B, 0xAA, 0xCE, 0xF9, 0x9A, 0xAE, 0xF2, 0x38, 0x42, 0x88, 0x36, 0xAB, 0xF3, 0x1A, 0xDE, 0x61, 0x82, 0x00, 0x00, 0x00, 0x00, 0x42, 0xD1, 0xE6,
    0xF3, 0x9C, 0x96, 0x61, 0x3A, 0xDF, 0xB3, 0x9A, 0xA6, 0x69, 0x99, 0xB6, 0xF3, 0x3C, 0xEF, 0xB9, 0x7D, 0xE7, 0xBB, 0xEF, 0xFB, 0x79, 0x6B, 0xCF,
    0xF3, 0x3C, 0xCF, 0xF7, 0x3C, 0xCF, 0xF6, 0x3C, 0xEF, 0x79, 0x9B, 0xEF, 0x6D, 0x5A, 0x26, 0x84, 0x00, 0x14, 0xAD, 0xA6, 0xDD, 0xB7, 0x3D, 0xC7,
    0x69, 0x59, 0xCE, 0x79, 0x9A, 0xA6, 0x69, 0x9A, 0xB6, 0xB3, 0x8D, 0x20, 0x08, 0x92, 0x10, 0x44, 0x1C, 0xC7, 0x71, 0x9A, 0xC6, 0x69, 0xDC, 0x96,
    0x63, 0x87, 0xC2, 0x71, 0x3C, 0xDF, 0xF7, 0xEC, 0xFB, 0xBB, 0x1F, 0xA7, 0xAB, 0xEA, 0xEE, 0xBB, 0x7D, 0xDB, 0x69, 0x6B, 0xAA, 0xAD, 0xF9, 0x65,
    0x93, 0xC4, 0x18, 0xC3, 0x30, 0x0C, 0xC3, 0x30, 0x7C, 0x75, 0xDF, 0xF7, 0x7D, 0xDF, 0xF7, 0x7D, 0xDF, 0xEB, 0x3D, 0x33, 0xB8, 0x78, 0x2D, 0x17,
    0x4F, 0x0C, 0x79, 0xDF, 0xA7, 0x31, 0x62, 0x19, 0x14, 0x1E, 0x2A, 0x8A, 0xD4, 0x71, 0x1C, 0x0F, 0xC8, 0xD7, 0x8C, 0x21, 0x3A, 0x41, 0x30, 0x0C,
    0xC3, 0x30, 0x0C, 0x43, 0x30, 0x88, 0xDF, 0xF7, 0x7D, 0xDF, 0xF7, 0x51, 0x61, 0x9C, 0xA6, 0x69, 0x0A, 0xC7, 0x70, 0x9C, 0xAF, 0x71, 0x5A, 0xA6,
    0x69, 0x5A, 0x96, 0xED, 0x9C, 0xA6, 0x61, 0x92, 0x24, 0x08, 0xA4, 0xA6, 0x71, 0xA9, 0x69, 0x48, 0x42, 0x00, 0x00, 0x00, 0x00, 0xE5, 0x9E, 0xAF,
    0xAA, 0x5A, 0x86, 0x6D, 0xEE, 0xE7, 0xF9, 0x9C, 0x96, 0xAB, 0xBD, 0xE7, 0xAD, 0x9A, 0xB6, 0x6B, 0x3A, 0xEF, 0xBE, 0xEF, 0xEF, 0xF3, 0xEC, 0xE7,
    0x79, 0x7E, 0xEF, 0xFB, 0x6C, 0xDB, 0xF9, 0x1C, 0xDF, 0xBB, 0xBD, 0xEE, 0x7B, 0x18, 0x26, 0x84, 0x00, 0xB4, 0x50, 0xD2, 0xC6, 0xA9, 0x9A, 0xA6,
    0x61, 0x99, 0xFB, 0xBB, 0x1D, 0xDB, 0xF9, 0x6E, 0xE7, 0x79, 0x4A, 0x20, 0x82, 0x40, 0x10, 0x10, 0x9C, 0xA6, 0x69, 0x0A, 0xC7, 0x71, 0x9C, 0xB7,
    0x23, 0x1A, 0xAB, 0xF3, 0x9E, 0xCF, 0xF9, 0xBE, 0xFB, 0xBE, 0xBF, 0xA7, 0xF3, 0x6D, 0x77, 0xE8, 0x3D, 0xCF, 0xEB, 0x98, 0x65, 0x8B, 0x61, 0x30,
    0x92, 0x61, 0x18, 0xCD, 0x38, 0x7A, 0xA3, 0x97, 0x79, 0x2E, 0xDF, 0xF7, 0x7D, 0xDF, 0xF7, 0x7D, 0xDF, 0xEB, 0xBD, 0x61, 0xA8, 0xB5, 0x2E, 0x17,
    0x90, 0xD6, 0x88, 0xE2, 0xFA, 0x40, 0x92, 0xD9, 0x0D, 0x5E, 0xFC, 0x51, 0xCF, 0x71, 0x44, 0x20, 0xC8, 0xEB, 0xCB, 0x20, 0x76, 0x41, 0x10, 0x04,
    0xC1, 0x30, 0x04, 0x41, 0x60, 0x88, 0xDF, 0xF7, 0x89, 0x24, 0xF9, 0x9D, 0x36, 0x9C, 0xC2, 0x69, 0x5A, 0x6A, 0x65, 0x59, 0x96, 0xA1, 0xA6, 0xAD,
    0x73, 0x09, 0x69, 0x61, 0x59, 0x96, 0x50, 0x92, 0x24, 0x09, 0xD4, 0xA6, 0x6D, 0xA9, 0x95, 0x9A, 0x86, 0x00, 0x00, 0x80, 0xD8, 0xB6, 0xEF, 0xE7,
    0xF3, 0x7C, 0xEF, 0xBE, 0xBF, 0xDF, 0xB6, 0x9D, 0xEF, 0xBE, 0xEF, 0xEF, 0xF3, 0x9A, 0xAA, 0x69, 0xEE, 0xFB, 0xBE, 0x9F, 0xE7, 0x73, 0x9B, 0xDF,
    0xBB, 0x7F, 0xEF, 0xF9, 0x7D, 0xE7, 0xFB, 0xDD, 0xDE, 0xF7, 0x9E, 0xB6, 0x7E, 0xAB, 0x25, 0x04, 0x00, 0x85, 0x90, 0x06, 0xAB, 0x6A, 0xBB, 0xB6,
    0xF3, 0x7E, 0xEF, 0xBE, 0x9F, 0xDB, 0xF6, 0x3D, 0xA7, 0x69, 0x09, 0x11, 0x82, 0x80, 0x40, 0x25, 0x0C, 0xC3, 0x69, 0x5A, 0x86, 0x61, 0x58, 0x96,
    0x68, 0x1C, 0x87, 0xB3, 0xBD, 0xAE, 0xB6, 0xEF, 0xFB, 0xBE, 0xBF, 0xA7, 0x69, 0xAA, 0x1A, 0x8C, 0x9D, 0xA6, 0xEB, 0x28, 0x76, 0x5D, 0x36, 0x89,
    0xE6, 0xF8, 0x8D, 0xA8, 0x28, 0x8A, 0xA2, 0x27, 0x4D, 0xA6, 0xDC, 0xF7, 0x7D, 0xDF, 0xF7, 0x7D, 0xDF, 0xEB, 0xB5, 0xB1, 0xCC, 0xB5, 0x4E, 0x11,
    0x28, 0xD8, 0x88, 0x1F, 0xF8, 0x3C, 0xC8, 0x32, 0x77, 0xEA, 0x6A, 0x82, 0xCF, 0x42, 0x51, 0x20, 0xC8, 0xEB, 0x86, 0x71, 0x76, 0x41, 0x10, 0x04,
    0xC1, 0x10, 0x04, 0x41, 0xB0, 0x88, 0xDF, 0x27, 0x46, 0x04, 0x51, 0x28, 0x61, 0x59, 0x96, 0x73, 0x1B, 0x96, 0x65, 0xA9, 0x95, 0x65, 0x59, 0xDA,
    0x79, 0x09, 0xC3, 0x71, 0x9C, 0xC6, 0x1A, 0x02, 0x69, 0xE1, 0x3A, 0xB7, 0xFB, 0x1A, 0xFA, 0xF3, 0xAA, 0x00, 0x00, 0x20, 0x68, 0xE9, 0x6C, 0xFB,
    0x7B, 0xEE, 0xEF, 0xBB, 0x3D, 0xCF, 0x6A, 0x3A, 0xCF, 0x73, 0xBE, 0xEF, 0xFE, 0x6E, 0xDB, 0xBB, 0xEF, 0xFB, 0xFE, 0x7E, 0xE7, 0xED, 0x9A, 0xDF,
    0xF9, 0x7D, 0xDF, 0x77, 0xBE, 0xDF, 0x77, 0xDB, 0xDE, 0xF7, 0x6E, 0x97, 0xBB, 0x0D, 0x25, 0x02, 0xA0, 0x69, 0x61, 0xDC, 0xE6, 0xF9, 0x9D, 0xEF,
    0xF9, 0xAC, 0xAE, 0x77, 0x3B, 0xDF, 0xA9, 0x9A, 0xA6, 0x70, 0x48, 0x10, 0x00, 0x20, 0x20, 0x5A, 0x58, 0x96, 0xED, 0x1C, 0x96, 0xA5, 0xA6, 0x69,
    0x71, 0x6C, 0xCF, 0xEB, 0x9A, 0xE7, 0xBE, 0xEF, 0xFB, 0xBE, 0xBF, 0xAF, 0xAD, 0x2A, 0x65, 0xF1, 0x9A, 0xA6, 0xA9, 0x89, 0x8E, 0xE3, 0x28, 0x7E,
    0x9E, 0x27, 0x7E, 0xDE, 0xE7, 0x65, 0x5E, 0xC6, 0x98, 0xA6, 0xDC, 0xF7, 0x7D, 0xDF, 0xF7, 0x7D, 0xCF, 0xF3, 0xAF, 0xE1, 0xCD, 0x7C, 0x5D, 0x10,
    0xA9, 0xB6, 0x7C, 0xDE, 0x0A, 0x3E, 0x4F, 0xE1, 0xE4, 0xA3, 0xB7, 0x82, 0x4F, 0x44, 0x89, 0x20, 0xD4, 0xCB, 0x83, 0x71, 0x3A, 0x41, 0x10, 0x04,
    0x41, 0x10, 0x04, 0x41, 0x30, 0x89, 0x9E, 0x18, 0x25, 0x9A, 0x06, 0x69, 0x6B, 0xDA, 0x96, 0xF6, 0x5C, 0xCE, 0x31, 0x0C, 0xCF, 0x37, 0x1C, 0xC7,
    0x73, 0x99, 0xA6, 0x69, 0x0A, 0x97, 0x09, 0x04, 0x41, 0x09, 0xA4, 0xDA, 0x7E, 0xAB, 0xDD, 0x5A, 0x22, 0x00, 0x00, 0x40, 0x24, 0x50, 0xA9, 0xCE,
    0x73, 0x7B, 0xB7, 0x6D, 0xAC, 0xA6, 0x69, 0x9A, 0xA6, 0xE9, 0x6D, 0xA7, 0xF3, 0xBE, 0xDF, 0x6D, 0xEB, 0xFB, 0xB9, 0x3D, 0xE7, 0xED, 0xBA, 0xFB,
    0xFB, 0xBD, 0xFB, 0x77, 0xBE, 0xDF, 0xFB, 0x3A, 0xE7, 0xF7, 0x9E, 0x97, 0x73, 0x9E, 0x10, 0x80, 0x90, 0xB6, 0xF6, 0x7E, 0xEF, 0xFB, 0xBC, 0xDA,
    0x73, 0x9A, 0xA6, 0xAD, 0x6A, 0xE7, 0x6B, 0x9A, 0xA6, 0x70, 0x48, 0x08, 0x85, 0x16, 0x96, 0x6B, 0xD9, 0xA6, 0xB3, 0x5D, 0xCE, 0x71, 0x1C, 0xC7,
    0x7E, 0xEE, 0xFB, 0x79, 0xEE, 0xFB, 0xBE, 0xEF, 0xFB, 0xB9, 0x9F, 0xDF, 0x79, 0x2C, 0xC6, 0x7B, 0x9B, 0xA6, 0xEB, 0xE8, 0x79, 0x9E, 0xF7, 0x7D,
    0xA6, 0xD9, 0xB6, 0xA3, 0xF8, 0x65, 0xDE, 0x68, 0xA6, 0x65, 0xDD, 0xF7, 0x7D, 0xDF, 0xF7, 0x7D, 0xAF, 0xF3, 0x24, 0x23, 0xDA, 0xB8, 0x7C, 0x20,
    0xE5, 0xD1, 0x94, 0x66, 0x1B, 0x3E, 0x0F, 0x72, 0x94, 0xD4, 0x08, 0x82, 0x94, 0x46, 0xA1, 0xD0, 0xD8, 0xCB, 0x03, 0x73, 0x76, 0x41, 0x10, 0x04,
    0x41, 0x10, 0x04, 0x41, 0x90, 0x89, 0x9E, 0xA8, 0x68, 0x6B, 0x18, 0x86, 0x29, 0x0C, 0xAB, 0xB3, 0x9D, 0xAA, 0x69, 0x9A, 0xA6, 0x69, 0x9A, 0xA6,
    0xF3, 0x9C, 0xA6, 0x69, 0x7C, 0xA7, 0x49, 0x92, 0x24, 0x09, 0x04, 0xAF, 0x79, 0x09, 0xD9, 0x10, 0x02, 0x00, 0x00, 0x00, 0x25, 0x09, 0x54, 0xC2,
    0x69, 0x9A, 0xAE, 0xF6, 0x9A, 0xA6, 0x69, 0x9A, 0xA6, 0x69, 0x1B, 0xA7, 0x6A, 0x3B, 0xC3, 0x61, 0xEE, 0xFB, 0x73, 0x09, 0x95, 0x73, 0xD9, 0xB6,
    0xEB, 0xDA, 0xB6, 0xF6, 0x7D, 0xE7, 0x7E, 0x39, 0xE7, 0xF7, 0xED, 0xB7, 0x6B, 0x0E, 0x11, 0x00, 0x51, 0x96, 0xA9, 0x7D, 0xCF, 0x69, 0xAA, 0xA6,
    0x69, 0x9A, 0xA6, 0x69, 0x1A, 0xA7, 0xE9, 0x9A, 0xA6, 0x70, 0x48, 0x10, 0xE5, 0x1C, 0xC7, 0x31, 0x0C, 0xAB, 0xB1, 0xBD, 0xAA, 0x69, 0x9A, 0xA6,
    0xB9, 0xEF, 0xFB, 0xBE, 0xEF, 0xFB, 0xBE, 0xBF, 0xDF, 0xFE, 0x1D, 0xC7, 0xA8, 0xE8, 0x99, 0x71, 0x1C, 0xA7, 0x6B, 0x3A, 0xA2, 0xAA, 0xE9, 0x99,
    0xEA, 0xF8, 0x4D, 0x8C, 0x61, 0x18, 0x8B, 0xE1, 0xA8, 0x2D, 0xCA, 0xF7, 0x7D, 0xDF, 0xF7, 0x7D, 0xAF, 0xF3, 0xE4, 0xF4, 0xE1, 0xB5, 0x5C, 0x68,
    0x6B, 0x31, 0x34, 0xA3, 0x2A, 0x42, 0xC8, 0x63, 0x18, 0x5E, 0x0C, 0x82, 0x54, 0xE4, 0xAD, 0x90, 0xCE, 0xCB, 0x83, 0x14, 0x77, 0x41, 0x10, 0x04,
    0x41, 0x10, 0x04, 0x41, 0x90, 0x89, 0x62, 0xA4, 0xC4, 0x9A, 0xA6, 0x69, 0xE1, 0xBA, 0xCE, 0xF9, 0x7E, 0xC3, 0xE9, 0x7C, 0xCF, 0xF6, 0x1A, 0xDF,
    0x77, 0xDA, 0xA6, 0x61, 0x59, 0x6A, 0x49, 0x92, 0x24, 0x09, 0x04, 0xA7, 0xB7, 0x96, 0xB4, 0x10, 0x02, 0x00, 0x80, 0x90, 0x24, 0x49, 0xA2, 0xA5,
    0x69, 0x9A, 0xAE, 0x6D, 0x9A, 0xA6, 0x69, 0x9A, 0xA6, 0x69, 0x9A, 0xA6, 0x69, 0x9A, 0xA6, 0x5A, 0xEE, 0xFB, 0x73, 0x18, 0x42, 0x50, 0x3B, 0xB7,
    0xF3, 0xDC, 0xB6, 0x6B, 0x59, 0xAE, 0xE5, 0x7A, 0xDF, 0xF7, 0xBD, 0xB7, 0x6D, 0x8E, 0x08, 0x82, 0xA6, 0x41, 0x61, 0xDA, 0xA6, 0x69, 0x6A, 0xDF,
    0x76, 0x9B, 0xA6, 0x69, 0x9A, 0xA6, 0x69, 0x9A, 0xA6, 0x6B, 0x28, 0x28, 0x6D, 0x9A, 0xAA, 0x69, 0xBA, 0xB6, 0xF7, 0x7E, 0xAF, 0x69, 0x7C, 0xCF,
    0x99, 0xBB, 0xFB, 0xBE, 0xEF, 0xFB, 0xBE, 0xBF, 0xEF, 0xF7, 0x3D, 0xAF, 0x1E, 0x63, 0x18, 0xCC, 0x34, 0xA6, 0xAB, 0x3A, 0x7A, 0x5F, 0xC6, 0x30,
    0x86, 0xB1, 0x2C, 0x86, 0x31, 0x89, 0xE3, 0x27, 0x99, 0xED, 0xA8, 0xF7, 0x7D, 0xDF, 0xF7, 0x7D, 0xAF, 0xF3, 0x9C, 0xF4, 0xE1, 0xBA, 0xAE, 0x68,
    0x65, 0x51, 0x40, 0x54, 0x59, 0x36, 0xCD, 0x31, 0x1C, 0x65, 0x9B, 0xAE, 0xD1, 0x91, 0x95, 0x48, 0xDD, 0xCB, 0x83, 0x37, 0x06, 0xC1, 0x30, 0x04,
    0x41, 0x10, 0x04, 0x41, 0x90, 0x89, 0x62, 0xA1, 0xC4, 0x65, 0xB9, 0xAE, 0xAB, 0x7D, 0xB7, 0x69, 0x3B, 0xAF, 0x69, 0xA9, 0x41, 0x6B, 0xA9, 0x69,
    0x9A, 0x16, 0x6A, 0x50, 0x98, 0x6A, 0x49, 0x92, 0x24, 0x50, 0x08, 0xC7, 0xB9, 0xA6, 0xE5, 0x10, 0x01, 0x00, 0x00, 0xA2, 0x41, 0x09, 0x02, 0x95,
    0x70, 0x9A, 0xA6, 0x69, 0x9A, 0xA6, 0x69, 0x9A, 0xA6, 0x69, 0x9A, 0xA6, 0x69, 0x0A, 0x97, 0x5A, 0xEE, 0xDF, 0xA1, 0x3D, 0xAF, 0x0A, 0x34, 0xE7,
    0xF9, 0x7A, 0xEF, 0xB7, 0x6D, 0xDF, 0xF7, 0x7D, 0xDF, 0xF7, 0x9D, 0xAF, 0x6B, 0x8E, 0x08, 0x44, 0x09, 0x25, 0x50, 0x98, 0xAE, 0x69, 0x6B, 0xCF,
    0xED, 0x9A, 0xA6, 0x30, 0x9C, 0xA6, 0x69, 0x9A, 0xC2, 0x25, 0x84, 0x84, 0x70, 0x3A, 0xCF, 0xF3, 0x7D, 0xCF, 0x69, 0x3B, 0xB7, 0x69, 0xAA, 0x25,
    0x53, 0xF6, 0xB9, 0xAE, 0x3B, 0xEF, 0xBB, 0xBF, 0xDB, 0xF3, 0x3C, 0x9B, 0x9E, 0xC4, 0x4C, 0x0C, 0x93, 0xA5, 0xAB, 0x28, 0x2D, 0xC6, 0x34, 0x76,
    0x4E, 0xE3, 0x89, 0xE6, 0x9C, 0x9A, 0xA2, 0xE7, 0xA5, 0xED, 0xA8, 0xF7, 0x7D, 0xDF, 0xF7, 0x7D, 0xCF, 0xEB, 0x4B, 0x17, 0xE3, 0x7C, 0x5D, 0x84,
    0x31, 0xAA, 0xB6, 0x20, 0x48, 0x45, 0xCD, 0x31, 0x1C, 0xE1, 0xA8, 0xB6, 0x4D, 0xD1, 0x80, 0x8F, 0xCE, 0xCB, 0x86, 0x67, 0x06, 0xC1, 0x30, 0x0C,
    0xC3, 0x30, 0x0C, 0x43, 0x30, 0x89, 0x11, 0x32, 0xDF, 0xB6, 0x3D, 0xAF, 0x6B, 0xA9, 0x85, 0x9A, 0xA6, 0x41, 0x9A, 0x16, 0xAE, 0x25, 0x94, 0x84,
    0x6B, 0x59, 0xA6, 0xDA, 0x7A, 0xA7, 0x49, 0x92, 0x68, 0x5A, 0x59, 0x6A, 0x10, 0x81, 0x10, 0x88, 0x86, 0x08, 0x80, 0x56, 0x6A, 0x50, 0x92, 0x68,
    0x29, 0x9C, 0xA6, 0x69, 0x9A, 0xA6, 0x69, 0x0A, 0xA7, 0x69, 0x9A, 0xA6, 0x69, 0x5A, 0x6A, 0xA5, 0xEF, 0xCF, 0xED, 0x3C, 0xDF, 0xAB, 0x56, 0xA6,
    0x9A, 0x56, 0xA6, 0xEB, 0xBD, 0xFB, 0xF3, 0x7D, 0xDF, 0xF7, 0x3D, 0x97, 0xED, 0x8C, 0x00, 0x42, 0x99, 0x68, 0x25, 0xA4, 0xA5, 0x6B, 0x5A, 0xA6,
    0x69, 0x9A, 0xA6, 0x65, 0x99, 0xC2, 0x30, 0x0C, 0xA7, 0xA1, 0x96, 0xCE, 0xF6, 0x3C, 0xCF, 0xEB, 0x5A, 0x86, 0x9A, 0xA6, 0x41, 0x90, 0x16, 0x96,
    0x8C, 0x61, 0x18, 0xC3, 0x30, 0x98, 0xF1, 0xD8, 0x75, 0xD9, 0x34, 0x4D, 0x93, 0x61, 0x18, 0x83, 0x61, 0x0C, 0x9D, 0xEA, 0x65, 0xE2, 0x38, 0x8E,
    0xA6, 0xF8, 0x79, 0x99, 0x28, 0x7A, 0x5E, 0x36, 0xB6, 0xAB, 0xA9, 0xF7, 0x7D, 0xDF, 0xF7, 0x7D, 0xDF, 0xCB, 0x43, 0x97, 0xE3, 0xBC, 0x27, 0x40,
    0xE1, 0xA3, 0x28, 0x69, 0x09, 0x15, 0x84, 0x20, 0x80, 0x14, 0x85, 0x66, 0x51, 0x61, 0x3C, 0x88, 0xCE, 0x73, 0x86, 0xA7, 0x06, 0x41, 0x10, 0x04,
    0x41, 0x30, 0x18, 0xC3, 0x90, 0x91, 0x88, 0xA0, 0x10, 0x02, 0x41, 0x08, 0x42, 0x91, 0x94, 0xF6, 0x3C, 0xB7, 0x6D, 0x6A, 0xDB, 0x65, 0x9B, 0xC6,
    0x73, 0xBC, 0xC6, 0x69, 0xAA, 0x96, 0x49, 0x02, 0x41, 0x04, 0x92, 0x20, 0x10, 0x94, 0x08, 0xCA, 0xDC, 0x26, 0x42, 0xA9, 0x69, 0x50, 0x92, 0x24,
    0x5A, 0xBA, 0xA6, 0x30, 0x0C, 0xC3, 0xF0, 0x9A, 0xA6, 0x69, 0x9A, 0xA6, 0x65, 0x19, 0x26, 0xA5, 0xEF, 0xDF, 0xF3, 0xBD, 0x96, 0xA5, 0x96, 0xA6,
    0x4A, 0xA9, 0x69, 0x5A, 0x39, 0xDB, 0x65, 0x7E, 0xDF, 0x77, 0xDE, 0x96, 0xF7, 0x8C, 0x00, 0x42, 0x99, 0x40, 0x29, 0x94, 0x68, 0x65, 0x0A, 0xAF,
    0x69, 0x9A, 0x86, 0x9A, 0xA6, 0x95, 0x69, 0xA9, 0x69, 0x5A, 0x99, 0x96, 0xED, 0x1C, 0x96, 0x1A, 0x04, 0x69, 0xF6, 0x3C, 0xB7, 0x6D, 0x3A, 0xDF,
    0x99, 0x37, 0x49, 0x0C, 0x33, 0x8C, 0xDD, 0x60, 0x18, 0x83, 0x61, 0x18, 0x86, 0x61, 0x18, 0x86, 0x24, 0x19, 0x1F, 0xEA, 0x7D, 0xA3, 0xE9, 0x65,
    0x9E, 0xE7, 0x7D, 0x9F, 0x27, 0x9A, 0xA3, 0xB9, 0xA6, 0x69, 0xCA, 0xF7, 0x7D, 0xDF, 0xF7, 0x7D, 0xDF, 0x93, 0xC3, 0x78, 0xEB, 0x7A, 0x44, 0x28,
    0xC8, 0x89, 0xC7, 0xE0, 0xDA, 0xB6, 0xE0, 0xF3, 0x3C, 0x4D, 0x44, 0x71, 0xCD, 0xD0, 0x80, 0x84, 0xCE, 0x4B, 0x86, 0x68, 0x06, 0x41, 0x10, 0x04,
    0x41, 0x10, 0x0C, 0xC3, 0x90, 0x91, 0x82, 0x50, 0x10, 0x84, 0x16, 0xA6, 0x69, 0x59, 0xB6, 0x33, 0x1C, 0xC7, 0x6B, 0x6A, 0xCF, 0x65, 0xBC, 0xA6,
    0x65, 0xAA, 0xA6, 0x69, 0x3C, 0x6B, 0x49, 0x92, 0x40, 0x9A, 0xA6, 0x69, 0xF6, 0x6D, 0xC7, 0xF1, 0x9C, 0x42, 0x02, 0xA4, 0x85, 0x1A, 0x04, 0x25,
    0x89, 0x96, 0xC2, 0x65, 0x59, 0x96, 0x65, 0xA9, 0x95, 0x1A, 0x04, 0x41, 0x10, 0xA4, 0x08, 0x90, 0xBF, 0xDB, 0xA5, 0x56, 0x96, 0x65, 0x59, 0x96,
    0x5A, 0x59, 0x96, 0xA5, 0x36, 0xA7, 0xD1, 0x7C, 0xDF, 0xF7, 0x5D, 0xB6, 0x7E, 0x49, 0x00, 0x42, 0x98, 0x10, 0x45, 0x92, 0x24, 0x10, 0x54, 0xA6,
    0x1A, 0x04, 0x41, 0x50, 0x82, 0x20, 0x09, 0x41, 0x24, 0x49, 0x3A, 0x6B, 0x50, 0xBB, 0xCE, 0x6B, 0x9A, 0xC6, 0x33, 0x1C, 0xC7, 0xB1, 0x3A, 0xDF,
    0x86, 0x61, 0x18, 0xC6, 0x20, 0xE5, 0x93, 0x31, 0x66, 0x8C, 0x61, 0x18, 0x86, 0x61, 0x18, 0x0B, 0x23, 0x7D, 0xF1, 0x28, 0xAA, 0xE9, 0xAC, 0x66,
    0x9E, 0x28, 0x8A, 0xA2, 0xA8, 0xCE, 0x73, 0x1C, 0xA7, 0xE9, 0xDA, 0xF7, 0x7D, 0xDF, 0xF7, 0x7D, 0xDF, 0x7B, 0x83, 0x7B, 0xEB, 0xFA, 0x4B, 0xF3,
    0x35, 0xDF, 0xF7, 0x38, 0x08, 0x42, 0x08, 0x42, 0x3C, 0x20, 0x58, 0x42, 0x45, 0x01, 0x82, 0x88, 0xCE, 0x5F, 0x0C, 0xAA, 0x06, 0xC1, 0x30, 0x04,
    0x41, 0x10, 0x04, 0xC1, 0xE0, 0x91, 0x82, 0xB6, 0xA6, 0x65, 0xA8, 0x95, 0xA1, 0xA6, 0x69, 0xA5, 0x9A, 0xAE, 0xED, 0x9C, 0xE7, 0x73, 0x9A, 0xCE,
    0xB3, 0x7D, 0xB7, 0x6B, 0xDE, 0x26, 0x49, 0x92, 0x40, 0xED, 0x9C, 0xA6, 0x1A, 0xA4, 0x41, 0x90, 0x06, 0x21, 0x00, 0x92, 0x40, 0x09, 0x94, 0x24,
    0x49, 0xA2, 0x95, 0x9A, 0x06, 0x25, 0x10, 0x04, 0x41, 0x49, 0x92, 0x10, 0x04, 0x21, 0x00, 0x88, 0x6F, 0xAB, 0xB3, 0x86, 0x20, 0x02, 0x51, 0x96,
    0x65, 0x09, 0x69, 0x9A, 0x96, 0x86, 0x85, 0x96, 0xDE, 0xF7, 0x1A, 0xEE, 0xBB, 0x46, 0x00, 0x82, 0x96, 0x24, 0x04, 0x92, 0x24, 0x49, 0x92, 0x40,
    0x49, 0x92, 0x24, 0x08, 0x42, 0x08, 0x04, 0x82, 0x24, 0x49, 0xBB, 0xDF, 0xAD, 0x9D, 0xA6, 0x69, 0x9A, 0xAA, 0x69, 0x9A, 0xAE, 0x6D, 0x9C, 0xE7,
    0x99, 0xC4, 0x48, 0x13, 0xC3, 0xFA, 0xA3, 0xC1, 0x30, 0x8C, 0x24, 0x79, 0xA3, 0x97, 0x4D, 0x9E, 0x18, 0xC7, 0xEC, 0xA7, 0xAA, 0xAA, 0x69, 0x8E,
    0xA3, 0x28, 0x66, 0x8C, 0x31, 0x18, 0x92, 0xD9, 0xA6, 0x69, 0xAA, 0xF7, 0x7D, 0xDF, 0xF7, 0x7D, 0xAF, 0x67, 0x8C, 0x7A, 0xEB, 0x3A, 0xCF, 0xEB,
    0xBA, 0xCE, 0xF7, 0xFD, 0x2B, 0x9E, 0xA3, 0x19, 0xC7, 0x90, 0x02, 0x3D, 0xCF, 0x03, 0x81, 0xAF, 0xCE, 0x7F, 0xD9, 0xAC, 0x06, 0x41, 0x30, 0x0C,
    0x41, 0x10, 0x04, 0xC1, 0xE0, 0x89, 0x82, 0xA6, 0x69, 0x9A, 0xA6, 0x85, 0xE5, 0xBA, 0xB6, 0xF3, 0x1D, 0xB7, 0xF3, 0x3C, 0xCF, 0x77, 0x9C, 0xDA,
    0x6D, 0xBA, 0x86, 0x5A, 0xA8, 0x25, 0x49, 0x92, 0x24, 0x09, 0x94, 0x24, 0x49, 0x92, 0x24, 0x08, 0x41, 0x00, 0x40, 0x42, 0x08, 0x02, 0x41, 0x10,
    0x49, 0x92, 0x24, 0x49, 0x92, 0x24, 0x49, 0x92, 0x20, 0x49, 0x82, 0x10, 0x84, 0x20, 0x00, 0x85, 0xBF, 0x97, 0x5A, 0x5A, 0x96, 0x5A, 0x59, 0x6A,
    0x10, 0x22, 0x10, 0x10, 0x54, 0x10, 0x84, 0xA2, 0xCD, 0x77, 0xD8, 0xFA, 0xA5, 0x26, 0x00, 0x84, 0x96, 0x24, 0x49, 0x92, 0x24, 0x49, 0x92, 0x24,
    0x49, 0x82, 0x20, 0x05, 0x02, 0x69, 0x09, 0x82, 0x24, 0xC8, 0xBA, 0xDF, 0xF9, 0xBD, 0xA6, 0xED, 0x3C, 0xCF, 0xF3, 0x1C, 0xB7, 0xF3, 0x6C, 0xCF,
    0xFE, 0x9E, 0xEF, 0xBE, 0x9F, 0xDB, 0x7E, 0x2C, 0x8E, 0xF1, 0xEE, 0xFB, 0xBE, 0xEF, 0xFB, 0xF3, 0xAC, 0x7E, 0xD9, 0x94, 0x5D, 0x8C, 0x61, 0x18,
    0x86, 0xC1, 0x30, 0x53, 0xD7, 0x38, 0x62, 0x9A, 0xA6, 0x6B, 0x3A, 0xF6, 0x7D, 0xDF, 0xF7, 0x3D, 0xAF, 0x4B, 0x52, 0x7C, 0xEB, 0xBA, 0xAE, 0xEB,
    0xBA, 0xCE, 0xF7, 0x7D, 0xDF, 0xF7, 0x7D, 0xDF, 0xF7, 0xB2, 0x2C, 0xCB, 0xB5, 0x5C, 0xEB, 0xBC, 0xCE, 0x8B, 0xD9, 0xAC, 0x0E, 0x41, 0x10, 0x0C,
    0xC3, 0x30, 0x04, 0xC1, 0xE0, 0x51, 0x44, 0xD8, 0xB6, 0xEB, 0x3A, 0xE7, 0x79, 0xAB, 0x21, 0x08, 0x54, 0x86, 0x9A, 0xA6, 0x85, 0xA9, 0x06, 0x69,
    0x9A, 0xA6, 0xAD, 0x6D, 0xBB, 0x26, 0x49, 0x92, 0x24, 0x49, 0x92, 0x24, 0x49, 0x42, 0x08, 0x02, 0x00, 0x00, 0x40, 0x08, 0x21, 0x8A, 0x42, 0x08,
    0x48, 0x92, 0x24, 0x49, 0x92, 0x24, 0x49, 0x82, 0x20, 0x04, 0x21, 0x08, 0x02, 0x20, 0x08, 0x90, 0xEF, 0xA7, 0xA1, 0xA6, 0x69, 0xA1, 0xA6, 0x85,
    0xA5, 0xA6, 0x69, 0x1A, 0xA4, 0xA5, 0x29, 0xA4, 0xA4, 0x77, 0x98, 0xB7, 0x90, 0x02, 0x08, 0xA1, 0x96, 0x24, 0x49, 0x92, 0x24, 0x49, 0x92, 0x24,
    0x08, 0x81, 0x40, 0x21, 0x94, 0x20, 0x04, 0x81, 0x24, 0xC8, 0xBA, 0xE7, 0x79, 0x6E, 0xDB, 0xF7, 0x3C, 0xAF, 0xEB, 0xBA, 0x86, 0x1A, 0x04, 0x69,
    0xF6, 0x7D, 0xDF, 0xB7, 0x7D, 0xDF, 0xF6, 0xEE, 0xEF, 0xF7, 0xED, 0xCF, 0x7B, 0xEE, 0xDF, 0xB1, 0xAD, 0x9A, 0x9E, 0x37, 0x9A, 0xE6, 0xE8, 0x65,
    0x5F, 0x36, 0x8A, 0xA3, 0x6A, 0x8E, 0xDE, 0xBA, 0xA6, 0x6B, 0x7A, 0xF6, 0x7D, 0xDF, 0xF7, 0x3D, 0xAF, 0x2F, 0x8C, 0x8A, 0xEB, 0xBA, 0xAE, 0xEB,
    0xBA, 0xCE, 0xF7, 0x7D, 0xDF, 0xF7, 0x7D, 0xDF, 0xF7, 0x7D, 0xCF, 0xF3, 0x3A, 0xCF, 0xEB, 0xB5, 0xCE, 0x7F, 0x0D, 0xAA, 0x06, 0x41, 0x10, 0x04,
    0x41, 0x30, 0x0C, 0x83, 0xF1, 0x45, 0x10, 0x54, 0x10, 0x48, 0x6B, 0x23, 0x04, 0x21, 0x00, 0x82, 0xA0, 0xD8, 0x76, 0x3B, 0xDB, 0xE9, 0xDA, 0xB6,
    0xB3, 0x3D, 0xC7, 0xF1, 0xDC, 0x26, 0x49, 0x92, 0x24, 0x49, 0x92, 0x24, 0x49, 0x22, 0x00, 0x00, 0x00, 0x00, 0x08, 0x04, 0x41, 0x9A, 0x06, 0x29,
    0x49, 0x81, 0x24, 0x49, 0x92, 0x24, 0x09, 0x41, 0x10, 0x02, 0x21, 0x20, 0x10, 0x92, 0x24, 0xA1, 0xEF, 0xA7, 0x65, 0x39, 0xB7, 0x73, 0x3B, 0x43,
    0x90, 0xA6, 0x69, 0x50, 0xA8, 0x69, 0x5A, 0xA8, 0x69, 0x69, 0x69, 0x6B, 0x89, 0x00, 0x08, 0x1A, 0x94, 0x24, 0x49, 0x92, 0x10, 0x04, 0x42, 0x08,
    0x44, 0x02, 0x21, 0x10, 0x42, 0x10, 0x48, 0x92, 0x20, 0x44, 0x9B, 0xDB, 0xF3, 0xDC, 0x6A, 0x61, 0xA9, 0x41, 0x10, 0xA4, 0xB5, 0x76, 0xDB, 0xDA,
    0xB7, 0x7D, 0xCF, 0x71, 0x6E, 0xCF, 0xF7, 0x3C, 0x9B, 0xEA, 0x1C, 0xAB, 0xF7, 0x1E, 0x9B, 0xF3, 0x1D, 0x7F, 0x9F, 0x28, 0x9A, 0xAA, 0x28, 0x8A,
    0xA2, 0x28, 0x7A, 0x9E, 0xE7, 0x79, 0x99, 0xB9, 0xA6, 0x6B, 0x3A, 0xF6, 0x7D, 0xDF, 0xF7, 0x7D, 0x2F, 0x1B, 0x4B, 0xAC, 0xEB, 0xBA, 0xAE, 0xEB,
    0xBA, 0xCE, 0xF7, 0x7D, 0xDF, 0xF7, 0x7D, 0xDF, 0xF7, 0x7D, 0xAF, 0xEB, 0xBA, 0xAE, 0xD7, 0x75, 0xCD, 0x67, 0xC6, 0xE8, 0x04, 0x41, 0x10, 0x04,
    0x41, 0x10, 0x04, 0x03, 0x73, 0x2A, 0x84, 0x00, 0x08, 0xC9, 0x0C, 0x09, 0x4A, 0x5A, 0xA6, 0x69, 0x59, 0xDA, 0x7B, 0x3E, 0xDF, 0x33, 0x1C, 0xC7,
    0xF1, 0x1C, 0xB7, 0xA5, 0x1A, 0x42, 0x10, 0x04, 0x41, 0x50, 0x92, 0x24, 0x09, 0x01, 0x00, 0x00, 0x00, 0x00, 0x44, 0x92, 0x24, 0x49, 0x92, 0x24,
    0x09, 0x94, 0x20, 0x49, 0x92, 0x10, 0x02, 0x21, 0x08, 0x84, 0xA6, 0x69, 0x50, 0x92, 0x20, 0x90, 0xEF, 0x97, 0xF9, 0xBE, 0xEF, 0xF9, 0xEE, 0xE7,
    0x77, 0x9E, 0xDF, 0xF9, 0xAC, 0x41, 0xDA, 0x9C, 0xDF, 0x65, 0x6B, 0x27, 0x84, 0x00, 0x00, 0x50, 0x82, 0x10, 0x04, 0x41, 0x10, 0x82, 0x20, 0x08,
    0x09, 0x22, 0x08, 0x04, 0x81, 0x40, 0x09, 0x21, 0x08, 0x4A, 0x1A, 0x86, 0x6B, 0xBE, 0x42, 0x5A, 0x9A, 0xA6, 0x69, 0x9A, 0xDA, 0xF9, 0x6D, 0xDB,
    0xBB, 0x8F, 0xC3, 0x1F, 0xAA, 0x8E, 0x6B, 0x3A, 0x4A, 0x99, 0x2A, 0x89, 0xF3, 0x2D, 0x8D, 0xED, 0x3C, 0x7F, 0x9E, 0xE7, 0x79, 0xDE, 0xF7, 0x7D,
    0x9F, 0xE8, 0x89, 0xA2, 0x28, 0x8A, 0xA2, 0xBA, 0xA6, 0x69, 0xEA, 0xF6, 0x7D, 0xDF, 0xF7, 0x7D, 0xCF, 0x19, 0xD9, 0xAC, 0xEB, 0xBA, 0xAE, 0xEB,
    0xBA, 0xCE, 0xF7, 0x7D, 0xDF, 0xF7, 0x7D, 0xDF, 0xF7, 0x7D, 0xAF, 0xD7, 0x7A, 0x5D, 0xD7, 0x75, 0x2D, 0x33, 0x8B, 0x3A, 0x04, 0x41, 0x10, 0x04,
    0x41, 0x10, 0x04, 0xC1, 0xC2, 0x22, 0x48, 0x09, 0xAD, 0x73, 0xA8, 0xA5, 0x65, 0xA8, 0x69, 0x9A, 0xA6, 0xCD, 0x76, 0x99, 0xCE, 0xF7, 0x9C, 0xA6,
    0xA9, 0x6A, 0xEF, 0x6D, 0x0A, 0x25, 0x09, 0x04, 0x41, 0x50, 0x02, 0x69, 0x5A, 0x22, 0x00, 0x00, 0x00, 0x08, 0x49, 0x92, 0x24, 0x49, 0x92, 0x24,
    0x49, 0x92, 0x24, 0x49, 0x92, 0x20, 0x84, 0x80, 0x40, 0x10, 0x04, 0x21, 0x09, 0x42, 0x00, 0x88, 0xEF, 0x6B, 0x33, 0x84, 0x68, 0x69, 0x99, 0xB7,
    0xF7, 0x7D, 0xDF, 0xF7, 0xEE, 0xB7, 0xF3, 0x9E, 0xB6, 0x65, 0xDA, 0x22, 0x02, 0x00, 0x00, 0x09, 0x41, 0x10, 0x82, 0x20, 0x00, 0x80, 0x80, 0x20,
    0x84, 0x20, 0x20, 0x49, 0x82, 0x10, 0x84, 0x20, 0x00, 0x89, 0xDD, 0xDA, 0x79, 0xDE, 0xAA, 0x71, 0xBA, 0xAE, 0x6B, 0xAA, 0xCE, 0x77, 0xAA, 0xCE,
    0xB1, 0xEF, 0xDF, 0x30, 0xAA, 0xCE, 0xB1, 0x2A, 0x4A, 0x92, 0x99, 0x99, 0x33, 0x9B, 0xED, 0xE9, 0x7A, 0xAB, 0xE3, 0x38, 0x7E, 0x66, 0xAA, 0xA2,
    0xA2, 0x28, 0x8E, 0x5F, 0xE6, 0x79, 0x66, 0x9B, 0xA6, 0x69, 0x0A, 0xEB, 0x7D, 0xDF, 0xF7, 0x3C, 0x4F, 0x1A, 0xE3, 0xAD, 0xEB, 0xBA, 0xAE, 0xEB,
    0xBA, 0xCE, 0xF7, 0x7D, 0xDF, 0xF7, 0x7D, 0xDF, 0xF7, 0x7D, 0xAF, 0xEB, 0xBA, 0x2C, 0xEB, 0xB2, 0xEC, 0x31, 0x9E, 0x6A, 0x0C, 0x43, 0x10, 0x04,
    0x41, 0x10, 0x04, 0x01, 0xC3, 0x22, 0x4A, 0x5B, 0x86, 0x9A, 0xA6, 0x69, 0x9A, 0xA6, 0x69, 0x61, 0x3A, 0xE7, 0xF9, 0x7A, 0xEF, 0xFB, 0x7E, 0xCF,
    0x73, 0x3B, 0xCF, 0xF3, 0xAC, 0x21, 0x49, 0x92, 0x24, 0x49, 0x92, 0x68, 0x50, 0x22, 0x08, 0x00, 0x20, 0x24, 0x5A, 0x92, 0x24, 0x49, 0x92, 0x24,
    0x09, 0x42, 0x20, 0x08, 0x92, 0x24, 0x49, 0x92, 0x40, 0x48, 0x92, 0x20, 0x08, 0x21, 0x00, 0x85, 0x7F, 0xA7, 0xA1, 0x06, 0x41, 0x5A, 0x99, 0x6A,
    0x6B, 0x59, 0x96, 0x65, 0x9E, 0xCE, 0x79, 0x09, 0xDD, 0x90, 0x66, 0x13, 0x02, 0x00, 0x10, 0x09, 0x01, 0x69, 0x5A, 0x21, 0x08, 0x0A, 0x44, 0x10,
    0x04, 0x82, 0x24, 0x08, 0x51, 0x10, 0x42, 0xA1, 0x29, 0xE5, 0x9E, 0xE7, 0x77, 0x6E, 0xA7, 0x69, 0x9A, 0xAA, 0xAA, 0x3A, 0xE7, 0xF9, 0x7C, 0xEF,
    0xF1, 0x08, 0xDF, 0xBE, 0x7F, 0xDF, 0xF7, 0x1D, 0x8B, 0xE2, 0xC4, 0x98, 0xEA, 0x69, 0xDE, 0xA9, 0x6A, 0x7E, 0xA2, 0xF9, 0x65, 0x5E, 0xC6, 0x30,
    0x8B, 0x61, 0x0C, 0xC6, 0xB0, 0x88, 0xEA, 0x9A, 0xA6, 0x69, 0x5B, 0xA2, 0x7D, 0xDF, 0xF7, 0x3C, 0x4F, 0x2E, 0xE6, 0xAC, 0xEB, 0xBA, 0xAE, 0xEB,
    0xBA, 0xDE, 0xF7, 0x7D, 0xDF, 0xF7, 0x7D, 0xDF, 0xF7, 0x3C, 0xAF, 0xEB, 0x7A, 0x5D, 0xEB, 0xB5, 0x4E, 0x1A, 0xE3, 0x6C, 0x0C, 0xC3, 0x30, 0x0C,
    0xC3, 0x10, 0x04, 0x01, 0xC3, 0x12, 0x45, 0xAB, 0x69, 0x61, 0x18, 0x86, 0x65, 0xDA, 0xCE, 0xB7, 0x9D, 0xCF, 0x09, 0xA4, 0x95, 0xEB, 0xBA, 0xAE,
    0x6B, 0xA8, 0x69, 0x1A, 0x04, 0x69, 0x50, 0x92, 0x24, 0x49, 0x92, 0x24, 0x88, 0x00, 0x00, 0x04, 0x82, 0x40, 0x25, 0x42, 0x20, 0x49, 0x92, 0x24,
    0x09, 0x21, 0x08, 0x04, 0x41, 0x10, 0x04, 0x22, 0x10, 0x49, 0x92, 0x24, 0x09, 0x21, 0x08, 0xAD, 0xBF, 0xCF, 0x65, 0x98, 0xA7, 0x5A, 0x59, 0x6A,
    0xA9, 0xA6, 0x69, 0xDA, 0xAC, 0x95, 0xB3, 0x22, 0xD8, 0x9A, 0xB6, 0x0A, 0x00, 0x00, 0x28, 0x65, 0x18, 0x6A, 0x10, 0x04, 0x69, 0x49, 0x82, 0x24,
    0x49, 0x82, 0x40, 0x8A, 0x12, 0x6A, 0x1A, 0x94, 0x24, 0x6B, 0x7E, 0xE7, 0x79, 0x9E, 0xC7, 0x29, 0x3C, 0xDF, 0xB6, 0x9D, 0xDF, 0xA5, 0xB6, 0xAE,
    0x39, 0x8A, 0xC6, 0xFE, 0xED, 0xE6, 0xF7, 0x3C, 0x66, 0x9F, 0x21, 0x89, 0xFB, 0x68, 0xC6, 0xEA, 0x57, 0x31, 0x12, 0x63, 0x30, 0x86, 0xB1, 0x88,
    0xDD, 0x94, 0x75, 0xE2, 0x57, 0xC6, 0x69, 0x9A, 0xA6, 0x69, 0x5B, 0xB2, 0x7D, 0xDF, 0xF7, 0x7D, 0x3D, 0x49, 0xF3, 0xAD, 0xEB, 0xBA, 0xAE, 0xEB,
    0xBA, 0xAE, 0xEB, 0xB5, 0x2C, 0xCB, 0x72, 0x5D, 0xD7, 0x75, 0x5D, 0xD7, 0x75, 0x5D, 0xD7, 0xB5, 0x4E, 0x32, 0xAA, 0x6D, 0x0C, 0xC3, 0x30, 0x0C,
    0xC3, 0x30, 0x04, 0xC3, 0xA4, 0x02, 0xC5, 0x5C, 0x6A, 0x90, 0x56, 0x96, 0x61, 0x08, 0x25, 0x49, 0x7A, 0xAF, 0x84, 0x20, 0x10, 0x8A, 0xA6, 0x69,
    0x5A, 0x69, 0xCF, 0x69, 0x5A, 0xCE, 0x65, 0x92, 0x24, 0x49, 0x92, 0x24, 0x04, 0x00, 0x00, 0x80, 0x20, 0x40, 0x65, 0xA8, 0x41, 0x08, 0x92, 0x24,
    0x09, 0x82, 0x10, 0x04, 0x41, 0x20, 0x08, 0x42, 0x24, 0x49, 0x92, 0x24, 0x09, 0x22, 0x10, 0xBE, 0x9F, 0xEF, 0xB6, 0x7D, 0x97, 0x5A, 0x59, 0x46,
    0xAB, 0x96, 0xA6, 0x5A, 0x1A, 0x95, 0xE5, 0x2C, 0x68, 0x9A, 0x56, 0x0A, 0x00, 0x00, 0x40, 0x5A, 0x02, 0x25, 0x49, 0x92, 0x24, 0x49, 0x92, 0x24,
    0x09, 0x94, 0x24, 0x10, 0x04, 0x25, 0x48, 0x92, 0x20, 0xE5, 0x9E, 0xDF, 0x77, 0x7E, 0xDB, 0x6D, 0xA9, 0x69, 0x5A, 0x69, 0xAF, 0x09, 0x52, 0x20,
    0x31, 0x0C, 0xE3, 0x37, 0x0E, 0xDF, 0xF7, 0x3C, 0x49, 0x92, 0xE1, 0x9D, 0xB6, 0xD1, 0xA8, 0xAA, 0xF8, 0x99, 0xA6, 0xAA, 0x9A, 0xA6, 0xA9, 0xAA,
    0xA2, 0x28, 0x8A, 0xA2, 0x38, 0xAE, 0x69, 0x9A, 0xA6, 0x69, 0x5B, 0xB2, 0x7D, 0xDF, 0xF7, 0xBD, 0xCC, 0x48, 0x33, 0x5E, 0xD7, 0xB2, 0x5C, 0xD7,
    0x75, 0x5D, 0xD7, 0x75, 0x5D, 0xD7, 0x35, 0xCF, 0xEB, 0x75, 0xAD, 0xEB, 0xBA, 0xAE, 0xD7, 0xB5, 0x4E, 0x4E, 0xE9, 0x6C, 0x04, 0x41, 0x10, 0x0C,
    0xC3, 0x30, 0x04, 0x43, 0x56, 0x0A, 0x00, 0x42, 0x08, 0x00, 0x00, 0x10, 0x04, 0x41, 0x14, 0x49, 0xB9, 0x97, 0xDA, 0x9D, 0x96, 0x65, 0x9A, 0xCE,
    0xB6, 0x3D, 0xC3, 0x70, 0x0C, 0xA7, 0xA5, 0x96, 0x24, 0x49, 0x92, 0x20, 0x00, 0x00, 0x00, 0x00, 0x20, 0x40, 0xA5, 0xA6, 0x40, 0x08, 0x91, 0x24,
    0x49, 0x92, 0x24, 0x09, 0x04, 0x25, 0x49, 0x92, 0x24, 0x49, 0x92, 0x24, 0x49, 0x42, 0x20, 0xFE, 0x6C, 0xFB, 0x77, 0x9E, 0x6A, 0x5A, 0x19, 0x6A,
    0x69, 0x99, 0xAF, 0xE5, 0xAA, 0xA4, 0xA5, 0x46, 0xAC, 0x4A, 0xB8, 0x12, 0x00, 0x00, 0x68, 0x5A, 0x92, 0x24, 0x49, 0x92, 0x24, 0x49, 0x92, 0x24,
    0x49, 0x92, 0x24, 0x49, 0x82, 0x20, 0x04, 0x41, 0x08, 0xD0, 0xBC, 0x86, 0x90, 0x02, 0x69, 0x65, 0xA8, 0x28, 0x89, 0xB6, 0xAF, 0xD0, 0xDD, 0xA6,
    0x5D, 0xF7, 0xC1, 0xF1, 0xBE, 0xCF, 0xB7, 0x3D, 0x49, 0x52, 0x36, 0xC6, 0x9E, 0x61, 0xCE, 0xAB, 0xE9, 0x7D, 0xDE, 0x38, 0x66, 0xD7, 0x27, 0x7E,
    0xDE, 0xF7, 0x79, 0x5F, 0xE6, 0xB5, 0x69, 0x9A, 0xA6, 0x69, 0x5B, 0xB2, 0x7D, 0xDF, 0xF7, 0x3A, 0x6B, 0x64, 0x33, 0xAE, 0xEB, 0xBA, 0xCE, 0xF7,
    0x7D, 0xDF, 0xF3, 0x75, 0x5D, 0xD7, 0x75, 0x5D, 0xCB, 0x2F, 0x4B, 0x92, 0x24, 0x49, 0x92, 0x24, 0x79, 0x66, 0xEA, 0x6C, 0x0C, 0xC3, 0x30, 0x0C,
    0x43, 0x30, 0x0C, 0x83, 0x57, 0x0A, 0x80, 0xA0, 0x41, 0x90, 0x02, 0xAD, 0xE5, 0xDA, 0xAE, 0xED, 0x7A, 0x97, 0xD0, 0xAA, 0x69, 0x9A, 0x96, 0xA6,
    0x69, 0x9A, 0xA6, 0x65, 0x39, 0xB7, 0x9A, 0x96, 0x24, 0x49, 0x92, 0x20, 0x00, 0x00, 0x00, 0x00, 0x00, 0x08, 0x08, 0x42, 0x10, 0x48, 0x92, 0x24,
    0x49, 0x92, 0x24, 0x49, 0x92, 0x24, 0x49, 0x92, 0x24, 0x49, 0x92, 0x24, 0x09, 0x22, 0x10, 0xBE, 0x7F, 0xEF, 0xDA, 0xBC, 0x6A, 0x5A, 0x19, 0xAD,
    0x5A, 0x39, 0x97, 0x65, 0xA8, 0xA5, 0x65, 0x91, 0xAC, 0xC8, 0x6A, 0x13, 0x02, 0x20, 0x84, 0x50, 0x92, 0x24, 0x49, 0x92, 0x24, 0x49, 0x92, 0x24,
    0x49, 0x92, 0x20, 0x04, 0x81, 0x10, 0x88, 0x20, 0x08, 0xC8, 0xDC, 0xB6, 0xAB, 0x56, 0xB6, 0x69, 0x1C, 0xC7, 0xF6, 0x6C, 0xAF, 0x50, 0x0B, 0xC3,
    0xCE, 0xC2, 0xA0, 0x70, 0xBC, 0xDF, 0x77, 0x3E, 0x32, 0xC6, 0x78, 0xAA, 0x46, 0x66, 0xCF, 0x37, 0xEA, 0x7D, 0x9F, 0xE7, 0x79, 0xDE, 0xF7, 0x7D,
    0xDF, 0xF7, 0x7D, 0x9F, 0x27, 0xAA, 0x6B, 0x9A, 0xAE, 0xA9, 0x6A, 0x9E, 0xB2, 0x2C, 0xCB, 0xB2, 0x3B, 0x7D, 0x33, 0x5E, 0xD7, 0x34, 0x2D, 0xBF,
    0xEF, 0xFB, 0xBE, 0x24, 0x49, 0x92, 0x24, 0x49, 0x92, 0x24, 0x49, 0x92, 0x24, 0x49, 0x92, 0x24, 0x29, 0x8A, 0xAB, 0x3A, 0x0C, 0xC3, 0x30, 0x0C,
    0xC3, 0x30, 0x0C, 0x8C, 0xA7, 0x09, 0x00, 0x60, 0xDF, 0x71, 0x5A, 0x86, 0x9A, 0xA6, 0x69, 0x9A, 0xD6, 0xB6, 0x69, 0x5A, 0x96, 0xE5, 0x3A, 0xCF,
    0x71, 0x3B, 0xDF, 0x73, 0x6B, 0xDB, 0xA5, 0x06, 0x25, 0x49, 0x92, 0x08, 0x00, 0x00, 0x00, 0x00, 0x00, 0x08, 0x09, 0x92, 0x24, 0x49, 0x02, 0x41,
    0x49, 0x92, 0x24, 0x49, 0x92, 0x24, 0x49, 0x92, 0x24, 0x49, 0x92, 0x24, 0x08, 0x01, 0x08, 0xBE, 0x7F, 0xFB, 0x5A, 0x5A, 0x6A, 0x5A, 0x19, 0xA5,
    0x5A, 0x99, 0x6A, 0xA9, 0x56, 0xA6, 0x90, 0xD0, 0x96, 0x88, 0xBD, 0x26, 0x02, 0x40, 0x40, 0x48, 0x92, 0x24, 0x49, 0x92, 0x24, 0x49, 0x92, 0x24,
    0x49, 0x82, 0x10, 0x04, 0x12, 0x42, 0x90, 0x06, 0x41, 0xEB, 0x9E, 0xE7, 0xF9, 0x1D, 0xC7, 0x6B, 0x9A, 0xA6, 0xAA, 0x3A, 0xCF, 0x69, 0x0A, 0xC7,
    0x0E, 0xD3, 0xA1, 0x30, 0x8C, 0xDF, 0xFB, 0x6D, 0x67, 0x86, 0x39, 0x8F, 0xDF, 0x9E, 0xDF, 0x71, 0x3C, 0x7A, 0xDF, 0xF7, 0x7D, 0xDF, 0xF7, 0x7D,
    0xDF, 0xF7, 0x7D, 0x9F, 0x27, 0xAA, 0x6B, 0xBA, 0xA6, 0xEF, 0x7B, 0xBE, 0xEF, 0xFB, 0xBE, 0x2F, 0x3C, 0xAA, 0x37, 0xFD, 0x92, 0x24, 0x49, 0x92,
    0x24, 0x49, 0x92, 0x24, 0x49, 0x92, 0x24, 0x49, 0x72, 0x1C, 0xE7, 0x71, 0x9C, 0xC7, 0x79, 0x5B, 0x96, 0x79, 0x77, 0x33, 0x0C, 0xC3, 0x30, 0x0C,
    0xC3, 0x60, 0x18, 0x92, 0xA8, 0x08, 0x00, 0xA0, 0x85, 0x9A, 0xA6, 0x69, 0x9A, 0xA6, 0x85, 0xAD, 0xBD, 0xCF, 0x71, 0xA9, 0xD9, 0xF9, 0x0A, 0x69,
    0xE5, 0xDA, 0x96, 0x65, 0xA8, 0x41, 0x65, 0x09, 0x25, 0x49, 0x92, 0x08, 0x00, 0x00, 0x00, 0x00, 0x00, 0x10, 0x50, 0x92, 0x24, 0x49, 0xA2, 0x40,
    0x49, 0x92, 0x24, 0x49, 0x92, 0x24, 0x49, 0x92, 0x24, 0x49, 0x92, 0x20, 0x84, 0x20, 0x40, 0xBE, 0x9F, 0xA7, 0x5A, 0xAB, 0x95, 0x5A, 0xAA, 0xA5,
    0x9A, 0xA6, 0x95, 0x77, 0x59, 0xA6, 0x09, 0xB4, 0x97, 0x50, 0x9E, 0x20, 0x00, 0x40, 0x68, 0x09, 0x04, 0x41, 0x49, 0x92, 0x24, 0x49, 0x92, 0x40,
    0x49, 0x92, 0x28, 0x1A, 0x04, 0x25, 0x90, 0x06, 0x69, 0x6D, 0x9E, 0xE7, 0x6D, 0x9A, 0xA6, 0x69, 0x9A, 0xA6, 0xF3, 0xBD, 0xDB, 0x71, 0x59, 0xCE,
    0x8E, 0xE1, 0x74, 0x28, 0x0A, 0xDF, 0x7E, 0xBE, 0x9B, 0x52, 0x1B, 0x8F, 0xA6, 0x6A, 0xAA, 0xE9, 0x6C, 0x7E, 0xA2, 0x28, 0x8A, 0x9F, 0x28, 0x7E,
    0xE3, 0x68, 0x9A, 0xA2, 0xA9, 0xAE, 0xEA, 0xFB, 0xBE, 0xEF, 0xFB, 0xBE, 0xEF, 0xFB, 0xBE, 0xF4, 0xE8, 0xC5, 0x31, 0x49, 0x92, 0x24, 0x49, 0x92,
    0x24, 0xC9, 0x71, 0x1C, 0xC7, 0x71, 0x9B, 0xB4, 0x55, 0x55, 0x55, 0x55, 0x92, 0x55, 0x55, 0x55, 0x36, 0x8D, 0xB3, 0x67, 0x18, 0xC6, 0x30, 0x0C,
    0x86, 0x61, 0x18, 0x0B, 0x0A, 0x09, 0x00, 0x10, 0x6A, 0x65, 0x59, 0xAE, 0x69, 0x6B, 0xB7, 0x6B, 0x09, 0x11, 0x82, 0x20, 0x40, 0x39, 0x24, 0x08,
    0x02, 0xA2, 0x85, 0xE5, 0xDC, 0x96, 0x65, 0x5C, 0x26, 0x49, 0x92, 0x08, 0x00, 0x00, 0x00, 0x00, 0x20, 0x40, 0x49, 0x92, 0x24, 0x49, 0x82, 0x24,
    0x49, 0x92, 0x24, 0x49, 0x92, 0x24, 0x49, 0x92, 0x24, 0x49, 0x82, 0x10, 0x10, 0xA4, 0xAD, 0xBE, 0xBF, 0x6B, 0xE9, 0xAC, 0x69, 0xE1, 0x0C, 0xCD,
    0x6B, 0x59, 0xCE, 0xFE, 0x0A, 0x69, 0xED, 0x7D, 0x97, 0xDA, 0x9E, 0x42, 0x82, 0x50, 0xAE, 0x9A, 0x86, 0x10, 0x48, 0x92, 0x24, 0x49, 0x92, 0x40,
    0x48, 0x92, 0x40, 0x49, 0x92, 0x24, 0x49, 0x92, 0x84, 0x77, 0x7E, 0xE7, 0xB7, 0x3D, 0xDB, 0xF3, 0x7C, 0xCF, 0x6D, 0xAA, 0x69, 0x4A, 0x02, 0x69,
    0x68, 0xD7, 0x75, 0x28, 0x1A, 0xFB, 0xFE, 0x7E, 0x7B, 0x13, 0x1A, 0x8B, 0xD2, 0xD0, 0xCD, 0xA9, 0xEA, 0xBA, 0xAE, 0xEB, 0xBA, 0x27, 0xFB, 0xBE,
    0xEF, 0xFB, 0xBE, 0xEF, 0xFB, 0xBE, 0xEF, 0xFB, 0xBE, 0xEF, 0xFB, 0xBE, 0xEF, 0xFB, 0xBE, 0xEF, 0x38, 0xCE, 0x2C, 0x47, 0x92, 0x1C, 0xC6, 0x71,
    0xD8, 0xB6, 0x71, 0x15, 0xC7, 0x71, 0x1B, 0xC7, 0x61, 0x18, 0xC7, 0x6D, 0xDC, 0xB6, 0x71, 0x96, 0x28, 0x9A, 0xF3, 0x4B, 0x72, 0xCC, 0x62, 0x0C,
    0x86, 0x61, 0x18, 0x4C, 0x99, 0x08, 0x00, 0xA0, 0x68, 0x5A, 0x58, 0x42, 0x08, 0x41, 0x08, 0x04, 0x41, 0x10, 0x82, 0x16, 0x97, 0x73, 0x58, 0xA6,
    0x65, 0xD9, 0xDA, 0x77, 0x9B, 0xC6, 0x6B, 0xAA, 0x25, 0x49, 0x22, 0x00, 0x00, 0x00, 0x00, 0x00, 0x90, 0x24, 0x49, 0x92, 0x24, 0x49, 0x92, 0x24,
    0x49, 0x92, 0x24, 0x49, 0x92, 0x24, 0x49, 0x92, 0x24, 0x90, 0xA2, 0x69, 0x21, 0x94, 0xAC, 0x7E, 0xBE, 0x97, 0xE9, 0x5E, 0x96, 0xE9, 0x5D, 0xCE,
    0x9A, 0xA2, 0x40, 0x9A, 0x22, 0x10, 0xDA, 0x5E, 0x0A, 0xA1, 0xAF, 0x41, 0x09, 0xA4, 0x41, 0x08, 0x81, 0x24, 0x49, 0x92, 0x24, 0x49, 0x92, 0x10,
    0x42, 0x92, 0x24, 0x49, 0x92, 0x20, 0x49, 0x92, 0x94, 0xB7, 0xDD, 0xA6, 0x69, 0xA9, 0x69, 0x10, 0xA4, 0x20, 0x08, 0x94, 0x28, 0x08, 0x34, 0xA7,
    0x30, 0x0A, 0xC3, 0x30, 0xBC, 0xFB, 0x7E, 0x3E, 0x1B, 0x59, 0x7C, 0x9B, 0xE6, 0x24, 0xCE, 0xEA, 0xFB, 0xBE, 0xEF, 0xFB, 0xBE, 0xEF, 0xFB, 0xBE,
    0xEF, 0xF9, 0x92, 0xEF, 0x4B, 0x72, 0xEC, 0xFB, 0xBE, 0x24, 0x49, 0x72, 0x9C, 0x24, 0x49, 0x99, 0x69, 0xCE, 0x23, 0x53, 0x49, 0x95, 0xC4, 0x30,
    0x55, 0x85, 0x71, 0x15, 0xC7, 0x71, 0x1C, 0xC7, 0x6D, 0x12, 0x23, 0x49, 0x8C, 0x24, 0x31, 0x4C, 0x67, 0x9A, 0xF6, 0xB8, 0x54, 0x13, 0x63, 0x18,
    0x8B, 0x61, 0x18, 0x59, 0x98, 0x08, 0x02, 0x00, 0x10, 0x84, 0x20, 0x40, 0x21, 0x04, 0x41, 0xF3, 0x6D, 0xAF, 0x69, 0x59, 0xC6, 0x79, 0x59, 0x96,
    0x9A, 0x56, 0xA6, 0xED, 0x9A, 0xA6, 0x69, 0x9B, 0x24, 0x49, 0x22, 0x00, 0x00, 0x00, 0x00, 0x02, 0x01, 0x29, 0x48, 0x92, 0x24, 0x49, 0x92, 0x24,
    0x49, 0x92, 0x24, 0x49, 0x92, 0x24, 0x49, 0x92, 0x40, 0x10, 0xA4, 0x41, 0x50, 0x02, 0xF9, 0xFE, 0x5C, 0x42, 0x0A, 0xA4, 0x29, 0x8A, 0xA2, 0x20,
    0x84, 0x02, 0x21, 0x05, 0xB4, 0x86, 0xE1, 0xDE, 0x12, 0xF6, 0x4C, 0x08, 0x82, 0x40, 0x20, 0x08, 0x92, 0x24, 0x49, 0x92, 0x24, 0x49, 0x92, 0x24,
    0x48, 0x92, 0x20, 0x04, 0x41, 0x08, 0x48, 0x92, 0x84, 0xA9, 0x06, 0x41, 0x50, 0xDB, 0xB6, 0x6B, 0xA9, 0x69, 0xED, 0x3D, 0xC7, 0x71, 0x0C, 0xAF,
    0x28, 0x0A, 0xC3, 0x30, 0xBE, 0xFB, 0xFB, 0x3D, 0x1B, 0xDF, 0xED, 0x66, 0x9E, 0xD9, 0xAA, 0xEF, 0xFB, 0xBE, 0xEF, 0x4B, 0x92, 0x24, 0x49, 0x92,
    0xE4, 0x49, 0x92, 0x2F, 0xE9, 0xBD, 0x24, 0x49, 0x92, 0x9C, 0x24, 0x2D, 0xCB, 0xB2, 0x18, 0x59, 0x9B, 0xCE, 0x23, 0x93, 0x49, 0x52, 0xC5, 0x30,
    0x15, 0x53, 0x71, 0x1C, 0x57, 0x55, 0x1B, 0xB7, 0x59, 0xD2, 0xC2, 0x48, 0xCB, 0xB2, 0x2C, 0x86, 0xD7, 0xA6, 0xF3, 0xC7, 0x5C, 0x0B, 0x23, 0x49,
    0x95, 0xC4, 0x54, 0x67, 0x99, 0x10, 0x02, 0x00, 0x00, 0x65, 0xBB, 0xDE, 0xF1, 0x3C, 0xCF, 0x71, 0xA9, 0x69, 0x9A, 0xA6, 0xB5, 0xAD, 0xA6, 0x69,
    0x9A, 0xA6, 0xA5, 0x69, 0xBA, 0xA6, 0xEB, 0x9C, 0x6A, 0x09, 0x01, 0x00, 0x00, 0x00, 0x00, 0x84, 0x92, 0x86, 0x48, 0x92, 0x24, 0x49, 0x92, 0x24,
    0x49, 0x92, 0x24, 0x49, 0x92, 0x20, 0x09, 0x82, 0x24, 0x49, 0x92, 0x24, 0x09, 0x82, 0xEC, 0xBE, 0xBD, 0x96, 0xA1, 0x56, 0x42, 0x10, 0x04, 0x41,
    0x65, 0x9A, 0x96, 0xEB, 0xAA, 0x95, 0x79, 0x3E, 0x23, 0x76, 0x98, 0x10, 0x02, 0xA1, 0x41, 0x50, 0x92, 0x24, 0x49, 0x92, 0x24, 0x49, 0x92, 0x24,
    0x49, 0x92, 0x20, 0x04, 0x21, 0x08, 0x02, 0x41, 0x40, 0xF7, 0x3C, 0xCF, 0xF3, 0x9D, 0xCF, 0xF1, 0x3C, 0xCF, 0x71, 0xAA, 0xA6, 0x69, 0x9A, 0xA6,
    0xF0, 0xF7, 0xA1, 0x30, 0xEE, 0xFB, 0x77, 0x6E, 0x4B, 0xEA, 0xBC, 0x2C, 0xD9, 0x07, 0xBF, 0xEF, 0xFB, 0x92, 0x24, 0x49, 0x92, 0x24, 0x49, 0x92,
    0xEF, 0xFB, 0xBE, 0x2F, 0x49, 0xBE, 0x24, 0x87, 0x49, 0x12, 0x23, 0x31, 0x8B, 0x74, 0x2D, 0xCC, 0xE9, 0xBA, 0xEF, 0xFB, 0xBE, 0x24, 0x49, 0x92,
    0x24, 0x49, 0x92, 0x24, 0xE9, 0x71, 0x24, 0xC9, 0x71, 0x9C, 0xC5, 0x5D, 0xCB, 0x22, 0x71, 0xD2, 0x84, 0xA2, 0xEE, 0x4B, 0xBF, 0x24, 0x49, 0x92,
    0x59, 0x46, 0x72, 0xE4, 0x0B, 0x21, 0x02, 0x00, 0x08, 0x73, 0x9C, 0x96, 0x9A, 0xA6, 0x95, 0xA5, 0xA6, 0x69, 0x9A, 0x16, 0xDA, 0xA5, 0xA6, 0x69,
    0x9A, 0xA6, 0x95, 0x70, 0xAA, 0xAE, 0x77, 0xA9, 0x95, 0x10, 0x01, 0x00, 0x00, 0x00, 0x00, 0x84, 0x90, 0x96, 0x44, 0x92, 0x24, 0x08, 0x82, 0x24,
    0x49, 0x92, 0x24, 0x49, 0x92, 0x20, 0x84, 0x20, 0x10, 0x08, 0x92, 0x24, 0x09, 0x81, 0xEC, 0xFE, 0x3D, 0xB7, 0xF3, 0x3C, 0xB7, 0x6D, 0xDB, 0xCE,
    0xF9, 0x7D, 0xE7, 0xF9, 0x3C, 0xDB, 0xF7, 0xAD, 0x41, 0xB9, 0x86, 0x08, 0x42, 0x08, 0x21, 0x49, 0x92, 0x24, 0x49, 0x92, 0x24, 0x49, 0x92, 0x24,
    0x49, 0x92, 0x24, 0x09, 0x04, 0x29, 0x84, 0x20, 0x20, 0x7B, 0xBE, 0xE7, 0x71, 0x9A, 0xA6, 0x69, 0x9A, 0xA6, 0xE9, 0xBA, 0xAE, 0x29, 0x5C, 0xCE,
    0x38, 0x1C, 0xE3, 0xB7, 0xEF, 0xEF, 0x77, 0x9E, 0x4D, 0xB3, 0x3D, 0x8E, 0x27, 0xF9, 0xBE, 0xEF, 0xFB, 0xBE, 0xE4, 0x7B, 0x92, 0xEF, 0xFB, 0xBE,
    0xEF, 0xFB, 0xBE, 0x2F, 0x49, 0x72, 0x9B, 0x25, 0x49, 0xDB, 0xB6, 0x55, 0x12, 0x26, 0x2D, 0x8B, 0xC4, 0x71, 0x24, 0x49, 0x7A, 0x1C, 0x49, 0x72,
    0x1C, 0xE7, 0x71, 0x1C, 0xC7, 0x71, 0x1C, 0x67, 0x49, 0x92, 0x54, 0x6D, 0xD2, 0x22, 0x49, 0x55, 0x55, 0x5D, 0x59, 0x96, 0x71, 0xDE, 0x94, 0x49,
    0x1C, 0x57, 0x55, 0x15, 0x09, 0x21, 0x82, 0x00, 0x28, 0x76, 0xA8, 0x69, 0x9A, 0xA6, 0x95, 0xA5, 0xA6, 0x69, 0x69, 0x3A, 0xCF, 0x9A, 0xA6, 0x69,
    0x5A, 0x18, 0xAE, 0xED, 0xDA, 0xDE, 0x7B, 0xA9, 0x69, 0x1A, 0x02, 0x00, 0x00, 0x40, 0x20, 0x82, 0x50, 0x6A, 0x10, 0x81, 0x10, 0x04, 0x41, 0x24,
    0x09, 0x41, 0x24, 0x49, 0x92, 0x24, 0x04, 0x21, 0x08, 0x82, 0x40, 0x10, 0x04, 0x81, 0xEC, 0x7E, 0xBE, 0xEF, 0xF7, 0x7D, 0xDF, 0xB9, 0x9F, 0xDE,
    0xF7, 0x9D, 0x96, 0xAD, 0x76, 0xDF, 0xF7, 0x8D, 0x68, 0x6D, 0x82, 0x08, 0x82, 0xA6, 0x41, 0x50, 0x92, 0x24, 0x49, 0x92, 0x10, 0x44, 0x92, 0x24,
    0x49, 0x82, 0x20, 0x09, 0xA4, 0x85, 0xA5, 0x22, 0x20, 0x7B, 0x6E, 0xA7, 0x6A, 0x9A, 0xA6, 0x69, 0x9A, 0xA6, 0x69, 0xAA, 0xAA, 0x69, 0x3A, 0xDF,
    0x3E, 0x8E, 0xDF, 0xBB, 0xEF, 0xDB, 0x73, 0x3B, 0x89, 0x36, 0xFD, 0xD2, 0xEF, 0xFB, 0xBE, 0xE7, 0xFB, 0xBE, 0xEF, 0x4B, 0xBE, 0xEF, 0xFB, 0xBE,
    0x2F, 0xFB, 0x92, 0x59, 0xC5, 0x55, 0x58, 0x75, 0x55, 0x1C, 0xB3, 0x2C, 0xCB, 0xB2, 0x2C, 0x0B, 0xC3, 0x2C, 0xCB, 0xC2, 0x48, 0x92, 0x54, 0x49,
    0x92, 0x24, 0x49, 0x15, 0x77, 0x49, 0xD8, 0x86, 0x55, 0x55, 0x25, 0x49, 0x9C, 0x24, 0x2D, 0xCB, 0xB2, 0x2C, 0x8C, 0x25, 0x49, 0xD2, 0xC2, 0x2C,
    0xCB, 0xB2, 0x2C, 0xCB, 0x92, 0x21, 0x02, 0x00, 0x20, 0xA1, 0xA6, 0x95, 0x65, 0x19, 0xAE, 0x6B, 0xB9, 0xB6, 0x30, 0x3A, 0xCF, 0x69, 0x59, 0x96,
    0xAB, 0x1A, 0xDB, 0x71, 0x6C, 0xCF, 0x76, 0x19, 0x6A, 0x5A, 0x92, 0x08, 0x00, 0xA0, 0x40, 0x82, 0x50, 0x86, 0x1A, 0x92, 0x20, 0x04, 0x14, 0x6A,
    0x1A, 0x82, 0x10, 0x82, 0x80, 0x40, 0x49, 0xA2, 0x10, 0x82, 0x50, 0x10, 0x82, 0x40, 0xEC, 0x7E, 0xBE, 0xCF, 0xF3, 0x5C, 0x96, 0xED, 0xAC, 0xA5,
    0xA5, 0xA6, 0x14, 0xA9, 0xA6, 0xB5, 0x5A, 0xAB, 0xB5, 0x2B, 0x82, 0x08, 0x48, 0x18, 0x86, 0x21, 0x94, 0x24, 0x49, 0x82, 0x20, 0x08, 0x41, 0x20,
    0x09, 0x82, 0x10, 0x04, 0x92, 0x40, 0x9A, 0x06, 0x41, 0xB9, 0x9D, 0xAE, 0x73, 0x9B, 0xA6, 0xED, 0xDC, 0xA6, 0x6B, 0x3B, 0xCF, 0xAD, 0x1A, 0xDB,
    0xBB, 0xEF, 0xFB, 0xBE, 0x1F, 0xA7, 0x69, 0x6A, 0xAA, 0xAD, 0x7A, 0xBE, 0x2F, 0x49, 0x92, 0x24, 0x49, 0xBE, 0xE7, 0xFB, 0x92, 0xE7, 0x7B, 0x92,
    0x24, 0x49, 0x32, 0x86, 0x84, 0x61, 0x5C, 0xC5, 0x48, 0x9B, 0xC4, 0x48, 0x95, 0x24, 0x49, 0x52, 0xB5, 0x2C, 0x12, 0x23, 0x49, 0xCB, 0xC2, 0x48,
    0x52, 0xC5, 0x48, 0x18, 0x27, 0x49, 0xDC, 0xB6, 0x71, 0x1C, 0x47, 0x92, 0xDC, 0x56, 0x49, 0x0C, 0x23, 0x2D, 0x8B, 0xC4, 0x30, 0xCB, 0xB2, 0x30,
    0x92, 0x24, 0x49, 0x92, 0x24, 0x4D, 0x91, 0x40, 0x94, 0x65, 0x59, 0xBA, 0xAE, 0xEB, 0xBA, 0x34, 0x8E, 0xC7, 0x2C, 0x67, 0xBA, 0x74, 0x0C, 0xD3,
    0xEE, 0xFB, 0xBE, 0x2F, 0x49, 0xB2, 0xAF, 0xCB, 0x96, 0x65, 0x92, 0x10, 0x00, 0x20, 0x08, 0x80, 0x92, 0x6A, 0x5A, 0xA8, 0x41, 0x5A, 0x58, 0x96,
    0x65, 0x1C, 0x6B, 0x88, 0x40, 0x20, 0x09, 0xA4, 0x85, 0x61, 0xD8, 0x86, 0x0A, 0x21, 0xEC, 0xFE, 0xDA, 0x96, 0xA9, 0x1D, 0x29, 0xBB, 0xA6, 0x95,
    0x65, 0x51, 0x14, 0xED, 0x0C, 0x29, 0xE5, 0x1D, 0xB6, 0xB7, 0xA6, 0x41, 0x9A, 0x82, 0x20, 0x90, 0xA6, 0x85, 0x5A, 0x02, 0xC5, 0x71, 0x08, 0x29,
    0x04, 0x91, 0x96, 0x8A, 0x82, 0x20, 0x5A, 0x02, 0x69, 0xB9, 0x3D, 0xDF, 0x79, 0xDE, 0xAA, 0x6E, 0xEC, 0xBA, 0x2E, 0x1E, 0xB7, 0xAE, 0xFB, 0xBE,
    0xF0, 0xEE, 0xFB, 0x7B, 0xAB, 0xAA, 0x6A, 0xFC, 0x5D, 0xA6, 0xFB, 0xBE, 0x24, 0x49, 0x92, 0x24, 0xF9, 0xBE, 0x24, 0x49, 0x92, 0xF4, 0x4B, 0x92,
    0x92, 0xC4, 0x49, 0x15, 0xB3, 0x2C, 0x92, 0xB4, 0x30, 0x0C, 0x23, 0x71, 0x1C, 0x53, 0x55, 0x95, 0xB4, 0x2C, 0xCC, 0x22, 0x49, 0x92, 0xC4, 0x30,
    0x95, 0xB4, 0x30, 0x0B, 0x23, 0x71, 0x17, 0x53, 0x55, 0x52, 0xB5, 0x91, 0x1C, 0xC7, 0x71, 0x1C, 0xC6, 0x55, 0x92, 0x24, 0x49, 0xD2, 0x56, 0x71,
    0x1C, 0xC7, 0x71, 0x1C, 0x87, 0x71, 0x9C, 0x97, 0x9D, 0xEF, 0xFB, 0xBE, 0x24, 0x49, 0x9E, 0xE4, 0x4B, 0xBE, 0xEF, 0xFB, 0xCA, 0xEF, 0xFB, 0xBE,
    0xEF, 0xFB, 0xD2, 0x2F, 0xC9, 0xBA, 0xEF, 0xFB, 0xCA, 0x6C, 0x08, 0x41, 0x02, 0x81, 0x08, 0x40, 0x58, 0x6A, 0xA1, 0xA6, 0x85, 0xA1, 0x96, 0x40,
    0x90, 0xA6, 0xA5, 0x71, 0x09, 0x21, 0x08, 0x92, 0x40, 0x90, 0xA6, 0x95, 0x71, 0x5A, 0xFA, 0x7E, 0xEB, 0x97, 0x69, 0x1E, 0x29, 0x7B, 0xA9, 0x85,
    0x76, 0x5B, 0x9A, 0x2F, 0xAD, 0xA6, 0xF7, 0xAC, 0xDA, 0x33, 0xAC, 0xAA, 0xA5, 0xA6, 0x41, 0x85, 0xA2, 0xA5, 0x6B, 0xDA, 0xBA, 0xEC, 0x2B, 0xB3,
    0x65, 0xE9, 0xD2, 0xB4, 0x7A, 0x9A, 0xA9, 0x29, 0x9E, 0x71, 0xAC, 0xAA, 0x2E, 0x4D, 0xBF, 0xEF, 0xFB, 0xBE, 0x2F, 0xE9, 0xBD, 0xEF, 0xFB, 0xBE,
    0x24, 0xC9, 0xA2, 0xA8, 0xEB, 0xBE, 0xE4, 0x49, 0x92, 0x2F, 0x49, 0x92, 0x24, 0xF9, 0x92, 0x24, 0x49, 0x92, 0x55, 0x96, 0x65, 0x9F, 0x27, 0x31,
    0x0B, 0x23, 0x71, 0xD5, 0xC2, 0x30, 0xCB, 0xB2, 0x2C, 0xCB, 0xB2, 0x2C, 0xCB, 0xB2, 0x2C, 0xCB, 0xB2, 0x2C, 0xCB, 0xB2, 0x2C, 0xCB, 0xB2, 0x2C,
    0xCB, 0xB2, 0x2C, 0xCB, 0xB2, 0x2C, 0xCB, 0xB2, 0x2C, 0xCB, 0xC2, 0x48, 0x92, 0x24, 0x49, 0x92, 0xC4, 0x71, 0x1C, 0xC7, 0x71, 0x9B, 0xC7, 0x71,
    0x5C, 0xC5, 0x71, 0x56, 0xB5, 0x79, 0x1C, 0x57, 0x71, 0x52, 0x55, 0x31, 0x92, 0x24, 0x31, 0x0B, 0x53, 0x49, 0x59, 0x96, 0x79, 0xD9, 0x95, 0x79,
    0x9E, 0xE7, 0x79, 0x1F, 0x49, 0xBE, 0xEF, 0xFB, 0xBE, 0xAF, 0x7C, 0xC2, 0x1A, 0xA4, 0x11, 0x82, 0x16, 0x6A, 0x10, 0xA4, 0x69, 0x10, 0x84, 0x40,
    0x65, 0x58, 0x6A, 0x5A, 0x1C, 0xA7, 0x10, 0x84, 0x20, 0x49, 0x02, 0x41, 0x50, 0x18, 0xE7, 0xF7, 0x9D, 0xDB, 0x73, 0x1C, 0xBB, 0x28, 0xEA, 0xD2,
    0xE4, 0x4B, 0x92, 0x2F, 0xF9, 0xCA, 0x27, 0xF9, 0xBE, 0x2F, 0xF9, 0xBE, 0x28, 0x1B, 0xBB, 0xEF, 0xF9, 0x9E, 0x28, 0x8A, 0x92, 0x24, 0x49, 0x92,
    0x2F, 0x49, 0x92, 0x24, 0xF9, 0xBE, 0x2F, 0x49, 0x92, 0x24, 0x49, 0xB2, 0x2F, 0x49, 0x92, 0x24, 0x49, 0xBE, 0x2F, 0x47, 0xBE, 0x24, 0xF9, 0xBE,
    0xDC, 0x89, 0x92, 0x24, 0x49, 0x92, 0x24, 0x49, 0x92, 0x24, 0x49, 0x92, 0xE4, 0xC6, 0x48, 0x92, 0x24, 0x2D, 0x86, 0x61, 0x18, 0x86, 0xB1, 0x2C,
    0xCB, 0xB2, 0x30, 0xCB, 0xC2, 0x2C, 0xCB, 0xB2, 0x2C, 0xCB, 0xB2, 0x2C, 0xCB, 0xB2, 0x2C, 0xCB, 0xB2, 0x48, 0xCB, 0xB2, 0x2C, 0xCB, 0xC2, 0x48,
    0xCB, 0xB2, 0x2C, 0xCB, 0xB2, 0x2C, 0xCB, 0xB2, 0x2C, 0xD2, 0x55, 0x2D, 0xCB, 0xB2, 0x2C, 0xCB, 0xC2, 0x48, 0x12, 0x86, 0x61, 0x9B, 0x24, 0x55,
    0xD2, 0xB5, 0x55, 0x4C, 0xC6, 0x55, 0x52, 0x55, 0x31, 0xCB, 0xB2, 0x2C, 0xCB, 0xB2, 0x2C, 0xCB, 0xB2, 0x2C, 0x86, 0x61, 0x18, 0x8B, 0xB1, 0x30,
    0x86, 0x61, 0x18, 0xCB, 0x22, 0x55, 0x0C, 0x23, 0x91, 0x1E, 0x49, 0x92, 0xEF, 0x7B, 0x86, 0x50, 0x99, 0xA6, 0xA5, 0x16, 0x86, 0x69, 0x59, 0xDA,
    0xF7, 0x5A, 0x96, 0xAD, 0x1A, 0xDB, 0x77, 0x1C, 0x42, 0x5A, 0x18, 0x96, 0x6D, 0x3B, 0xAB, 0x2E, 0xCB, 0xB2, 0x24, 0x49, 0x92, 0x24, 0x49, 0x92,
    0x24, 0x49, 0x92, 0x24, 0x47, 0xBE, 0x24, 0x49, 0x92, 0x24, 0x49, 0x92, 0xDC, 0x4B, 0x92, 0xEF, 0xFB, 0xBE, 0x24, 0x49, 0x92, 0x24, 0x49, 0x92,
    0x24, 0x49, 0x92, 0x24, 0x49, 0x92, 0x24, 0x49, 0x92, 0x24, 0x49, 0xBE, 0x24, 0x49, 0x92, 0xEF, 0x49, 0x92, 0x24, 0x49, 0x92, 0x24, 0x49, 0x9E,
    0x24, 0x4A, 0x92, 0x24, 0xF9, 0xBE, 0x2F, 0x49, 0x7A, 0xA4, 0x47, 0x92, 0x5C, 0x55, 0x55, 0x55, 0x25, 0x31, 0x0C, 0xC3, 0x48, 0x95, 0x74, 0x61,
    0x5C, 0xC5, 0x30, 0xCC, 0xC2, 0x2C, 0x0B, 0x23, 0x61, 0xD7, 0xC5, 0x48, 0x15, 0x53, 0x5D, 0x15, 0xE3, 0x91, 0x12, 0xC3, 0x2C, 0xCB, 0xC2, 0x30,
    0x0C, 0x23, 0x61, 0x57, 0xC5, 0x48, 0x95, 0x74, 0x5D, 0xD8, 0x26, 0x49, 0x18, 0xC3, 0x30, 0x0C, 0xC3, 0x30, 0x15, 0x86, 0x61, 0x58, 0x75, 0x49,
    0x52, 0xB5, 0x49, 0x13, 0xB9, 0x61, 0x55, 0xB5, 0x5D, 0x55, 0x55, 0x5D, 0xD7, 0x75, 0x5D, 0xD7, 0x26, 0x31, 0x0C, 0xC3, 0x5C, 0x55, 0x93, 0x91,
    0x0C, 0xB3, 0x2C, 0xCB, 0xC2, 0x30, 0x0C, 0x53, 0x55, 0x95, 0xC4, 0x54, 0x95, 0xC4, 0x71, 0x19, 0xF9, 0xBE, 0x28, 0x29, 0x8A, 0xA4, 0x78, 0xBE,
    0xEC, 0xC9, 0xD2, 0xF4, 0x4B, 0xD3, 0xF4, 0xFB, 0xBE, 0xEF, 0xFB, 0xD2, 0xEF, 0xFB, 0xBE, 0xEF, 0xFB, 0x92, 0x24, 0xC9, 0x91, 0xF4, 0xFB, 0xBE,
    0x24, 0x49, 0xB2, 0x2F, 0x49, 0x92, 0x24, 0x49, 0x92, 0x24, 0x49, 0x92, 0x1C, 0x49, 0xBE, 0x2C, 0xFB, 0xBE, 0xEF, 0xFB, 0xBE, 0xAF, 0x47, 0xBE,
    0x27, 0x49, 0x92, 0x24, 0x49, 0x92, 0x24, 0xF9, 0x92, 0xE4, 0x4B, 0x92, 0x2F, 0xF9, 0xBE, 0xEF, 0x4B, 0x92, 0x24, 0x49, 0x92, 0x24, 0x49, 0x92,
    0x24, 0x49, 0x92, 0x24, 0x49, 0x7A, 0x1C, 0xC9, 0x55, 0x18, 0xC7, 0x59, 0x1B, 0xC6, 0x6D, 0x1C, 0xB7, 0x6D, 0x1C, 0xC7, 0x6D, 0x1C, 0xB7, 0x71,
    0x24, 0x47, 0x72, 0x5C, 0xC6, 0x49, 0xD2, 0x86, 0x6D, 0x18, 0xB6, 0x6D, 0xDB, 0xB6, 0x71, 0x92, 0xF4, 0xBE, 0xA4, 0x85, 0x31, 0x8C, 0xB4, 0x61,
    0x1C, 0xB7, 0x6D, 0xDB, 0xC6, 0x6D, 0x1B, 0xB7, 0x6D, 0xDB, 0x26, 0x49, 0xDB, 0xB6, 0x6D, 0x9B, 0xB5, 0x6D, 0x1B, 0x86, 0x61, 0x18, 0xC7, 0x79,
    0x9C, 0xC7, 0x71, 0x24, 0xC7, 0x6D, 0x1C, 0x87, 0x6D, 0x1C, 0xB7, 0x71, 0xDC, 0xB6, 0x61, 0xDC, 0x86, 0x6D, 0x1C, 0xC7, 0x71, 0xCC, 0x58, 0xBF,
    0x24, 0x57, 0x2D, 0x4B, 0xC5, 0x6D, 0xDB, 0x86, 0x61, 0x18, 0x86, 0x61, 0x95, 0x55, 0x59, 0x8C, 0xF7, 0xBE, 0x5B, 0x25, 0x31, 0x0B, 0x23, 0x6D,
    0x1C, 0x47, 0x92, 0x24, 0x49, 0x92, 0xA4, 0xC7, 0x91, 0x24, 0x49, 0x92, 0x1C, 0x47, 0x92, 0x24, 0x49, 0x92, 0x24, 0x49, 0x92, 0xA4, 0x37, 0xBD,
    0x2F, 0x49, 0xBE, 0x2F, 0x29, 0x91, 0x2F, 0x49, 0x92, 0x2F, 0x49, 0x92, 0xEF, 0xFB, 0xBE, 0xEF, 0xFB, 0xBE, 0xEF, 0xFB, 0xBE, 0xE7, 0xFB, 0xBE,
    0xEF, 0xFB, 0x92, 0xE4, 0xFB, 0xBE, 0x2F, 0x49, 0x92, 0x2F, 0x49, 0x92, 0xE4, 0xFB, 0xBE, 0xEF, 0x4B, 0x9E, 0xE4, 0x4B, 0x92, 0x24, 0xF9, 0x92,
    0x1B, 0x27, 0x31, 0x0C, 0x23, 0x49, 0x0C, 0x73, 0x55, 0x15, 0x56, 0x49, 0x12, 0x56, 0x31, 0xCB, 0xC2, 0x30, 0x0C, 0xC3, 0x30, 0x52, 0x55, 0x31,
    0x0C, 0xC3, 0x30, 0x0C, 0xC3, 0x48, 0x12, 0x53, 0x71, 0x1C, 0x86, 0x61, 0x18, 0x86, 0x61, 0x55, 0xC5, 0x71, 0x5C, 0xC5, 0x48, 0x97, 0xC4, 0x31,
    0x0B, 0xC3, 0x30, 0x0C, 0xC3, 0x30, 0x0B, 0x23, 0x31, 0x52, 0xB5, 0x55, 0x18, 0x86, 0x55, 0x15, 0xC7, 0x61, 0x18, 0x86, 0x61, 0x1C, 0x57, 0x5D,
    0x1C, 0x27, 0x49, 0x92, 0x24, 0x49, 0x8C, 0x84, 0x49, 0xD5, 0x55, 0x49, 0x15, 0x26, 0x31, 0xCB, 0xC2, 0x30, 0x0C, 0xB3, 0x30, 0x52, 0x76, 0x35,
    0xCC, 0xC2, 0x2C, 0x0B, 0xC3, 0x48, 0x8C, 0x84, 0x6D, 0x1C, 0x86, 0x61, 0x18, 0x86, 0x61, 0xD5, 0xC6, 0x71, 0x9C, 0xC4, 0x30, 0x97, 0x84, 0x49,
    0xCB, 0xB2, 0x2C, 0xCB, 0xB2, 0x2C, 0x0B, 0x23, 0x2D, 0x8C, 0x54, 0x49, 0xD5, 0x55, 0x55, 0x12, 0x86, 0x61, 0x1C, 0xC7, 0x71, 0x9C, 0x24, 0x55,
    0x1E, 0x27, 0x4D, 0x93, 0x24, 0x49, 0x93, 0x84, 0x71, 0x19, 0xC7, 0x91, 0xE4, 0x7B, 0x9E, 0x24, 0x49, 0x92, 0x24, 0x49, 0x92, 0x24, 0x49, 0x92,
    0x24, 0x49, 0x92, 0x1E, 0x49, 0x92, 0x24, 0x49, 0x92, 0x24, 0x49, 0x92, 0x24, 0x49, 0x92, 0x24, 0x49, 0x92, 0x24, 0x49, 0x92, 0x24, 0x49, 0x92,
    0x92, 0xB4, 0x2C, 0x8B, 0xC4, 0x2C, 0x0B, 0x23, 0x2D, 0xCB, 0xB2, 0x30, 0xD2, 0x56, 0x31, 0xCC, 0xB2, 0x30, 0xCB, 0xB2, 0x2C, 0xCB, 0xB2, 0x2C,
    0xCB, 0xB2, 0x2C, 0xCB, 0xC2, 0x30, 0x8C, 0x24, 0x55, 0x52, 0xC5, 0x71, 0x1B, 0xB6, 0x61, 0x18, 0x56, 0x55, 0xD5, 0x56, 0x55, 0x58, 0x25, 0x2D,
    0xCB, 0xB2, 0x2C, 0xCB, 0xB2, 0x2C, 0xCB, 0xB2, 0x2C, 0x4C, 0x85, 0x49, 0xDB, 0x66, 0x71, 0x1E, 0xC9, 0x6D, 0x1C, 0xC7, 0x55, 0x52, 0x25, 0x49,
    0x12, 0xB3, 0x2C, 0x8B, 0xB4, 0x2C, 0x0B, 0xC3, 0x2C, 0xCB, 0xB2, 0x30, 0x12, 0x27, 0x31, 0xCC, 0xC2, 0x30, 0xCB, 0xB2, 0x2C, 0xCB, 0xB2, 0x18,
    0xCB, 0xB2, 0x2C, 0xCB, 0xC2, 0x30, 0x92, 0x24, 0x49, 0x12, 0xC7, 0x71, 0xD8, 0x86, 0x61, 0x5B, 0x55, 0x55, 0x18, 0x56, 0x55, 0xD8, 0x25, 0x31,
    0xCB, 0xB2, 0x2C, 0xCB, 0xB2, 0x2C, 0xCB, 0xB2, 0x2C, 0x8C, 0xC4, 0x49, 0x15, 0x87, 0x71, 0x24, 0xC9, 0x61, 0xDB, 0xC6, 0x61, 0x52, 0x55, 0x31,
    0x12, 0xB3, 0x2C, 0x8B, 0xC4, 0x2C, 0x0B, 0x23, 0x2D, 0xCB, 0xB2, 0x30, 0xD2, 0x26, 0x31, 0xCC, 0xB2, 0x30, 0xCB, 0xB2, 0x2C, 0xCB, 0xB2, 0x2C,
    0xCB, 0xB2, 0x2C, 0x0B, 0x23, 0x55, 0x59, 0x96, 0x71, 0x99, 0x47, 0x92, 0x24, 0xC7, 0x71, 0x1C, 0xC7, 0x71, 0x1C, 0xE7, 0x79, 0x1E, 0x97, 0x71,
    0xCB, 0xB2, 0x2C, 0xCB, 0xB2, 0x2C, 0xCB, 0xB2, 0x30, 0xCB, 0xB2, 0x48, 0x92, 0xC4, 0x2C, 0x0B, 0xB3, 0x2C, 0xCB, 0xB2, 0x2C, 0xCB, 0xB2, 0x2C,
    0x0B, 0xB3, 0x2C, 0xCB, 0xB2, 0x2C, 0xCB, 0xB2, 0x30, 0xCB, 0xC2, 0x30, 0x8C, 0x24, 0x6D, 0x18, 0x86, 0x61, 0x58, 0x85, 0x71, 0x5B, 0x25, 0x49,
    0x92, 0x24, 0x31, 0x12, 0xB3, 0x2C, 0xCB, 0xB2, 0x2C, 0x0C, 0xC3, 0x48, 0x92, 0x24, 0x49, 0x8C, 0x24, 0x31, 0x0C, 0xC3, 0x30, 0x0B, 0xB3, 0x2C,
    0xCB, 0xB2, 0x2C, 0xCB, 0xB2, 0x2C, 0xCB, 0xC2, 0x30, 0xCB, 0xB2, 0x48, 0x92, 0xC4, 0x2C, 0xCC, 0xB2, 0x2C, 0xCB, 0xB2, 0x2C, 0xCB, 0xB2, 0x2C,
    0xCC, 0xB2, 0x2C, 0xCB, 0xB2, 0x2C, 0xCB, 0xB2, 0x30, 0x0B, 0xC3, 0x30, 0x92, 0x24, 0x6D, 0x18, 0x86, 0x61, 0x58, 0xB5, 0x71, 0x1B, 0x26, 0x49,
    0x92, 0x24, 0x31, 0x12, 0xB3, 0x2C, 0xCB, 0xB2, 0x2C, 0x0C, 0xC3, 0x30, 0x92, 0x24, 0x49, 0x12, 0x23, 0x31, 0x0C, 0xC3, 0x30, 0xCB, 0xB2, 0x2C,
    0xCB, 0xB2, 0x2C, 0xCB, 0xB2, 0x2C, 0xCB, 0xB2, 0x30, 0xCB, 0xB2, 0x48, 0x92, 0xC4, 0x2C, 0x0B, 0xB3, 0x2C, 0xCB, 0xB2, 0x2C, 0xCB, 0xB2, 0x2C,
    0xCB, 0xB2, 0x2C, 0xCB, 0xB2, 0x2C, 0xCB, 0xB2, 0x30, 0xCB, 0xC2, 0x2C, 0x8C, 0x24, 0x59, 0x55, 0x55, 0x55, 0x55, 0x55, 0x61, 0x98, 0x24, 0x55,
    0x15, 0x26, 0x31, 0x0C, 0xB3, 0x48, 0x52, 0x65, 0x55, 0x8C, 0x24, 0x49, 0x12, 0xC3, 0x30, 0x12, 0xB3, 0x30, 0x8C, 0x24, 0x49, 0x12, 0xC3, 0x54,
    0x95, 0xC4, 0x5C, 0xDB, 0x26, 0x49, 0x0C, 0x83, 0x55, 0x12, 0xC3, 0x2C, 0xD2, 0x55, 0x59, 0x15, 0x86, 0x61, 0x1C, 0xD3, 0xBC, 0x24, 0xC7, 0x71,
    0x1C, 0xB7, 0x5D, 0x1C, 0xB3, 0x48, 0x56, 0x85, 0x61, 0x98, 0xC4, 0x54, 0x55, 0x65, 0x31, 0x4B, 0x85, 0x49, 0x0B, 0xC3, 0x48, 0x92, 0x24, 0x49,
    0xD8, 0x25, 0x31, 0xCC, 0xC2, 0x48, 0xD2, 0xB5, 0x49, 0x8C, 0x24, 0x49, 0x12, 0xC3, 0x30, 0xD2, 0xB2, 0x30, 0x8C, 0x24, 0x49, 0x12, 0xC3, 0x5C,
    0x12, 0xC3, 0x70, 0xD8, 0x25, 0x49, 0x8C, 0x84, 0x55, 0x0C, 0xC3, 0x30, 0x55, 0x85, 0x59, 0x18, 0x86, 0x6D, 0x95, 0xF1, 0xC9, 0x27, 0xC7, 0x71,
    0x1C, 0xC7, 0x5D, 0x9C, 0x64, 0x30, 0x57, 0x55, 0x61, 0x98, 0xB4, 0x48, 0x57, 0x85, 0x49, 0x8B, 0xB4, 0x55, 0xCB, 0xC2, 0x48, 0x92, 0x24, 0x49,
    0x95, 0x25, 0x31, 0xCC, 0xB2, 0x48, 0x52, 0x85, 0x49, 0x8C, 0x24, 0x49, 0x12, 0xC3, 0x30, 0x12, 0xB3, 0x30, 0x8C, 0x24, 0x49, 0x12, 0xC3, 0x54,
    0x95, 0xC4, 0x6C, 0x1B, 0x27, 0x49, 0x8C, 0x84, 0x5D, 0xD2, 0xC2, 0x2C, 0xD2, 0x75, 0x59, 0x18, 0x86, 0x61, 0xDC, 0x32, 0xBD, 0x24, 0xC7, 0x6D,
    0x1B, 0x87, 0x6D, 0x5C, 0x25, 0x71, 0xD6, 0x86, 0x5D, 0xD8, 0xC6, 0x61, 0xDB, 0xC6, 0x61, 0x9B, 0x24, 0x6D, 0xDB, 0xB6, 0x6D, 0xDB, 0xB6, 0x71,
    0x95, 0x24, 0x31, 0x8C, 0xB4, 0x6D, 0xDB, 0x86, 0x49, 0x1E, 0xB7, 0x71, 0x1B, 0x27, 0x61, 0x9C, 0xB5, 0x61, 0x9C, 0x34, 0xBD, 0x24, 0x79, 0x61,
    0x18, 0x56, 0x61, 0x98, 0x24, 0x71, 0x1B, 0x27, 0x31, 0x8C, 0xC4, 0x6D, 0x18, 0xB6, 0x71, 0xDC, 0xB6, 0x5D, 0x12, 0xB7, 0x6D, 0xDB, 0xB6, 0x61,
    0xDC, 0x86, 0x6D, 0x9C, 0x74, 0x6D, 0xD8, 0x66, 0x61, 0xDB, 0xB6, 0x61, 0xDB, 0xB6, 0x6D, 0x96, 0x24, 0x71, 0xDB, 0xB6, 0x6D, 0xDB, 0xB6, 0x71,
    0x92, 0x24, 0x31, 0x8C, 0xC4, 0x6D, 0x1B, 0x27, 0x61, 0x24, 0xC7, 0x71, 0xDB, 0x26, 0x71, 0xD6, 0x86, 0x6D, 0x18, 0x43, 0xBE, 0x24, 0xC9, 0x55,
    0x18, 0x56, 0x61, 0x9B, 0x24, 0x61, 0xDB, 0x56, 0x31, 0x8C, 0xC4, 0x6D, 0xDB, 0xB6, 0x6D, 0x1C, 0x87, 0x6D, 0x12, 0xC6, 0x6D, 0xDB, 0xB6, 0x6D,
    0x1B, 0x87, 0x61, 0x5C, 0x25, 0x71, 0xD8, 0x66, 0x55, 0xD8, 0xB6, 0x61, 0xD8, 0xB6, 0x61, 0x9B, 0x24, 0x71, 0xDB, 0xB6, 0x6D, 0xDB, 0xB6, 0x71,
    0x92, 0x24, 0x31, 0x8C, 0xB4, 0x6D, 0x1B, 0x57, 0x49, 0x24, 0xC7, 0x71, 0x1B, 0x27, 0x71, 0x1C, 0x86, 0x61, 0x9C, 0x94, 0xBD, 0x24, 0x59, 0x61,
    0xD2, 0x42, 0x7A, 0xD5, 0xB6, 0x55, 0x1C, 0xE7, 0x91, 0x24, 0x49, 0x72, 0xD5, 0x26, 0x31, 0xE4, 0xC6, 0x61, 0x15, 0xC7, 0x55, 0xD8, 0xC6, 0x55,
    0x18, 0x77, 0x2D, 0x0B, 0x53, 0x61, 0xD8, 0x56, 0x31, 0x24, 0x57, 0x55, 0x58, 0x25, 0x6D, 0x5C, 0x55, 0x59, 0x55, 0xB5, 0x6D, 0x1C, 0x87, 0x6D,
    0x12, 0x53, 0x6D, 0x18, 0xC7, 0x61, 0x18, 0xC7, 0x2C, 0x19, 0x57, 0x61, 0x18, 0x86, 0x55, 0x12, 0xC3, 0x54, 0x1C, 0x86, 0x61, 0x18, 0x86, 0x6D,
    0x8B, 0x44, 0x72, 0xD5, 0x86, 0x6D, 0x1C, 0x47, 0x92, 0x24, 0x49, 0x6E, 0x18, 0xC6, 0x64, 0x9C, 0xB5, 0x55, 0x1C, 0xC9, 0x55, 0x18, 0xB7, 0x55,
    0x1B, 0x27, 0x2D, 0x8B, 0xC4, 0x61, 0x18, 0x27, 0x65, 0x24, 0x56, 0x61, 0x95, 0x54, 0x71, 0x58, 0x75, 0x55, 0x92, 0xB5, 0x61, 0x1C, 0x87, 0x6D,
    0x18, 0x23, 0x6D, 0xD8, 0xC6, 0x61, 0xD8, 0x26, 0x2D, 0x15, 0x57, 0x61, 0x18, 0x86, 0x5D, 0x12, 0xC3, 0x48, 0x1C, 0x86, 0x61, 0x18, 0x86, 0x71,
    0x0C, 0x43, 0x72, 0xD5, 0xB6, 0x55, 0x1C, 0xE7, 0x91, 0x24, 0x49, 0x72, 0x15, 0x27, 0x49, 0xA4, 0xC5, 0x61, 0x98, 0xC7, 0x55, 0xD8, 0xC6, 0x55,
    0x18, 0x57, 0x2D, 0x0B, 0xB3, 0x61, 0xD8, 0x56, 0x49, 0x24, 0x57, 0x55, 0x98, 0x24, 0x6D, 0x5B, 0x55, 0x59, 0x55, 0xB5, 0x6D, 0x1C, 0x87, 0x61,
    0x12, 0xE3, 0x71, 0x15, 0x76, 0x71, 0xDC, 0xC6, 0x91, 0x24, 0xB7, 0x6D, 0x18, 0x56, 0x6D, 0x64, 0x85, 0x61, 0xD7, 0xB6, 0x61, 0x58, 0x25, 0x71,
    0xDB, 0x75, 0x61, 0xD8, 0x86, 0x61, 0x18, 0x86, 0x61, 0x9B, 0xB4, 0x30, 0x1C, 0x23, 0x59, 0x96, 0x24, 0x71, 0x17, 0xC6, 0x71, 0x55, 0x85, 0x6D,
    0x52, 0xC5, 0x55, 0xD8, 0x85, 0x61, 0x18, 0x76, 0x61, 0x1C, 0x87, 0x61, 0x18, 0xB6, 0x49, 0x4C, 0x55, 0x61, 0x18, 0x86, 0x61, 0x18, 0x86, 0x61,
    0x8C, 0x44, 0x72, 0x16, 0x56, 0x71, 0x1C, 0x47, 0x92, 0x24, 0xC7, 0x6D, 0x18, 0x56, 0x79, 0x5E, 0x85, 0x61, 0xD8, 0x86, 0x61, 0x9B, 0x24, 0x71,
    0xD5, 0x75, 0x61, 0x18, 0x86, 0x61, 0x18, 0x86, 0x6D, 0x18, 0xB3, 0x54, 0x15, 0x53, 0x59, 0x95, 0xB4, 0x71, 0x15, 0xC7, 0x71, 0x55, 0x85, 0x6D,
    0x95, 0xC4, 0x59, 0xD8, 0x75, 0x61, 0x18, 0x76, 0x5D, 0x1C, 0x87, 0x61, 0x18, 0xB6, 0x55, 0x8C, 0x54, 0x5D, 0x18, 0x86, 0x61, 0x18, 0x86, 0x6D,
    0x12, 0x43, 0x72, 0x15, 0x56, 0x71, 0xDC, 0xE6, 0x91, 0x24, 0xB7, 0x6D, 0x18, 0x56, 0x71, 0x64, 0x85, 0x61, 0xD8, 0x86, 0x61, 0x58, 0x25, 0x71,
    0xD8, 0x75, 0x61, 0x18, 0x86, 0x61, 0x18, 0x86, 0x61, 0x9B, 0xB4, 0x30, 0x1C, 0x23, 0x6D, 0x96, 0x24, 0x71, 0x17, 0xC7, 0x71, 0x55, 0x85, 0x61,
    0x1B, 0x57, 0x55, 0x18, 0xB6, 0x49, 0x0C, 0xC3, 0x30, 0x0C, 0x63, 0x55, 0x1B, 0xC7, 0x71, 0x16, 0x56, 0x71, 0x1C, 0xC7, 0x61, 0x9C, 0x34, 0x91,
    0x1B, 0xB6, 0x61, 0x58, 0x85, 0x61, 0x18, 0x86, 0x61, 0x9B, 0x24, 0x55, 0xDB, 0xC6, 0x71, 0x1E, 0x49, 0x92, 0x24, 0x49, 0x92, 0x24, 0x87, 0x6D,
    0xDC, 0x86, 0x61, 0x1B, 0x87, 0x61, 0x18, 0xC6, 0x6D, 0x15, 0x56, 0x61, 0x18, 0xB6, 0x61, 0xDB, 0xB6, 0x55, 0xD7, 0x85, 0x61, 0x18, 0x86, 0x61,
    0xDC, 0x56, 0x61, 0xD8, 0x56, 0x31, 0x0C, 0xC3, 0x30, 0x8C, 0xB4, 0x5D, 0x1C, 0xC7, 0x6D, 0x16, 0x86, 0x71, 0x1C, 0xB7, 0x61, 0x1C, 0xF3, 0x91,
    0xD5, 0xB6, 0x61, 0x57, 0x85, 0x61, 0x18, 0x86, 0x61, 0x95, 0x24, 0x5D, 0x1B, 0xC7, 0x71, 0xA4, 0x47, 0x92, 0x24, 0x49, 0x92, 0xA4, 0xC7, 0x55,
    0x1C, 0x57, 0x61, 0x18, 0xB7, 0x61, 0x18, 0xC6, 0x6D, 0x17, 0x76, 0x5D, 0x18, 0xB6, 0x59, 0xDC, 0xB6, 0x55, 0xD5, 0x85, 0x61, 0x18, 0x86, 0x61,
    0x1B, 0x57, 0x55, 0x18, 0xB6, 0x49, 0x0C, 0xC3, 0x30, 0x0C, 0x83, 0x55, 0x1B, 0xC7, 0x71, 0x16, 0x76, 0x71, 0x1C, 0xC7, 0x61, 0x9C, 0x94, 0x91,
    0x18, 0xB6, 0x61, 0x58, 0x85, 0x61, 0x18, 0x86, 0x61, 0x98, 0x24, 0x55, 0xDB, 0xC6, 0x71, 0x1E, 0x49, 0x92, 0x24, 0x49, 0x92, 0x24, 0x57, 0x6D,
    0x18, 0xB6, 0x6D, 0x18, 0xB6, 0x55, 0x55, 0x55, 0x31, 0x8C, 0x24, 0x2D, 0x92, 0x24, 0x49, 0x15, 0xB3, 0x48, 0x92, 0x24, 0x31, 0x92, 0xC4, 0x55,
    0xD2, 0x26, 0x61, 0x98, 0x74, 0x61, 0x18, 0x86, 0x61, 0xDB, 0x66, 0x55, 0x55, 0x85, 0x6D, 0x1C, 0xC7, 0x6D, 0xDB, 0xB6, 0x71, 0x1C, 0x87, 0x61,
    0x1C, 0x86, 0x6D, 0x95, 0x84, 0x61, 0xD8, 0x25, 0x55, 0xDB, 0x25, 0x55, 0x5B, 0x55, 0x71, 0x58, 0x85, 0x71, 0xCB, 0xE2, 0x91, 0x15, 0x86, 0x61,
    0x18, 0xB6, 0x6D, 0xD8, 0x86, 0x55, 0x55, 0x25, 0x2D, 0x4C, 0xC5, 0x30, 0x92, 0x24, 0x49, 0xD2, 0xC2, 0x48, 0x92, 0x24, 0x31, 0xD2, 0xC5, 0x49,
    0x57, 0x25, 0x71, 0x92, 0xB4, 0x61, 0x18, 0x86, 0x6D, 0x18, 0x57, 0x55, 0xD6, 0x85, 0x71, 0x1C, 0xB7, 0x6D, 0xDB, 0xB6, 0x71, 0x1C, 0x87, 0x61,
    0xDC, 0x86, 0x61, 0x98, 0x54, 0x61, 0x18, 0x26, 0x49, 0xDB, 0x26, 0x49, 0x1B, 0x56, 0x71, 0x5B, 0x55, 0x71, 0x8C, 0x91, 0x91, 0x18, 0x86, 0x61,
    0x18, 0xB6, 0x6D, 0x18, 0xB6, 0x55, 0x55, 0x25, 0x31, 0x4C, 0x25, 0x2D, 0x92, 0x24, 0x49, 0x12, 0xC3, 0x48, 0x92, 0x24, 0x31, 0x52, 0xC5, 0x55,
    0x15, 0x26, 0x61, 0x95, 0x84, 0x61, 0x18, 0x86, 0x61, 0x1B, 0x57, 0x55, 0x56, 0x85, 0x71, 0x1E, 0xC7, 0x6D, 0xDB, 0xB6, 0x71, 0x1C, 0x87, 0x61,
    0x58, 0x25, 0x49, 0x55, 0x25, 0x49, 0x95, 0x54, 0x71, 0x95, 0xB4, 0x2C, 0xCB, 0xB2, 0x2C, 0x0B, 0xB3, 0x2C, 0xCB, 0xC2, 0x2C, 0x0B, 0x23, 0x2D,
    0x0C, 0x27, 0x5D, 0x18, 0x86, 0x61, 0x18, 0xB6, 0x55, 0x12, 0xB7, 0x49, 0x1E, 0xC7, 0x71, 0x5C, 0xC5, 0x71, 0x18, 0x86, 0x55, 0x55, 0x85, 0x61,
    0x98, 0x54, 0x5D, 0xCC, 0x52, 0x61, 0x9C, 0xC4, 0x60, 0x18, 0x86, 0x61, 0x5B, 0x55, 0x71, 0x9C, 0x94, 0x91, 0x0C, 0xC3, 0x71, 0x15, 0x86, 0x61,
    0x9B, 0x24, 0x49, 0x98, 0x24, 0x55, 0x92, 0xC4, 0x71, 0x12, 0xB3, 0x2C, 0xCB, 0xB2, 0x2C, 0x0B, 0xB3, 0x2C, 0x0B, 0xB3, 0x2C, 0x8C, 0xC4, 0x2C,
    0x52, 0x25, 0x6D, 0x18, 0x86, 0x61, 0x18, 0xB6, 0x49, 0x12, 0x57, 0x71, 0x1E, 0xC7, 0x71, 0x5C, 0xC5, 0x71, 0x15, 0x86, 0x61, 0x55, 0x85, 0x61,
    0x56, 0x25, 0x6D, 0xCC, 0x22, 0x71, 0x58, 0xC5, 0x54, 0x1B, 0x86, 0x61, 0x18, 0x26, 0x71, 0x9C, 0x24, 0x91, 0x12, 0x73, 0x79, 0x58, 0x85, 0x61,
    0x58, 0x25, 0x49, 0x55, 0x25, 0x49, 0x95, 0x74, 0x71, 0x15, 0xB3, 0x2C, 0xCB, 0xB2, 0x2C, 0x0B, 0xB3, 0x2C, 0xCB, 0xC2, 0x2C, 0x8B, 0xC4, 0x2C,
    0xCC, 0x26, 0x61, 0x18, 0x86, 0x61, 0x18, 0xB6, 0x55, 0x12, 0x77, 0x55, 0x1E, 0xC7, 0x71, 0x5C, 0xC5, 0x71, 0x15, 0x86, 0x55, 0x55, 0x85, 0x61,
};

// Grand Mosque Domes (two arched portals, striped market canopy, green metallic domes)
static const uint16_t BG_STAGE_DOMES_PAL[64] PROGMEM = {
    0xDE31, 0xC54F, 0xBCCD, 0xAC6D, 0xA40C, 0x9BCB, 0x8BAC, 0x8B6B,
    0x8B2A, 0x830A, 0x7B0A, 0x7AC9, 0x7AC9, 0x7AC9, 0x72EE, 0x6ACE,
    0x9288, 0x72A8, 0x72A9, 0x6A68, 0x628F, 0x628C, 0x624A, 0x6248,
    0x5A6F, 0x5A6D, 0x5A4E, 0x4A68, 0x524E, 0x522E, 0x5A28, 0x522D,
    0x79A7, 0x59C8, 0x520B, 0x51C7, 0x49ED, 0x49E8, 0x49C9, 0x4988,
    0x41AC, 0x41A7, 0x398A, 0x3986, 0x3988, 0x3966, 0x3968, 0x3929,
    0x3187, 0x3167, 0x3149, 0x3145, 0x312A, 0x292A, 0x3125, 0x2924,
    0x2908, 0x2904, 0x20E6, 0x20E3, 0x3088, 0x18A3, 0x2848, 0x1806,
};
static const uint8_t BG_STAGE_DOMES_PACKED[12288] PROGMEM = {
    0xD4, 0x67, 0x0E, 0x8E, 0x46, 0x51, 0x14, 0x45, 0x51, 0x14, 0x45, 0x51, 0x14, 0x45, 0x51, 0x14, 0xA5, 0xD9, 0x31, 0x0C, 0xB3, 0xE2, 0xF7, 0x69,
    0x98, 0x08, 0x53, 0x94, 0xA8, 0x61, 0x1A, 0xA5, 0x51, 0x54, 0x87, 0xA2, 0x28, 0x8A, 0xD6, 0x06, 0x30, 0x08, 0x00, 0x00, 0x00, 0x40, 0x00, 0x00,
    0x00, 0x00, 0x00, 0x00, 0x00, 0x00, 0x81, 0x10, 0x14, 0xA9, 0x37, 0x86, 0xA3, 0x27, 0x0C, 0x85, 0x51, 0x48, 0xEB, 0x6A, 0x33, 0x88, 0x67, 0xAF,
    0x2F, 0xEF, 0xFF, 0x7F, 0x08, 0x41, 0x20, 0x38, 0xB6, 0x20, 0x08, 0x8E, 0x6D, 0x7B, 0xBE, 0x3C, 0xCF, 0x0B, 0x00, 0x00, 0x00, 0x00, 0x00, 0x00,
    0x00, 0x00, 0x00, 0xC3, 0x60, 0x4C, 0x13, 0x01, 0x08, 0x03, 0x11, 0x78, 0xD3, 0x30, 0x1C, 0x05, 0x61, 0x14, 0x85, 0x51, 0x1C, 0xCB, 0xD2, 0x2C,
    0x85, 0xE5, 0xFB, 0xFE, 0xEF, 0xB7, 0x20, 0x08, 0x8E, 0xED, 0xFA, 0xBE, 0xEF, 0xFB, 0xF2, 0x3C, 0xEF, 0x8F, 0x53, 0x12, 0x00, 0xC4, 0x55, 0x10,
    0x04, 0x00, 0x00, 0x00, 0x60, 0x79, 0x4A, 0x24, 0x49, 0x44, 0x20, 0x08, 0x42, 0x10, 0x04, 0x41, 0x30, 0x14, 0x47, 0x74, 0x14, 0xC8, 0xE5, 0x79,
    0x6B, 0x3A, 0xF2, 0x3C, 0xCF, 0xFB, 0xFF, 0xEF, 0xFB, 0xBE, 0xEF, 0xFB, 0xBE, 0xCF, 0xF3, 0xFC, 0xCB, 0xF3, 0x3C, 0xCF, 0xF3, 0x3C, 0xCF, 0xF3,
    0x94, 0x28, 0x3A, 0x0E, 0x46, 0x51, 0x14, 0x45, 0x51, 0x14, 0x45, 0x51, 0x14, 0x45, 0x51, 0x14, 0x95, 0xF5, 0x36, 0x9B, 0xE7, 0xB6, 0x9D, 0x9B,
    0x94, 0x66, 0x3A, 0x8E, 0xA8, 0x51, 0x14, 0x45, 0x51, 0x14, 0x86, 0xA2, 0x28, 0x8A, 0xA2, 0x64, 0x22, 0x00, 0x00, 0x00, 0x00, 0x40, 0x00, 0x00,
    0x00, 0x00, 0x04, 0x07, 0x43, 0x00, 0x80, 0x10, 0x28, 0xE9, 0x14, 0x25, 0xCB, 0xA8, 0x10, 0x05, 0x71, 0xA4, 0x63, 0x6A, 0xCF, 0xD1, 0x92, 0xC2,
    0x2F, 0xEF, 0x9F, 0x10, 0x04, 0x86, 0x61, 0xD8, 0xAE, 0x7C, 0x3B, 0xDF, 0x17, 0x08, 0x82, 0x63, 0x1B, 0x0E, 0x01, 0x00, 0x18, 0x8A, 0x11, 0x00,
    0x00, 0x00, 0x18, 0xB6, 0x64, 0x1C, 0xD3, 0x11, 0x04, 0x41, 0xE1, 0x79, 0xD3, 0xB8, 0xB6, 0x65, 0x40, 0x18, 0xC4, 0x30, 0x8E, 0x8A, 0xD4, 0x34,
    0x84, 0xE5, 0xF3, 0xFC, 0x2B, 0x8A, 0x6D, 0xDB, 0xE6, 0xF7, 0xFB, 0xBE, 0xAF, 0xFA, 0xF2, 0x2F, 0x1F, 0x26, 0x05, 0x01, 0x00, 0x05, 0x01, 0x08,
    0x47, 0x01, 0x00, 0x82, 0x94, 0x10, 0x47, 0x72, 0x24, 0x81, 0x20, 0x08, 0x41, 0x52, 0x26, 0x44, 0x20, 0x14, 0x47, 0x73, 0x14, 0xC6, 0x12, 0x4D,
    0x63, 0x7A, 0xBD, 0x3E, 0xCF, 0xFB, 0x3E, 0xEF, 0xFB, 0xBE, 0xEF, 0xFB, 0xFF, 0xFF, 0xFB, 0x3E, 0xEF, 0xFB, 0x3C, 0xCF, 0xF3, 0x3C, 0xCF, 0xF3,
    0x18, 0xAC, 0x51, 0x1A, 0x45, 0x51, 0x14, 0x45, 0x51, 0x14, 0x45, 0x51, 0x14, 0x45, 0x51, 0x14, 0x85, 0xED, 0xF0, 0x97, 0xE7, 0xA6, 0xBA, 0x8B,
    0xD4, 0xA7, 0x3A, 0xCE, 0x47, 0x51, 0x14, 0x45, 0x51, 0x14, 0x85, 0xA1, 0x28, 0x8A, 0xA2, 0xB5, 0x11, 0x00, 0x00, 0x00, 0x00, 0x00, 0x00, 0x00,
    0x80, 0x31, 0x4D, 0x4B, 0x14, 0x0E, 0x40, 0x30, 0xAC, 0x5E, 0x71, 0x20, 0xD3, 0x95, 0xEA, 0xD2, 0xE0, 0xA5, 0xD3, 0x95, 0xDA, 0x73, 0xDA, 0xB6,
    0xE3, 0xCB, 0x87, 0x20, 0x38, 0xAE, 0x20, 0x98, 0xF2, 0x62, 0x52, 0xEE, 0x1E, 0x02, 0x82, 0x20, 0x08, 0x49, 0xD3, 0x81, 0x80, 0x20, 0x04, 0x15,
    0x41, 0xA0, 0xAC, 0x17, 0x31, 0x18, 0x07, 0x73, 0x09, 0xC1, 0x64, 0x4B, 0x07, 0xE3, 0x4D, 0xA5, 0x67, 0x10, 0x43, 0x31, 0xAE, 0x76, 0xBB, 0x44,
    0x89, 0x61, 0x9E, 0x10, 0x44, 0x20, 0xC5, 0x9C, 0xC7, 0xFC, 0x6B, 0xBE, 0xEF, 0xF9, 0xBE, 0xAF, 0x45, 0x0C, 0x81, 0x10, 0x18, 0x87, 0x10, 0x10,
    0x89, 0x11, 0x04, 0xD2, 0x55, 0x14, 0xD7, 0x31, 0x18, 0x04, 0x20, 0x04, 0x47, 0x39, 0x7A, 0xA3, 0x77, 0x10, 0x07, 0x52, 0x14, 0x45, 0x12, 0x2D,
    0xD1, 0xC8, 0x88, 0x3E, 0xCF, 0xFB, 0xBE, 0xEF, 0xF3, 0x3C, 0xEF, 0xFB, 0xBC, 0xFF, 0xFB, 0x3C, 0xEF, 0xFB, 0xBE, 0xCF, 0xF3, 0x3C, 0xCF, 0xF3,
    0x94, 0xE9, 0x38, 0x1F, 0x46, 0x51, 0x14, 0x45, 0x51, 0x14, 0x45, 0x51, 0x14, 0x45, 0x51, 0x14, 0x45, 0xB1, 0xB9, 0x6B, 0xEF, 0x2A, 0xBB, 0x8B,
    0x54, 0x66, 0x3A, 0x8E, 0x88, 0x51, 0x14, 0x45, 0x51, 0x14, 0xD5, 0xA1, 0x28, 0x8A, 0xA2, 0x59, 0x00, 0x00, 0x00, 0x00, 0x00, 0x00, 0x00, 0x00,
    0x80, 0x64, 0x10, 0xC9, 0x32, 0x8D, 0x8A, 0x40, 0x5C, 0xD1, 0x51, 0x20, 0xD2, 0xE4, 0x8D, 0xE9, 0x98, 0xA6, 0xA5, 0x37, 0xB6, 0xAD, 0xDD, 0xA6,
    0xE9, 0xF8, 0xF2, 0x3F, 0x7F, 0x5A, 0xE0, 0xC8, 0xBF, 0x04, 0x31, 0xAE, 0x26, 0x51, 0x80, 0x10, 0x04, 0x15, 0xC2, 0x81, 0x1C, 0x10, 0x04, 0x41,
    0x20, 0x78, 0x14, 0xC7, 0x02, 0x42, 0x10, 0x08, 0x42, 0xC4, 0x71, 0x49, 0x8A, 0x32, 0x5D, 0xA1, 0x2D, 0x11, 0x4C, 0x3A, 0x86, 0x20, 0x08, 0x21,
    0x43, 0x20, 0x40, 0x10, 0x04, 0x15, 0xC0, 0x66, 0xAB, 0xA6, 0x69, 0x9A, 0xEA, 0xFB, 0xF2, 0xAF, 0x32, 0x04, 0x81, 0x20, 0x0C, 0x41, 0x20, 0x14,
    0xC4, 0x71, 0x45, 0x44, 0x81, 0x4C, 0x93, 0x77, 0x31, 0x49, 0x10, 0x10, 0xEB, 0xA5, 0x34, 0xD3, 0x68, 0x13, 0x84, 0x51, 0x14, 0xC7, 0xD2, 0x34,
    0xCB, 0x15, 0x1D, 0x3C, 0xCF, 0xFB, 0xBE, 0xEF, 0xF3, 0xBE, 0xEF, 0xFB, 0xBC, 0xEF, 0xFB, 0xFC, 0xCB, 0xF3, 0x3C, 0xCF, 0xF3, 0x3C, 0xCF, 0xF3,
    0x94, 0x48, 0x39, 0xDF, 0x47, 0x51, 0x14, 0x45, 0x51, 0x14, 0x45, 0x51, 0x14, 0x45, 0x51, 0x14, 0x45, 0x89, 0xBD, 0x6A, 0xEE, 0xF9, 0x69, 0xC7,
    0x1D, 0xA6, 0xAA, 0x94, 0xC6, 0x51, 0x18, 0x86, 0x61, 0x18, 0x45, 0xD6, 0x35, 0x8A, 0xD6, 0x0E, 0x00, 0x00, 0x40, 0x70, 0x14, 0x00, 0x00, 0x00,
    0xC6, 0x28, 0x0C, 0xC8, 0x11, 0x45, 0x9E, 0x7D, 0x4D, 0x4A, 0x51, 0x30, 0xD7, 0x34, 0xA6, 0xE5, 0x35, 0xAE, 0xED, 0x78, 0x8D, 0xAD, 0x6D, 0xDB,
    0xF6, 0xBA, 0xFE, 0xBF, 0x2F, 0x8A, 0xD6, 0xCB, 0x5B, 0xC5, 0x64, 0xC7, 0xA2, 0x48, 0x40, 0x10, 0x04, 0x41, 0x02, 0x00, 0x00, 0x01, 0x04, 0x41,
    0x10, 0x24, 0x00, 0x80, 0x30, 0x40, 0x10, 0x04, 0x41, 0x90, 0x20, 0x0C, 0x08, 0x04, 0x41, 0x20, 0x88, 0x1C, 0x05, 0x81, 0x80, 0x10, 0x04, 0x41,
    0x41, 0x40, 0x14, 0x10, 0x04, 0x41, 0x84, 0xE0, 0xBE, 0xE7, 0xFB, 0xBE, 0x2F, 0xCF, 0x5B, 0x0A, 0x11, 0x04, 0xC2, 0x40, 0x14, 0xC7, 0x71, 0x24,
    0x12, 0xB3, 0x44, 0x45, 0xA1, 0x4C, 0xD1, 0x75, 0x29, 0x4D, 0xE8, 0x8D, 0xE3, 0xB5, 0x4C, 0x97, 0xB7, 0x5A, 0x44, 0x91, 0x2C, 0x61, 0x1A, 0x45,
    0x51, 0x14, 0x21, 0xFC, 0xCF, 0xFB, 0xBE, 0xEF, 0xFB, 0xBE, 0xFF, 0xFF, 0xFF, 0xFF, 0xFF, 0x3C, 0xFF, 0xFB, 0x3C, 0xCF, 0xF3, 0x3C, 0xCF, 0xF3,
    0x98, 0x49, 0x39, 0x9F, 0x88, 0x51, 0x14, 0x45, 0x51, 0x14, 0x45, 0x51, 0x14, 0x45, 0x51, 0x14, 0x45, 0x99, 0xBB, 0xA9, 0xEE, 0x3D, 0xCA, 0xDE,
    0x8E, 0x40, 0x18, 0x84, 0x61, 0x0C, 0x03, 0x31, 0x0C, 0x04, 0x31, 0x10, 0x46, 0x25, 0xD2, 0x04, 0x00, 0x00, 0x40, 0x90, 0x14, 0x02, 0x00, 0x00,
    0xC2, 0x10, 0x00, 0xC1, 0x50, 0x14, 0x03, 0x31, 0x0C, 0x82, 0x30, 0x08, 0xC9, 0x35, 0x4D, 0x92, 0xA2, 0x14, 0x84, 0x71, 0x24, 0xCA, 0x35, 0x5D,
    0x93, 0xC4, 0x48, 0x96, 0xA5, 0x28, 0x8A, 0x24, 0x19, 0x85, 0x71, 0x1C, 0x86, 0x15, 0x0E, 0x10, 0x08, 0x41, 0x50, 0x31, 0x00, 0x81, 0x00, 0x41,
    0x10, 0x04, 0x05, 0x00, 0x00, 0x04, 0x10, 0x04, 0x41, 0x10, 0x01, 0x00, 0x41, 0x30, 0x40, 0x10, 0x04, 0x11, 0x41, 0x00, 0x04, 0x05, 0x04, 0x41,
    0x10, 0x11, 0x00, 0x02, 0x02, 0x81, 0x20, 0x42, 0x24, 0x06, 0x41, 0x1C, 0x87, 0x22, 0x19, 0x85, 0x20, 0x0C, 0x82, 0x10, 0x04, 0x01, 0x51, 0x0C,
    0x03, 0x41, 0x0C, 0x82, 0x30, 0x0C, 0x43, 0x71, 0x10, 0xC3, 0x40, 0x10, 0xC3, 0x30, 0x1C, 0x5E, 0x38, 0x79, 0x87, 0x51, 0x10, 0xC4, 0xA1, 0x20,
    0x89, 0x92, 0x1C, 0xDE, 0x68, 0x79, 0x56, 0x18, 0x8E, 0x96, 0x65, 0x59, 0x95, 0x73, 0x28, 0x8A, 0x61, 0x18, 0xAF, 0xEF, 0xF3, 0x3C, 0xCF, 0xF3,
    0xD8, 0xE7, 0x0C, 0x9F, 0xF8, 0x51, 0x14, 0x45, 0x51, 0x14, 0x45, 0x51, 0x14, 0x45, 0x51, 0x14, 0x45, 0xB9, 0xBD, 0x6A, 0xF6, 0x25, 0x01, 0x08,
    0x83, 0x00, 0x00, 0xC1, 0xD4, 0x20, 0xC7, 0x41, 0x10, 0xC3, 0x20, 0x0C, 0x42, 0x40, 0x2C, 0x43, 0x10, 0x08, 0x84, 0x30, 0x14, 0x47, 0x61, 0x1C,
    0x85, 0x20, 0x04, 0x81, 0x40, 0x10, 0xC4, 0x10, 0x04, 0x83, 0x51, 0x0C, 0xC2, 0x70, 0x5D, 0x49, 0x51, 0x14, 0x83, 0xD2, 0x14, 0xC4, 0x20, 0x04,
    0xC2, 0x10, 0x00, 0x40, 0x20, 0x04, 0x42, 0x21, 0x04, 0x41, 0x10, 0x04, 0x41, 0x50, 0x48, 0x08, 0x08, 0x82, 0x60, 0x41, 0x24, 0xC5, 0x50, 0x40,
    0x10, 0x04, 0x41, 0xC3, 0x10, 0x00, 0x41, 0x01, 0x41, 0x10, 0x44, 0x04, 0x01, 0x00, 0x14, 0x10, 0x04, 0x41, 0x01, 0x00, 0x00, 0x01, 0x04, 0x41,
    0x10, 0x24, 0x08, 0x44, 0x01, 0x41, 0x10, 0x54, 0x1C, 0xC7, 0x20, 0x08, 0x03, 0x11, 0x0C, 0x09, 0x42, 0x0C, 0x41, 0x10, 0x0C, 0x82, 0x40, 0x14,
    0x05, 0x51, 0x14, 0x84, 0x10, 0x00, 0xC1, 0x40, 0x10, 0x83, 0x00, 0x04, 0x44, 0x41, 0x08, 0x42, 0x12, 0x2E, 0x47, 0x51, 0x10, 0x86, 0x94, 0x14,
    0xC4, 0x20, 0x08, 0x83, 0x10, 0x04, 0x41, 0x20, 0x08, 0xC4, 0x10, 0x04, 0x01, 0x10, 0x04, 0x40, 0x10, 0x08, 0xAF, 0xCF, 0xF3, 0x3C, 0xCF, 0xF3,
    0xA6, 0xE8, 0x0C, 0xA6, 0xF8, 0x61, 0x14, 0x45, 0x51, 0xDA, 0x47, 0x51, 0x14, 0x45, 0x61, 0x1D, 0x46, 0x55, 0x57, 0x22, 0x0C, 0x02, 0x00, 0x0C,
    0x46, 0x21, 0x00, 0xC1, 0x38, 0x8E, 0x61, 0x84, 0x8C, 0x77, 0x5A, 0x7A, 0xDE, 0xC8, 0x0C, 0x43, 0x3A, 0x16, 0x04, 0x72, 0x8D, 0xE3, 0x18, 0x7A,
    0xA1, 0xE7, 0x29, 0xC5, 0x94, 0x28, 0x51, 0x14, 0x1D, 0xCA, 0x38, 0x4E, 0x0B, 0x72, 0x18, 0xC6, 0xE4, 0x85, 0xE1, 0xB4, 0x2C, 0xCB, 0xB2, 0x20,
    0x08, 0x52, 0x10, 0xC2, 0x50, 0x18, 0x84, 0x20, 0x08, 0x01, 0x00, 0x04, 0x81, 0x30, 0x20, 0x63, 0x08, 0x41, 0x91, 0x00, 0x14, 0x47, 0x61, 0x40,
    0x20, 0x08, 0x82, 0x90, 0x51, 0x14, 0x05, 0x01, 0x41, 0x10, 0x04, 0x0D, 0xC3, 0x20, 0x08, 0x05, 0x04, 0x41, 0x90, 0x20, 0x0C, 0x44, 0x01, 0x81,
    0x20, 0x08, 0x15, 0x83, 0x20, 0x10, 0x10, 0x08, 0x82, 0xE1, 0x04, 0x41, 0x50, 0x29, 0x0D, 0x84, 0x51, 0x08, 0xD1, 0x9C, 0x10, 0x47, 0x34, 0x8E,
    0xE3, 0x18, 0x8E, 0x9E, 0x37, 0x15, 0x8C, 0x84, 0x44, 0xCD, 0x94, 0x1C, 0xD7, 0xE8, 0x35, 0xC9, 0x71, 0x14, 0xCA, 0xE5, 0x85, 0x57, 0xB3, 0x28,
    0xCA, 0x92, 0x1C, 0x88, 0x41, 0x0C, 0x02, 0x51, 0x14, 0x83, 0x20, 0x08, 0x01, 0x00, 0x04, 0x82, 0x20, 0x08, 0x0A, 0xCF, 0xF3, 0x3C, 0xCF, 0xF3,
    0x4F, 0xE6, 0x38, 0x2C, 0x2B, 0x7E, 0x18, 0x45, 0x51, 0x14, 0x85, 0x51, 0x14, 0x86, 0x3D, 0x86, 0x61, 0x0C, 0x83, 0x10, 0x04, 0x43, 0x10, 0x0C,
    0x43, 0x10, 0x00, 0xC1, 0x75, 0x79, 0x53, 0xD4, 0x14, 0x57, 0x3B, 0x26, 0x47, 0x51, 0x1C, 0x53, 0x3B, 0x7A, 0x09, 0xD2, 0xA4, 0xF7, 0x3C, 0x7A,
    0x23, 0x33, 0x45, 0x52, 0x3B, 0x86, 0x51, 0xE2, 0xCD, 0x73, 0x9B, 0x7A, 0x17, 0x83, 0x20, 0xE3, 0xED, 0x25, 0x53, 0x34, 0x8E, 0xA1, 0xE7, 0x8D,
    0xD7, 0xD4, 0x1C, 0x0A, 0x73, 0x44, 0xD1, 0x12, 0x45, 0xC9, 0x51, 0x0C, 0xC5, 0x32, 0x4D, 0xD1, 0x15, 0x32, 0x69, 0x9B, 0x82, 0x10, 0x31, 0x0C,
    0x05, 0x04, 0x41, 0x50, 0x31, 0x10, 0x85, 0x71, 0x40, 0x20, 0x08, 0x82, 0x88, 0x51, 0x10, 0x05, 0x08, 0x82, 0x20, 0x44, 0x18, 0x86, 0x81, 0x80,
    0x10, 0x04, 0x42, 0xC2, 0x50, 0x28, 0xD7, 0x05, 0x82, 0x20, 0x08, 0x41, 0x50, 0x98, 0x87, 0x44, 0x71, 0x1C, 0xED, 0x38, 0x4A, 0x47, 0x72, 0xDD,
    0x76, 0xEA, 0x8D, 0x96, 0x34, 0x29, 0x65, 0xEB, 0x5D, 0x49, 0xD4, 0xCE, 0xED, 0x3A, 0x5E, 0x92, 0x72, 0x4C, 0xF6, 0xAA, 0x44, 0xD1, 0x35, 0x86,
    0x9E, 0x37, 0x86, 0x57, 0x94, 0x1C, 0xD2, 0xB1, 0x4C, 0x4B, 0x14, 0x35, 0xC7, 0x31, 0x10, 0x49, 0xB3, 0x20, 0x84, 0xE7, 0xF3, 0x3C, 0xCF, 0xF3,
    0x94, 0xE3, 0x50, 0xD4, 0xF7, 0x89, 0xE2, 0xF7, 0x89, 0x1F, 0x45, 0x61, 0x94, 0x41, 0x04, 0x00, 0x30, 0x14, 0x84, 0x20, 0x08, 0x42, 0x10, 0x08,
    0x42, 0x00, 0x00, 0xC2, 0x35, 0x45, 0xCB, 0x12, 0x2D, 0xC9, 0x54, 0x4A, 0x03, 0x71, 0xD9, 0x57, 0x34, 0x45, 0x21, 0x93, 0x24, 0x52, 0x79, 0x1D,
    0x85, 0x12, 0xA6, 0xE3, 0x35, 0x79, 0x63, 0x42, 0x4C, 0x6B, 0x38, 0x4D, 0x4C, 0x31, 0xB5, 0xED, 0x38, 0x5E, 0xC8, 0x71, 0xDD, 0xF6, 0x18, 0x7A,
    0x52, 0xB4, 0x5C, 0x73, 0x1B, 0x2A, 0xD1, 0x35, 0xCF, 0x6D, 0x3B, 0x8E, 0xE9, 0x75, 0x85, 0x10, 0x04, 0x8D, 0x21, 0xD8, 0x82, 0x10, 0x08, 0x15,
    0xC5, 0x00, 0x81, 0x10, 0x54, 0x08, 0x82, 0x20, 0x0C, 0x10, 0x04, 0x81, 0x10, 0x41, 0x10, 0x04, 0x02, 0x41, 0x10, 0x04, 0x15, 0x82, 0x30, 0x10,
    0x10, 0x04, 0x41, 0x20, 0x94, 0x1C, 0x91, 0x71, 0x80, 0x61, 0x08, 0x42, 0x20, 0x38, 0x22, 0x45, 0xB3, 0xA6, 0xCD, 0x14, 0x5D, 0x53, 0x92, 0x30,
    0x5E, 0xB8, 0x10, 0xC8, 0xB4, 0xA6, 0xDE, 0x74, 0x8D, 0x13, 0x91, 0x94, 0xE9, 0x34, 0x4D, 0x07, 0x32, 0xCE, 0xA9, 0xE7, 0x29, 0x87, 0xD2, 0xEA,
    0xE9, 0xE8, 0x4D, 0x4C, 0xD3, 0xA4, 0x76, 0x1A, 0x2D, 0x53, 0x7A, 0xB7, 0x6D, 0xEA, 0xA5, 0xE3, 0x74, 0x25, 0xC5, 0xE8, 0xF3, 0x3C, 0xCF, 0xF3,
    0xB0, 0xF9, 0x89, 0xA6, 0x29, 0x6A, 0xDF, 0xF7, 0x89, 0x59, 0x56, 0x49, 0x86, 0x40, 0x08, 0xC1, 0x40, 0x04, 0x82, 0x20, 0x04, 0x42, 0x10, 0x04,
    0xC1, 0x40, 0x38, 0xAA, 0x8A, 0x8A, 0x55, 0x26, 0x49, 0xD2, 0x11, 0x45, 0xCC, 0x74, 0x25, 0x05, 0x92, 0x24, 0xC7, 0x51, 0x24, 0x4B, 0x82, 0x10,
    0xC5, 0xD4, 0x8E, 0x53, 0x82, 0x20, 0x53, 0x72, 0x20, 0xC8, 0xC8, 0x1C, 0x49, 0xB4, 0xCE, 0xE3, 0x84, 0x44, 0x5E, 0xB2, 0x8C, 0xE5, 0x75, 0x08,
    0x02, 0x93, 0x96, 0xE1, 0x14, 0x7A, 0x8A, 0x91, 0xA4, 0xE9, 0x74, 0x79, 0xC8, 0xE2, 0x8D, 0x20, 0x08, 0x82, 0x60, 0x78, 0x41, 0x20, 0x08, 0x82,
    0x20, 0x74, 0x14, 0x08, 0x04, 0x82, 0x8B, 0x51, 0x10, 0x04, 0x04, 0x41, 0x10, 0x44, 0x08, 0x82, 0x30, 0x40, 0x10, 0x04, 0x42, 0x44, 0x91, 0x28,
    0xC9, 0x81, 0x40, 0x10, 0x04, 0x32, 0xD1, 0xC4, 0xBE, 0x99, 0xD8, 0x86, 0x63, 0xBB, 0x7B, 0xCA, 0x35, 0x15, 0x07, 0x92, 0x1C, 0x47, 0x71, 0x2C,
    0x49, 0x72, 0x10, 0xCA, 0x98, 0x4E, 0x0B, 0x82, 0x28, 0x17, 0x83, 0x1C, 0xD7, 0x85, 0x20, 0xCB, 0x65, 0x97, 0x57, 0x82, 0x78, 0x0A, 0xE2, 0x8D,
    0x9E, 0x32, 0x04, 0xC5, 0x98, 0x8E, 0xD3, 0x35, 0x4A, 0x88, 0xE1, 0xAD, 0xDE, 0x14, 0x32, 0xC9, 0x74, 0x21, 0x0A, 0xCF, 0xF3, 0x3C, 0xCF, 0xF3,
    0x9A, 0x28, 0x8A, 0xA2, 0x69, 0x8A, 0xE2, 0x47, 0x56, 0xC9, 0x35, 0x2D, 0xCD, 0x21, 0x04, 0x81, 0x20, 0x04, 0x41, 0x20, 0x0C, 0x82, 0xE1, 0x38,
    0x8E, 0xF6, 0x91, 0x75, 0x5D, 0xA3, 0x24, 0x49, 0x7E, 0xDA, 0x27, 0x8A, 0x24, 0x59, 0x25, 0x48, 0xF5, 0x55, 0xCA, 0xC2, 0x54, 0x55, 0xF5, 0x54,
    0x55, 0x56, 0x31, 0x0B, 0x52, 0x1C, 0xCE, 0xD1, 0x2C, 0x0B, 0x53, 0x1C, 0x96, 0x75, 0x99, 0xA2, 0x98, 0x1D, 0x88, 0x24, 0x31, 0x85, 0x54, 0x10,
    0xCB, 0x58, 0x7A, 0x0D, 0x12, 0x79, 0x12, 0x41, 0x18, 0xD2, 0x24, 0x25, 0x49, 0x74, 0x10, 0xA1, 0x3D, 0xA6, 0x79, 0x0A, 0x08, 0x0B, 0x04, 0x81,
    0x20, 0xA8, 0x18, 0x05, 0x04, 0x41, 0x10, 0x54, 0x08, 0xC2, 0x50, 0x20, 0x10, 0x04, 0x41, 0xC5, 0x30, 0x14, 0x10, 0x08, 0x41, 0x10, 0x21, 0x0C,
    0xC3, 0x40, 0x80, 0x20, 0x18, 0x96, 0xA6, 0x5A, 0x8B, 0x5E, 0xBB, 0xDB, 0x79, 0xDF, 0x8E, 0x5F, 0xA6, 0x1C, 0x92, 0x95, 0x55, 0x51, 0x55, 0x55,
    0x55, 0x55, 0xA1, 0x28, 0xF9, 0x55, 0x8A, 0xE3, 0x54, 0x59, 0x56, 0x35, 0xCC, 0x41, 0x30, 0xA2, 0x2A, 0x9A, 0xA8, 0xE8, 0x20, 0x13, 0x63, 0x15,
    0x89, 0x32, 0x1C, 0x57, 0xEA, 0x5D, 0x48, 0x72, 0x79, 0x07, 0x51, 0x28, 0xD3, 0xA4, 0x24, 0x4B, 0x33, 0x1D, 0x0C, 0xCF, 0xF3, 0x3C, 0xCF, 0xF3,
    0xA2, 0x28, 0x8A, 0xE2, 0xF7, 0x7D, 0xE2, 0x47, 0x2A, 0xD3, 0x38, 0x2D, 0x51, 0x84, 0x0C, 0x82, 0x20, 0x10, 0x8E, 0xF1, 0x70, 0xDA, 0x47, 0x92,
    0x9F, 0xA6, 0x69, 0x74, 0x4D, 0xD3, 0x28, 0x8A, 0x7E, 0x24, 0x5A, 0xD7, 0x34, 0xAA, 0x69, 0x24, 0x4A, 0xA2, 0x28, 0x14, 0xA2, 0x24, 0x49, 0xA2,
    0x28, 0x4A, 0xA3, 0x95, 0xA8, 0xA2, 0xE8, 0x27, 0x89, 0x28, 0x69, 0x55, 0x28, 0x6A, 0xA1, 0x96, 0x58, 0xA3, 0x22, 0x4A, 0x7E, 0x55, 0xE5, 0x28,
    0x11, 0xE3, 0x54, 0x8E, 0x91, 0x18, 0xC4, 0x71, 0x28, 0x8E, 0xE3, 0x1C, 0x55, 0x45, 0x28, 0x67, 0x3B, 0xDF, 0xF9, 0x48, 0x0C, 0x49, 0x61, 0x44,
    0xA1, 0xC2, 0x84, 0x20, 0x08, 0x82, 0x20, 0x78, 0x79, 0x9E, 0x44, 0x10, 0x08, 0x04, 0x81, 0xD0, 0x50, 0x14, 0x08, 0x08, 0x82, 0xA1, 0x65, 0x5D,
    0xE3, 0x08, 0x82, 0xA1, 0xA5, 0xA1, 0x35, 0x2D, 0x96, 0x79, 0x2F, 0x9E, 0xED, 0x3E, 0x42, 0xE1, 0x47, 0x92, 0x1A, 0x89, 0xA2, 0x24, 0x8A, 0xA2,
    0x24, 0x89, 0xA2, 0x95, 0x61, 0x7C, 0x74, 0x5D, 0xD3, 0x35, 0xCA, 0x7D, 0xA8, 0x28, 0x92, 0x28, 0x8D, 0xD2, 0x28, 0x4D, 0x8B, 0x28, 0x4A, 0x66,
    0x95, 0xE3, 0x30, 0x91, 0xE2, 0x58, 0x06, 0x82, 0x10, 0xC6, 0x91, 0x38, 0x8E, 0xE3, 0x28, 0x95, 0x14, 0x1D, 0x16, 0xCF, 0xF3, 0x3C, 0xCF, 0xF3,
    0xA2, 0x28, 0x8A, 0xA2, 0x28, 0x8A, 0xA2, 0x98, 0x19, 0x53, 0xB4, 0x2C, 0xCB, 0x32, 0x89, 0x99, 0xA6, 0x69, 0xDF, 0xA7, 0x69, 0x9A, 0xA6, 0x69,
    0x9A, 0xA6, 0x69, 0x74, 0x4D, 0xD3, 0x34, 0x8A, 0xA2, 0x28, 0x4D, 0xD3, 0x35, 0x8A, 0x7E, 0x12, 0x8A, 0xD2, 0x35, 0x5D, 0xD7, 0x34, 0x8D, 0xD2,
    0x22, 0x04, 0xBD, 0x75, 0x7D, 0x42, 0xA0, 0x5A, 0x9B, 0x2A, 0x3D, 0xA9, 0xB4, 0x59, 0xD7, 0xE7, 0x44, 0xD7, 0x75, 0x5D, 0xA3, 0x28, 0x4A, 0x66,
    0x1A, 0x49, 0x7E, 0xDF, 0xF7, 0x69, 0x1F, 0x49, 0x6A, 0x1C, 0xC7, 0x91, 0xA8, 0xE5, 0xC9, 0xA8, 0x01, 0xE6, 0xF0, 0x08, 0x16, 0x88, 0x22, 0xA5,
    0x70, 0x7B, 0xB7, 0x61, 0x18, 0x82, 0xE0, 0xE4, 0x79, 0x63, 0xDA, 0x8E, 0x20, 0x18, 0x86, 0x63, 0xBA, 0x8E, 0x20, 0x08, 0x86, 0x63, 0xE8, 0x49,
    0x8C, 0x65, 0x65, 0x1A, 0x87, 0xA1, 0x78, 0x7A, 0xE7, 0x38, 0x8A, 0xB6, 0xE0, 0x38, 0x42, 0x60, 0x88, 0xD2, 0x84, 0x43, 0x8B, 0x28, 0x4D, 0xD3,
    0x28, 0x8A, 0xA2, 0x72, 0x65, 0x18, 0x84, 0xFC, 0x1B, 0x47, 0x4D, 0xD3, 0x75, 0xE6, 0xD0, 0x35, 0x5D, 0xD7, 0x75, 0x4D, 0xD7, 0x34, 0x8A, 0xA2,
    0x28, 0xFA, 0x65, 0x1F, 0x49, 0x7E, 0xA4, 0x98, 0x69, 0x24, 0xF9, 0x71, 0x1C, 0xC7, 0x69, 0x4F, 0xA6, 0x69, 0x34, 0xCF, 0xF3, 0x3C, 0xCF, 0xF3,
    0xA2, 0x28, 0x8A, 0xA2, 0x28, 0x8A, 0x22, 0x59, 0x15, 0xCD, 0x14, 0x59, 0x9E, 0x4A, 0xD7, 0x35, 0x4A, 0x92, 0xE4, 0xF7, 0x91, 0xE4, 0xA7, 0x69,
    0x9A, 0xA6, 0x91, 0x38, 0x5E, 0xD3, 0x35, 0x8A, 0xD2, 0x28, 0x4A, 0xD7, 0xAA, 0x58, 0xA3, 0x96, 0x58, 0xD7, 0xB5, 0x1A, 0x86, 0x74, 0x4D, 0xD7,
    0xA1, 0x2A, 0x83, 0xE1, 0x09, 0x85, 0x10, 0xE4, 0x42, 0xE1, 0x0B, 0x9D, 0x13, 0x84, 0xE3, 0x21, 0xF4, 0xD6, 0xB5, 0x6A, 0xD6, 0x34, 0x8A, 0xA2,
    0x28, 0x8A, 0xA2, 0x24, 0x89, 0x92, 0x28, 0x49, 0xA2, 0xE8, 0xA7, 0xA1, 0xEC, 0xA8, 0xA2, 0x4E, 0x01, 0x82, 0x6D, 0x08, 0x82, 0x50, 0xE1, 0xC5,
    0x6B, 0x6E, 0x97, 0xE3, 0x3D, 0x5F, 0xD7, 0x98, 0x26, 0x92, 0x07, 0x82, 0x20, 0x14, 0x29, 0x49, 0x04, 0x82, 0x61, 0x68, 0x59, 0x55, 0xA5, 0x7D,
    0x1A, 0xC7, 0x69, 0x9A, 0xF6, 0xD1, 0xFA, 0xDE, 0xE3, 0x28, 0x49, 0x87, 0x20, 0x38, 0x82, 0x10, 0x84, 0xD2, 0x35, 0x3A, 0x18, 0x22, 0x5E, 0xD3,
    0x74, 0x4D, 0xD7, 0x38, 0xEE, 0xE3, 0x8E, 0x60, 0x56, 0xC0, 0xF1, 0xE3, 0xB8, 0x03, 0x1C, 0x3E, 0x5D, 0xE3, 0x38, 0x5E, 0xD3, 0x35, 0x4D, 0xD7,
    0xA8, 0x91, 0xD5, 0x35, 0x8D, 0x92, 0x24, 0x4A, 0x92, 0x24, 0x49, 0xA2, 0xA4, 0xA6, 0x91, 0x9F, 0xA6, 0x91, 0x35, 0xCF, 0xF3, 0x3C, 0xCF, 0xF3,
    0xDF, 0xF7, 0x89, 0x9F, 0x28, 0x8A, 0x22, 0x5A, 0x21, 0xD3, 0xA9, 0xD6, 0x75, 0x5D, 0xD7, 0x35, 0x5E, 0xA3, 0x28, 0x4A, 0x92, 0xA4, 0xA6, 0x69,
    0x9A, 0xA6, 0xD1, 0x38, 0x5E, 0xD7, 0x34, 0x4D, 0xD7, 0x22, 0x5A, 0xE3, 0x27, 0x74, 0xD6, 0x75, 0xAD, 0x9A, 0x75, 0x08, 0x85, 0x67, 0x2D, 0xE3,
    0x21, 0x78, 0x8E, 0x61, 0x08, 0x82, 0x10, 0x78, 0x8E, 0x20, 0x18, 0x82, 0x60, 0x38, 0x86, 0x50, 0x88, 0xE3, 0xF8, 0x09, 0x8A, 0xB5, 0xA8, 0xD6,
    0x74, 0x5D, 0xD3, 0x28, 0x8D, 0xA2, 0x28, 0x4A, 0x92, 0x28, 0xFA, 0x91, 0x34, 0xAE, 0x92, 0x4E, 0x01, 0x82, 0x6D, 0x0B, 0x42, 0x90, 0xB4, 0xC2,
    0xB6, 0x3D, 0x7A, 0xE1, 0x75, 0x4D, 0xCB, 0x34, 0x46, 0x93, 0xE7, 0x21, 0x4D, 0x69, 0xA2, 0x2A, 0xAD, 0xD2, 0x35, 0x5E, 0xA3, 0x28, 0x8A, 0x92,
    0x9F, 0xA6, 0x69, 0x9A, 0x46, 0xE2, 0xB8, 0x8E, 0xD7, 0x34, 0x5D, 0x87, 0xE0, 0xD9, 0x86, 0x10, 0x58, 0xD7, 0xCE, 0xA0, 0xE2, 0x3E, 0x6B, 0xFE,
    0x9F, 0x81, 0xE3, 0x35, 0x5D, 0xFB, 0x7E, 0x00, 0x04, 0x00, 0x60, 0x18, 0x01, 0x70, 0xC8, 0x38, 0x8E, 0xE3, 0x38, 0x8E, 0xE3, 0xA2, 0x22, 0xD7,
    0x43, 0x50, 0x67, 0x8A, 0x5A, 0xA3, 0x28, 0x8D, 0xA2, 0x28, 0xF9, 0xA1, 0x28, 0x49, 0xA2, 0xE8, 0xA7, 0xA1, 0x3C, 0xCF, 0xF3, 0x3C, 0xCF, 0xF3,
    0xA2, 0x69, 0x8A, 0xA6, 0x28, 0x7E, 0x1F, 0x59, 0x55, 0x74, 0x5D, 0xD3, 0x74, 0x8D, 0xD7, 0x35, 0x8E, 0xD7, 0x28, 0xA9, 0x69, 0x9A, 0xA6, 0x69,
    0x28, 0x4A, 0xD2, 0x78, 0x8D, 0xD7, 0x34, 0x5D, 0x5B, 0xD0, 0x0B, 0x9E, 0x32, 0x04, 0xE2, 0x38, 0x1E, 0x42, 0xB8, 0x0C, 0x9D, 0x21, 0x28, 0xD7,
    0x21, 0x74, 0xD2, 0x75, 0x5D, 0xBF, 0xB4, 0x98, 0xA9, 0x75, 0x5D, 0xBF, 0x75, 0x1D, 0x82, 0x63, 0x4D, 0x43, 0xD0, 0x79, 0x42, 0x32, 0x08, 0xD6,
    0x34, 0x08, 0x59, 0x35, 0x8D, 0xA2, 0x28, 0x4A, 0xA3, 0x28, 0x8A, 0x92, 0x68, 0x5D, 0xA3, 0x86, 0x00, 0x42, 0xC5, 0x04, 0x42, 0xD0, 0x14, 0xAF,
    0x71, 0x3A, 0xE6, 0x63, 0x93, 0xA4, 0xAD, 0x91, 0x4C, 0xE3, 0xA4, 0x54, 0x34, 0x5E, 0xD7, 0x75, 0x8D, 0xD7, 0x35, 0x8E, 0xD7, 0x28, 0xA9, 0x69,
    0x9A, 0xA6, 0x7D, 0x28, 0x8A, 0xE2, 0x75, 0x5D, 0xD7, 0x74, 0x5D, 0xE3, 0x75, 0x5D, 0xB7, 0x20, 0xA2, 0xFA, 0xAA, 0xEA, 0xAB, 0xB2, 0x1A, 0x54,
    0x42, 0x20, 0xD6, 0x34, 0x2E, 0x1B, 0x40, 0x50, 0xC8, 0xA6, 0xF1, 0x7C, 0xA2, 0xEA, 0x8B, 0x83, 0x5A, 0xD3, 0x75, 0x8D, 0x9B, 0x80, 0xF8, 0xFB,
    0x2C, 0x2E, 0x07, 0x85, 0x5C, 0xD3, 0x35, 0x8D, 0xA2, 0x28, 0x4D, 0xA3, 0x28, 0x8A, 0xA2, 0x28, 0x4A, 0xD2, 0x3C, 0xCF, 0xF3, 0x3C, 0xCF, 0xF3,
    0xE3, 0x15, 0x8E, 0xA3, 0xF9, 0x89, 0xA6, 0x89, 0xD6, 0x75, 0x4D, 0xD3, 0x75, 0x5D, 0xD3, 0x74, 0x4D, 0xD3, 0x35, 0xFA, 0x69, 0x9A, 0xA6, 0x7D,
    0x24, 0x8A, 0xD2, 0x78, 0x4D, 0xD7, 0x35, 0x5D, 0x87, 0xE7, 0x09, 0xBD, 0x38, 0x0E, 0x81, 0x38, 0x8E, 0x83, 0xD0, 0x09, 0x81, 0x20, 0x5D, 0xD3,
    0x35, 0x18, 0xD6, 0x68, 0x46, 0x3A, 0x06, 0x11, 0x08, 0xC6, 0x51, 0x1D, 0x68, 0x5D, 0xD7, 0x68, 0x6D, 0x41, 0x2F, 0x08, 0x41, 0x20, 0x14, 0xBE,
    0x10, 0x74, 0xD2, 0x35, 0x4D, 0xD3, 0x28, 0x49, 0xD2, 0x28, 0x4A, 0x7E, 0xE4, 0x87, 0xD6, 0x0F, 0x10, 0x08, 0xC2, 0x00, 0x42, 0x4D, 0x09, 0xB7,
    0x6D, 0x18, 0x8E, 0xD7, 0x12, 0x35, 0x4A, 0xD4, 0x44, 0x2D, 0x93, 0xD5, 0x75, 0x4D, 0xD3, 0x74, 0x5D, 0xD3, 0x74, 0x4D, 0xD3, 0x35, 0x4D, 0x6A,
    0x9A, 0xA6, 0x91, 0x28, 0x8A, 0xE2, 0x38, 0x5D, 0xD7, 0x35, 0x5D, 0xB3, 0xB2, 0x2F, 0xE3, 0x84, 0x30, 0x88, 0x3F, 0xFE, 0x57, 0x40, 0x10, 0x0C,
    0x84, 0x88, 0xD6, 0x34, 0x2E, 0x8B, 0xA2, 0x88, 0xD6, 0xA8, 0x98, 0x1D, 0x46, 0xF5, 0xA1, 0x6A, 0x5D, 0xA3, 0x35, 0xED, 0x8B, 0xC0, 0x50, 0x55,
    0x72, 0x05, 0x08, 0x3E, 0x5E, 0xD7, 0x34, 0x4D, 0xA3, 0x28, 0x89, 0xD2, 0x28, 0xFA, 0x91, 0x28, 0x4A, 0xA2, 0x3C, 0xCF, 0xF3, 0x3C, 0xCF, 0xF3,
    0xCB, 0x81, 0x84, 0xA3, 0x29, 0xAE, 0xB3, 0x8D, 0xD2, 0x74, 0x4D, 0xD3, 0x34, 0x4D, 0xD7, 0x35, 0x4D, 0xD3, 0x74, 0x8D, 0x92, 0x9A, 0xA6, 0x69,
    0xDA, 0x47, 0xD2, 0x38, 0x5D, 0xD7, 0x34, 0x8D, 0xD2, 0xB5, 0x19, 0xE2, 0x10, 0x28, 0x5F, 0x20, 0x3E, 0x42, 0x10, 0x18, 0xD6, 0x35, 0x8D, 0xA2,
    0xA8, 0x6A, 0x91, 0x07, 0x31, 0x0C, 0x45, 0xA2, 0x24, 0xC9, 0x92, 0x1C, 0x89, 0x61, 0x48, 0x28, 0x0D, 0xAA, 0x75, 0xFD, 0xE2, 0x27, 0x04, 0x41,
    0x90, 0xFB, 0x9E, 0x74, 0x4D, 0xD3, 0x34, 0x8D, 0x92, 0x28, 0x8A, 0xA2, 0x28, 0xA9, 0xA1, 0x0E, 0x10, 0x04, 0xC2, 0x71, 0x1C, 0x52, 0xBC, 0xB6,
    0x77, 0x9A, 0xA6, 0xDE, 0x34, 0x4D, 0xCC, 0x34, 0x4D, 0x89, 0x82, 0xD6, 0x74, 0x4D, 0xD3, 0x34, 0x4D, 0xD7, 0x35, 0x4D, 0xD3, 0x74, 0x4D, 0x7F,
    0x9A, 0xA6, 0x69, 0x1A, 0x89, 0xE2, 0x35, 0x5D, 0xD7, 0x34, 0x4A, 0x67, 0x81, 0xF8, 0xE3, 0xC3, 0x13, 0x04, 0xA2, 0x38, 0x10, 0x62, 0x61, 0xFA,
    0x35, 0x8A, 0xA2, 0x75, 0x4D, 0x8B, 0x8A, 0x61, 0x18, 0x49, 0x82, 0x28, 0x09, 0x73, 0x1C, 0x87, 0xA1, 0x88, 0x68, 0x5D, 0xD3, 0xA2, 0x21, 0x08,
    0x06, 0x10, 0x08, 0xE6, 0x4F, 0x38, 0x7E, 0x4D, 0xD7, 0x34, 0x8D, 0xA2, 0x28, 0x4A, 0xA2, 0x28, 0xAA, 0xA9, 0x3C, 0xCF, 0xF3, 0xBE, 0xEF, 0xFB,
    0x50, 0x18, 0x42, 0xA3, 0xF9, 0xC1, 0x2B, 0x8C, 0xD6, 0x34, 0x4D, 0xD3, 0x75, 0x5D, 0xD7, 0x75, 0x4D, 0xD3, 0x74, 0x8D, 0x7E, 0x9A, 0xA6, 0x69,
    0x9A, 0xF6, 0xD1, 0x78, 0x5D, 0xD7, 0x34, 0x8D, 0xD2, 0x74, 0x8D, 0xE3, 0x21, 0x08, 0xBA, 0xE0, 0x19, 0x82, 0x75, 0x5D, 0xA3, 0x28, 0x8A, 0x92,
    0x59, 0x56, 0x49, 0x89, 0x37, 0xE7, 0x7B, 0xDF, 0xEF, 0x7D, 0x9F, 0xE7, 0xED, 0xC8, 0x28, 0x45, 0x32, 0xD1, 0x74, 0x5D, 0xD7, 0xB8, 0x0B, 0x82,
    0xA0, 0x7B, 0x42, 0xA0, 0x8C, 0xD7, 0x34, 0x8D, 0xD2, 0x28, 0x8A, 0xA2, 0xE4, 0xA7, 0x65, 0x45, 0x10, 0x0C, 0xC3, 0x81, 0x2C, 0xD7, 0x0A, 0xAF,
    0x6D, 0xE8, 0x5D, 0x8D, 0x22, 0x4D, 0x93, 0x24, 0x49, 0xA1, 0x87, 0xD6, 0x34, 0x4D, 0xD3, 0x75, 0x5D, 0xD7, 0x75, 0x4D, 0xD3, 0x74, 0x8D, 0x6A,
    0x9A, 0xA6, 0x69, 0x9A, 0x86, 0xE2, 0x75, 0x5D, 0xD3, 0x34, 0x8A, 0xD6, 0x1F, 0x60, 0xE0, 0x0E, 0x10, 0x38, 0x01, 0x10, 0x64, 0x7E, 0x5D, 0xA3,
    0x28, 0x4A, 0x66, 0x5A, 0x25, 0x21, 0x4B, 0x3A, 0xE7, 0x7D, 0xDF, 0xEF, 0x7D, 0x9E, 0xCF, 0xE3, 0xC4, 0x1C, 0x89, 0x49, 0xD3, 0x75, 0x5D, 0xE3,
    0xB2, 0xE9, 0x1B, 0xC0, 0x60, 0xE1, 0x86, 0x51, 0xD7, 0x34, 0x4D, 0xA3, 0x28, 0x8A, 0xA2, 0xE8, 0xF7, 0xD1, 0xBC, 0xEF, 0xF3, 0xBE, 0xEF, 0xF3,
    0xCD, 0x75, 0x4D, 0x57, 0x58, 0x7A, 0xA3, 0x89, 0xD6, 0x35, 0x4D, 0xD3, 0xB8, 0xAE, 0xEB, 0xBA, 0x5E, 0xD3, 0x74, 0x4D, 0x6A, 0x9A, 0xA6, 0x69,
    0x1A, 0x86, 0xE2, 0x78, 0x5D, 0xD3, 0xB5, 0x6A, 0xD1, 0x75, 0x2D, 0xBF, 0x60, 0x08, 0x81, 0x38, 0x5E, 0xD7, 0x28, 0x8A, 0xA2, 0xE8, 0xE7, 0x0C,
    0xC3, 0xD5, 0xEE, 0x7D, 0xDF, 0xF7, 0x7B, 0x9E, 0xE7, 0x79, 0xBE, 0xEF, 0xFB, 0xBE, 0xDB, 0xE3, 0x35, 0x31, 0xC9, 0x83, 0xD6, 0x74, 0x8D, 0xB7,
    0x20, 0x18, 0x86, 0x90, 0x8C, 0xBF, 0x78, 0x4D, 0xD7, 0x34, 0x8A, 0x92, 0x1A, 0xA9, 0x7D, 0x03, 0x61, 0x0C, 0x42, 0x71, 0x4C, 0xD7, 0x1A, 0xAF,
    0xE3, 0x38, 0x46, 0x51, 0x34, 0x4D, 0xCD, 0x14, 0x5D, 0x97, 0x84, 0xD6, 0x35, 0x4D, 0xD3, 0xB8, 0xAE, 0xEB, 0xBA, 0x8E, 0xD7, 0x74, 0x8D, 0x6A,
    0x9A, 0xA6, 0x69, 0x9A, 0x26, 0xE3, 0x75, 0x5D, 0xD7, 0xB4, 0x4A, 0xD3, 0x75, 0x15, 0x04, 0xC0, 0xA0, 0xFA, 0xAC, 0x58, 0xD7, 0x28, 0x8A, 0xA2,
    0xE4, 0x43, 0x0C, 0x47, 0x9B, 0xF7, 0x7D, 0xDF, 0xEF, 0x79, 0x9E, 0xE7, 0xF9, 0xBE, 0xEF, 0xFB, 0x7E, 0xA7, 0xDE, 0x25, 0x29, 0x0E, 0x59, 0xD3,
    0x75, 0x8D, 0xE3, 0x95, 0x30, 0x0C, 0x84, 0x8A, 0xE3, 0x35, 0x4D, 0xD3, 0x28, 0x8A, 0x6A, 0xA4, 0x46, 0xD2, 0xBE, 0xFF, 0xFF, 0xBE, 0xEF, 0xF3,
    0x69, 0xDB, 0xCE, 0x6B, 0x3A, 0xB7, 0xAD, 0x5C, 0xE3, 0x38, 0x4D, 0xE3, 0xFD, 0xBE, 0xF7, 0xFD, 0x6D, 0xD3, 0x35, 0xAA, 0x69, 0x9A, 0xA6, 0x7D,
    0x24, 0x49, 0xE3, 0x78, 0x5D, 0xD7, 0x35, 0x04, 0xD5, 0x32, 0x08, 0x41, 0xE0, 0x49, 0xD3, 0x35, 0x6D, 0x59, 0xA8, 0x65, 0x59, 0xCA, 0x71, 0xA4,
    0x7B, 0xDF, 0xF7, 0x7B, 0x9E, 0xE7, 0x79, 0x9E, 0xE7, 0x79, 0x9E, 0xE7, 0x79, 0x9E, 0xEF, 0xB9, 0x3D, 0x0E, 0x03, 0xF2, 0xA1, 0x34, 0x4D, 0xD7,
    0xF8, 0x09, 0x82, 0xE0, 0x08, 0x42, 0x61, 0x5D, 0xD7, 0x34, 0x8A, 0xA2, 0x28, 0x49, 0x7E, 0x44, 0x82, 0x1C, 0x8B, 0xA4, 0x5C, 0x65, 0x9C, 0xA6,
    0x61, 0x78, 0x14, 0x47, 0x72, 0x24, 0x49, 0xB2, 0x44, 0x8B, 0x58, 0xE3, 0x78, 0x4D, 0xE3, 0xFD, 0xBE, 0xF7, 0xFD, 0x6D, 0xCB, 0x35, 0xAD, 0x69,
    0x9A, 0xA6, 0x91, 0x24, 0x8A, 0xE3, 0x75, 0x5D, 0xD7, 0xF5, 0x21, 0xFA, 0x3E, 0x3E, 0x04, 0x4E, 0x8D, 0xD3, 0xB5, 0x28, 0xA1, 0xA2, 0x25, 0x4A,
    0x48, 0x31, 0xE5, 0x7D, 0xDF, 0xEF, 0x79, 0x7E, 0xE7, 0x79, 0x9E, 0xE7, 0x79, 0x9E, 0xE7, 0x79, 0xBE, 0xE7, 0xF6, 0x8A, 0x08, 0x45, 0x85, 0xD2,
    0x34, 0x5D, 0xE3, 0xBE, 0xAF, 0x54, 0x3E, 0x8E, 0xE3, 0x75, 0x5D, 0xD3, 0x28, 0x8A, 0xA2, 0xA8, 0x86, 0xFA, 0xBF, 0xEF, 0xFB, 0xBE, 0xEF, 0xFF,
    0x6B, 0xBC, 0xC2, 0x76, 0x0C, 0xC3, 0xB6, 0x5C, 0xD7, 0x75, 0x5D, 0xE7, 0x7B, 0xDE, 0xDF, 0xF7, 0x78, 0xB9, 0x35, 0xA9, 0x69, 0x24, 0x8A, 0xA2,
    0x28, 0x4A, 0xE3, 0x34, 0x4D, 0xD7, 0x21, 0x44, 0xD7, 0x78, 0x08, 0x82, 0x67, 0x5D, 0xD7, 0x34, 0x2A, 0x7D, 0x68, 0xB4, 0x2C, 0xC7, 0x31, 0xF6,
    0x7D, 0xDF, 0xEF, 0x7B, 0xBE, 0xEF, 0xFB, 0x9E, 0xE7, 0x79, 0x9E, 0xE7, 0x79, 0x9E, 0xDB, 0xF0, 0x9A, 0x5E, 0x4D, 0x94, 0xA1, 0x28, 0x4A, 0xD3,
    0x35, 0x8E, 0xB7, 0x20, 0x58, 0xBF, 0x60, 0x5D, 0xD3, 0x34, 0x4A, 0x92, 0xA4, 0x46, 0x32, 0x47, 0x51, 0x0C, 0xC4, 0x12, 0x2D, 0x69, 0x3C, 0xB6,
    0xA3, 0x57, 0x44, 0x93, 0x77, 0x49, 0x0A, 0xE3, 0x79, 0x91, 0x59, 0xD7, 0x75, 0x5D, 0xEB, 0x7B, 0xDE, 0xDF, 0x77, 0x7A, 0x9D, 0x35, 0xAA, 0x7D,
    0x28, 0x8A, 0xA2, 0x28, 0x8A, 0xD7, 0x34, 0x4D, 0xCB, 0xBF, 0x01, 0x54, 0x15, 0x10, 0xA8, 0x3F, 0x4D, 0xD3, 0x68, 0x55, 0xA1, 0xD6, 0xD2, 0x24,
    0xC5, 0xB4, 0xF7, 0x7D, 0xDF, 0xEF, 0xF9, 0xBE, 0xEF, 0xFB, 0x9E, 0xE7, 0x79, 0x9E, 0xE7, 0x79, 0x7E, 0xB7, 0xF0, 0x3A, 0x46, 0x91, 0x45, 0xA2,
    0x28, 0x4D, 0xD3, 0x74, 0xED, 0xFB, 0x38, 0x5E, 0xE3, 0x75, 0x5D, 0xD3, 0x28, 0x4A, 0xA2, 0x1F, 0x46, 0xFF, 0xBE, 0xEF, 0xFB, 0xBE, 0xCF, 0xF3,
    0xEB, 0x0A, 0xA7, 0xE3, 0x98, 0xA6, 0x29, 0x5A, 0xD7, 0x35, 0xAE, 0xE7, 0x79, 0xDF, 0x7B, 0xE1, 0x9A, 0x86, 0xAA, 0xA6, 0x69, 0x1A, 0x49, 0x6A,
    0xDA, 0x87, 0xE2, 0x34, 0x4D, 0xD7, 0x21, 0x14, 0xD6, 0x66, 0x18, 0x82, 0x61, 0x8D, 0xA2, 0x28, 0x4A, 0xA2, 0x99, 0xD2, 0x1C, 0x46, 0xDB, 0xEF,
    0xF9, 0x9D, 0xDF, 0xF9, 0x7E, 0xE7, 0x77, 0x9E, 0xEF, 0x79, 0x9E, 0xE7, 0x79, 0x3E, 0xC3, 0xEB, 0x78, 0x2D, 0x8C, 0x17, 0x8A, 0x28, 0x4A, 0xA3,
    0x28, 0x5D, 0xD7, 0x2F, 0x08, 0x82, 0x23, 0x4E, 0xD3, 0x34, 0x8A, 0x92, 0x9A, 0x86, 0x2A, 0x85, 0x50, 0x20, 0xD1, 0x35, 0x4D, 0x69, 0x5C, 0xCE,
    0xA3, 0x37, 0xCE, 0xCD, 0xB2, 0x44, 0xD3, 0x15, 0xAD, 0xA3, 0x58, 0xD7, 0x75, 0xAD, 0xE7, 0xF9, 0xDE, 0x8F, 0x5E, 0x9A, 0x86, 0xEA, 0xA7, 0x69,
    0x1F, 0xF9, 0x69, 0x1F, 0x29, 0xD7, 0x34, 0x4D, 0xD7, 0xB8, 0x4C, 0x00, 0x00, 0x81, 0xE3, 0x34, 0x8D, 0xA2, 0x24, 0x89, 0x92, 0xCC, 0xA2, 0x14,
    0xD3, 0xDE, 0xEF, 0x77, 0x7E, 0xE7, 0xFB, 0x9D, 0xE7, 0x77, 0x9E, 0xEF, 0x79, 0x9E, 0xE7, 0xB9, 0xBD, 0xC2, 0xA9, 0x17, 0x29, 0x53, 0xE8, 0xA1,
    0x28, 0x4D, 0xA3, 0x74, 0x4D, 0xD3, 0x38, 0x5E, 0xE3, 0x78, 0x5D, 0xD3, 0x28, 0x8A, 0x7E, 0x1A, 0xC9, 0xFF, 0xFE, 0xFF, 0xFB, 0xFE, 0xEF, 0xFB,
    0xE9, 0x9A, 0x8F, 0x69, 0x9B, 0xA6, 0x29, 0x5D, 0xD7, 0x75, 0xAD, 0xE7, 0x79, 0x3F, 0x8F, 0x73, 0xDB, 0xB6, 0x9F, 0xA6, 0x69, 0xDA, 0x47, 0x6A,
    0x1F, 0x87, 0xD6, 0x75, 0x4D, 0xD3, 0x75, 0x08, 0x82, 0x10, 0x04, 0x8E, 0xB5, 0x2A, 0xA2, 0x28, 0x8A, 0xCA, 0x63, 0x31, 0x08, 0x47, 0x9F, 0xE7,
    0x7B, 0xBE, 0xDF, 0xF9, 0x6E, 0xDF, 0xB7, 0x7D, 0xDF, 0x79, 0x9E, 0xE7, 0xF9, 0x0A, 0xAF, 0xE3, 0xB5, 0x14, 0x81, 0x34, 0x4E, 0x16, 0x89, 0xA2,
    0x68, 0x4D, 0xD7, 0xF5, 0x1B, 0x9E, 0x75, 0x4D, 0xD3, 0x28, 0x8A, 0x92, 0x1C, 0x29, 0x16, 0x04, 0x91, 0x14, 0x48, 0x13, 0x5D, 0x69, 0x9C, 0xB6,
    0xA3, 0x37, 0x8E, 0xE1, 0x34, 0x4D, 0x53, 0xB4, 0x94, 0xA3, 0x59, 0xD7, 0x75, 0x8D, 0xE7, 0x77, 0x9F, 0x8F, 0xED, 0xBC, 0xB6, 0x22, 0xA7, 0x69,
    0xDC, 0xF7, 0x69, 0x1F, 0x59, 0xD7, 0x35, 0x4D, 0xD7, 0x35, 0xEE, 0xAB, 0x2A, 0x8E, 0xD3, 0x34, 0x8D, 0xA2, 0x28, 0x5A, 0xC3, 0xCA, 0x30, 0x0C,
    0x73, 0x9F, 0xEF, 0xF9, 0x9E, 0xDF, 0xFB, 0x6D, 0xE7, 0xB6, 0x7D, 0xE7, 0x7B, 0x9E, 0xE7, 0xF3, 0x0A, 0xA7, 0x57, 0x84, 0x08, 0xC4, 0x78, 0x4D,
    0x1F, 0x4A, 0xA3, 0x74, 0x5D, 0xD7, 0x75, 0x5D, 0xD7, 0x75, 0x4D, 0xA3, 0x28, 0x4A, 0x92, 0x1C, 0xFD, 0xFB, 0xBE, 0xEF, 0xFB, 0xBE, 0xFF, 0xFF,
    0xEB, 0x7A, 0xCF, 0x70, 0x1C, 0xC7, 0x30, 0x4D, 0xD3, 0x34, 0x8D, 0xDF, 0xF9, 0x3E, 0xB6, 0xBB, 0x77, 0x59, 0xDF, 0xF7, 0x91, 0x99, 0xE3, 0x3C,
    0x8F, 0x63, 0xD2, 0xAA, 0x2A, 0x7E, 0x62, 0x2D, 0x8A, 0x6F, 0x5D, 0x5B, 0xE8, 0x19, 0xA2, 0x34, 0x4A, 0x56, 0xD1, 0x64, 0x20, 0x79, 0xDF, 0xF7,
    0x7B, 0x9E, 0xE7, 0x79, 0xBE, 0xE7, 0xFD, 0xBE, 0xEF, 0x6D, 0xBE, 0xE7, 0x33, 0xBC, 0x8E, 0xD7, 0x72, 0x08, 0x47, 0x3B, 0x1D, 0x15, 0x8A, 0xA2,
    0x34, 0x8D, 0xA2, 0x5F, 0x86, 0xD6, 0xE4, 0x51, 0x65, 0x4F, 0x96, 0x39, 0x8E, 0xCA, 0x04, 0x03, 0x31, 0x29, 0xD3, 0x75, 0x8D, 0xF0, 0x6A, 0xB7,
    0x61, 0x38, 0x35, 0x93, 0xE7, 0x79, 0x9E, 0x17, 0x7A, 0x9E, 0x5A, 0xD3, 0x74, 0x8D, 0xDF, 0x79, 0x9F, 0x8E, 0xFD, 0x78, 0x4D, 0x1F, 0xF7, 0x7D,
    0x8E, 0xE3, 0x68, 0x8E, 0xA8, 0xAA, 0xAA, 0x2A, 0x7E, 0xAA, 0x2A, 0xD6, 0x75, 0x5D, 0xD3, 0x75, 0x4D, 0xD3, 0x28, 0x9A, 0x45, 0x93, 0x52, 0x8C,
    0x7D, 0xDF, 0xF7, 0x7B, 0x9E, 0xE7, 0xF9, 0xBE, 0xEF, 0xFD, 0xDE, 0xDB, 0xF6, 0xBE, 0xDB, 0x2B, 0x9C, 0x86, 0x11, 0x32, 0x0C, 0x63, 0x7A, 0x28,
    0x1F, 0x8A, 0xD2, 0x35, 0x8D, 0x8A, 0xD9, 0x57, 0xD3, 0x95, 0x92, 0x3D, 0x59, 0xF6, 0x38, 0x95, 0xFC, 0xFB, 0x3E, 0xCF, 0xF3, 0xBE, 0xEF, 0xF3,
    0x76, 0xDA, 0xEE, 0x6B, 0x9A, 0xB6, 0x2A, 0x5D, 0xD3, 0x34, 0x8D, 0xDF, 0xF6, 0x3E, 0xA6, 0xB6, 0x37, 0x19, 0x03, 0x31, 0x0C, 0x02, 0x00, 0x00,
    0x00, 0x10, 0x86, 0x11, 0x72, 0x14, 0x43, 0x61, 0x28, 0x95, 0xE1, 0x88, 0xD5, 0xF1, 0xA1, 0x68, 0x75, 0x14, 0x02, 0x61, 0xCD, 0x7D, 0xBF, 0xE7,
    0x76, 0x6B, 0xEF, 0xFB, 0x9D, 0xDF, 0x76, 0xBE, 0xF7, 0xFB, 0x6C, 0xE7, 0x2B, 0x9C, 0x7A, 0xD3, 0x51, 0x10, 0xC3, 0x30, 0x5D, 0x66, 0x55, 0x7D,
    0xDF, 0x57, 0x15, 0x05, 0x61, 0x58, 0x56, 0xB2, 0x1C, 0x05, 0x21, 0x08, 0xD2, 0x78, 0x1C, 0xC8, 0xE4, 0x4D, 0x4A, 0x14, 0xA5, 0xF1, 0x7A, 0xCF,
    0x5E, 0x18, 0x5E, 0x53, 0xB4, 0x2C, 0x8B, 0xC2, 0x2C, 0x16, 0x4D, 0xD3, 0x34, 0x8D, 0xDF, 0xF6, 0x9E, 0x8E, 0xF7, 0x38, 0x1D, 0xC3, 0x30, 0x0C,
    0x00, 0x00, 0x04, 0xC0, 0x31, 0x4E, 0xC9, 0x71, 0x10, 0x84, 0x71, 0x54, 0x87, 0x21, 0xA2, 0x4E, 0x45, 0xA2, 0x5F, 0x72, 0x0C, 0x42, 0x92, 0xF6,
    0xFD, 0xBE, 0xDF, 0xF6, 0x9C, 0xEF, 0x77, 0x7E, 0xDB, 0xF7, 0xDE, 0xF7, 0xF6, 0x9C, 0xDB, 0xF0, 0x3A, 0x5E, 0x89, 0x41, 0x0C, 0x82, 0x72, 0x79,
    0x62, 0xF5, 0x7D, 0x5F, 0x75, 0x10, 0x05, 0xC1, 0x58, 0x4D, 0x92, 0x14, 0xC5, 0x10, 0x14, 0x25, 0xEE, 0xFB, 0x3E, 0xCF, 0xF3, 0x3C, 0xCF, 0xF3,
    0xE9, 0x38, 0xE6, 0xED, 0xD5, 0xCE, 0x2E, 0x4D, 0xD7, 0x75, 0xAD, 0xB7, 0x71, 0x3E, 0x8E, 0xB7, 0x17, 0x11, 0x81, 0x20, 0x04, 0x00, 0x00, 0x00,
    0x83, 0xB4, 0xA6, 0x93, 0x41, 0x20, 0xCC, 0x34, 0xDB, 0xED, 0x74, 0x14, 0x48, 0x21, 0x0C, 0x04, 0x41, 0x0C, 0xC2, 0xD4, 0xF6, 0x7D, 0xBF, 0xF7,
    0x7D, 0x9E, 0xEF, 0x7D, 0x9E, 0xEF, 0xBB, 0x6D, 0xDF, 0x79, 0xDE, 0xA6, 0xF1, 0x3A, 0x4E, 0x49, 0x41, 0x08, 0x80, 0x30, 0x86, 0x0D, 0x31, 0x14,
    0x08, 0x81, 0x24, 0x4C, 0xDA, 0xB6, 0xAD, 0x6D, 0xC7, 0xAB, 0x27, 0xAD, 0x63, 0xA1, 0x5C, 0xC3, 0x40, 0x20, 0x49, 0x74, 0x8D, 0xE9, 0xDA, 0x4E,
    0xD3, 0x75, 0x79, 0xE1, 0x75, 0x8D, 0x57, 0x32, 0xB6, 0x31, 0x4D, 0xD3, 0x75, 0x8D, 0xCF, 0x70, 0x9E, 0x8E, 0xF7, 0x38, 0x15, 0x81, 0x20, 0x00,
    0x00, 0x00, 0x04, 0x47, 0xB9, 0x5E, 0x09, 0x51, 0x30, 0x4D, 0x7A, 0xCF, 0x63, 0x52, 0x1C, 0xC7, 0x30, 0x0C, 0x04, 0x41, 0x08, 0xC7, 0xB8, 0xF7,
    0xFB, 0xBE, 0xF7, 0x7B, 0xBE, 0xF7, 0xFB, 0xBD, 0xEF, 0xB9, 0x7D, 0xE7, 0xBB, 0x9D, 0xC2, 0x71, 0x7A, 0x35, 0x47, 0x31, 0x04, 0x00, 0x33, 0x4E,
    0xC7, 0x40, 0x1C, 0x45, 0x91, 0x24, 0x5E, 0xDB, 0xB6, 0x73, 0x6E, 0xC7, 0xA5, 0x34, 0xE5, 0x3C, 0xCF, 0xF3, 0x3C, 0xCF, 0xF3, 0x2F, 0xCF, 0xF3,
    0xE9, 0x3C, 0xE7, 0x73, 0x1A, 0xCF, 0x78, 0x5D, 0xD3, 0xB4, 0x1C, 0xAF, 0x76, 0x1B, 0xCE, 0xEB, 0xB4, 0x14, 0xC4, 0x10, 0x00, 0x00, 0x00, 0x10,
    0x73, 0x9F, 0xDB, 0xF6, 0xDD, 0xCE, 0x79, 0x6E, 0xC3, 0x76, 0x9F, 0xCF, 0x76, 0x3B, 0x4A, 0xCC, 0x35, 0x8E, 0x6D, 0xDF, 0xF7, 0xFD, 0x6E, 0xE7,
    0xFB, 0x7D, 0xDF, 0x7D, 0x7E, 0xE7, 0x7D, 0xBE, 0xE7, 0x76, 0xBE, 0xDB, 0x69, 0x1A, 0x46, 0x49, 0x21, 0x00, 0x46, 0x5A, 0x8E, 0xE9, 0x35, 0x79,
    0xED, 0x58, 0xC6, 0x76, 0x9E, 0xDB, 0x31, 0x0C, 0xA7, 0xE5, 0x6A, 0x8F, 0xC5, 0x50, 0x20, 0xC1, 0x21, 0x59, 0x5E, 0xE8, 0xA5, 0xE9, 0x9C, 0x96,
    0xF3, 0x3C, 0xB7, 0xE9, 0x7C, 0xE7, 0x77, 0x6A, 0xDB, 0x71, 0x5D, 0xD7, 0x34, 0x1D, 0xAF, 0xF6, 0x1C, 0xB6, 0xED, 0xD5, 0x14, 0x04, 0x21, 0x00,
    0x00, 0x10, 0x5C, 0xFD, 0x7E, 0xDB, 0xF7, 0x3C, 0xDB, 0xFB, 0xDD, 0xC6, 0x7B, 0x7F, 0xDB, 0x73, 0x7B, 0x31, 0x92, 0x37, 0xA6, 0x79, 0xDF, 0xF7,
    0xFD, 0x7D, 0xEF, 0xF7, 0x3D, 0xEF, 0xFB, 0x7D, 0xF7, 0x7B, 0xBE, 0xDB, 0xF9, 0xBE, 0xA7, 0xE9, 0x38, 0x2D, 0xC6, 0x00, 0x08, 0x5E, 0x5A, 0x8E,
    0xE3, 0x74, 0xA5, 0xE9, 0xB8, 0xDA, 0x79, 0x7E, 0xDB, 0x30, 0x9C, 0x96, 0xA9, 0xAD, 0xF3, 0x3C, 0xEF, 0xFB, 0xFE, 0xEF, 0xFF, 0xBF, 0xCF, 0xFB,
    0x71, 0x1C, 0xDB, 0x79, 0xBB, 0xAE, 0xB2, 0x28, 0x5A, 0xCB, 0x65, 0xAF, 0x76, 0x3A, 0xDE, 0x5E, 0x83, 0x08, 0x02, 0x00, 0x00, 0xC3, 0xB1, 0xDA,
    0xF3, 0xBC, 0x96, 0x65, 0x7B, 0xE7, 0xF6, 0x9A, 0xA6, 0x69, 0xDA, 0xDA, 0xB6, 0x7D, 0xF7, 0xBB, 0x9D, 0xEF, 0x7D, 0xDF, 0xF7, 0x79, 0x9B, 0xDB,
    0xF3, 0x6C, 0xDB, 0xB9, 0x3D, 0xCF, 0xF7, 0x3C, 0xEF, 0x7B, 0x9B, 0xEF, 0x6D, 0x3A, 0x36, 0x47, 0x01, 0x24, 0x6B, 0x38, 0xE6, 0x79, 0xAE, 0xDB,
    0x6B, 0xBA, 0xDA, 0xF9, 0x9A, 0xAE, 0xF1, 0xBA, 0xB6, 0xF3, 0x9C, 0x24, 0x08, 0xC2, 0x1C, 0x87, 0x6D, 0xC7, 0xF1, 0xBA, 0xDA, 0xB1, 0x3D, 0xA7,
    0x30, 0x0C, 0xC3, 0x70, 0x0C, 0xCF, 0xB9, 0x9D, 0xAE, 0xB2, 0x29, 0x5A, 0xCB, 0x35, 0xC3, 0x76, 0xEB, 0xD9, 0x63, 0x93, 0x08, 0x42, 0x00, 0x04,
    0x86, 0x77, 0xCF, 0x73, 0x9B, 0x96, 0xA9, 0x9D, 0xDF, 0x6B, 0x9A, 0xA6, 0xE9, 0x6A, 0xDB, 0xF6, 0xBD, 0xF7, 0xF7, 0xBD, 0xEF, 0x7D, 0xDF, 0xEF,
    0xB3, 0x7D, 0xDB, 0xB3, 0x6D, 0xDF, 0xB7, 0x3D, 0xDF, 0xF3, 0x9C, 0xEF, 0xF3, 0xBC, 0xE7, 0x69, 0x7A, 0x21, 0x47, 0x20, 0x94, 0xE3, 0xD5, 0xE6,
    0x77, 0x6E, 0xAF, 0x69, 0x3A, 0xE7, 0xED, 0xBA, 0xAE, 0xEB, 0xDA, 0xB6, 0xF3, 0xCC, 0xFB, 0x3C, 0xEF, 0xFB, 0xBE, 0xEF, 0xFB, 0xFE, 0xFF, 0xFF,
    0x6B, 0xEA, 0x79, 0x69, 0x9B, 0xA6, 0xDE, 0xB2, 0x2C, 0x8B, 0xB4, 0xAE, 0x71, 0x1A, 0x7A, 0xD1, 0x74, 0x04, 0x02, 0x20, 0x24, 0x6D, 0xDF, 0xDB,
    0x2B, 0xBC, 0xB6, 0x79, 0xDF, 0xEF, 0xB9, 0x3D, 0xCF, 0xF7, 0xDE, 0xEF, 0x6D, 0x9A, 0xAE, 0x69, 0x9B, 0xF7, 0x7D, 0xDF, 0xEF, 0xB6, 0xBD, 0xDF,
    0xFB, 0x7E, 0xEF, 0xFB, 0x7D, 0xE7, 0xFB, 0xDD, 0xDE, 0x7B, 0x9E, 0xE6, 0x7D, 0x3A, 0x2E, 0x86, 0x60, 0xAC, 0xD3, 0xD4, 0xC2, 0xE9, 0x9A, 0xA6,
    0xE9, 0xBC, 0xF7, 0xFD, 0x7E, 0xDF, 0xF9, 0x6E, 0xDF, 0xF6, 0xAA, 0x20, 0x03, 0x71, 0x28, 0x61, 0xBC, 0xC2, 0xEB, 0xBA, 0xA6, 0x69, 0x3A, 0xAF,
    0x69, 0x3A, 0xAE, 0x70, 0xEA, 0x79, 0x69, 0x9B, 0xA6, 0xE1, 0xB2, 0x2C, 0x0B, 0xB3, 0xAE, 0x70, 0xEA, 0x85, 0xD1, 0x94, 0x04, 0x02, 0x10, 0x8C,
    0x7D, 0x9F, 0xC3, 0xF0, 0xBA, 0xCE, 0x7B, 0xBF, 0xE7, 0xB7, 0x3D, 0xCF, 0x79, 0xBF, 0xDB, 0x6B, 0xBA, 0xAE, 0xAB, 0xBD, 0xF7, 0x7D, 0xBF, 0xE7,
    0xED, 0xBE, 0xE7, 0x7D, 0xBE, 0xF7, 0xF7, 0x7D, 0xEF, 0xFB, 0x6C, 0xE7, 0x7B, 0xDB, 0xF6, 0xF3, 0x78, 0x1D, 0x84, 0x50, 0x8E, 0x4B, 0x1A, 0xAF,
    0x6B, 0x9A, 0xAE, 0xED, 0x9D, 0xDF, 0xED, 0xBA, 0xB6, 0xF6, 0xDC, 0xCE, 0xF0, 0xCA, 0xF3, 0x3E, 0xEF, 0xFB, 0xBE, 0xEF, 0xFB, 0xBE, 0xEF, 0xFB,
    0x79, 0x9A, 0xA6, 0xEB, 0x9A, 0xAE, 0x57, 0x32, 0x5D, 0x5E, 0x3A, 0xB7, 0x79, 0x3A, 0xEE, 0xED, 0xCA, 0x04, 0x00, 0x70, 0xB4, 0xED, 0xBD, 0xF7,
    0x79, 0xDE, 0xF7, 0x7D, 0x6E, 0xDB, 0x71, 0x6B, 0xE7, 0xF9, 0xDE, 0xEF, 0x7D, 0x6E, 0xDB, 0x79, 0xDF, 0xF7, 0x7D, 0x9F, 0xEF, 0x6D, 0x9B, 0xDF,
    0xFB, 0x7E, 0xE7, 0x77, 0xBE, 0xDF, 0xF7, 0xDC, 0xDE, 0xF7, 0x3E, 0x97, 0xFB, 0x7C, 0x35, 0x04, 0x50, 0x5E, 0xDE, 0xBA, 0xDA, 0xB6, 0x9D, 0xEF,
    0x7B, 0xDE, 0xCE, 0xFB, 0x6D, 0xDF, 0x6D, 0xBB, 0xAE, 0xF0, 0x98, 0x14, 0x82, 0x50, 0x28, 0x5E, 0x99, 0xA6, 0xED, 0x3C, 0x8E, 0xA3, 0xE7, 0x85,
    0xE3, 0xE8, 0xB5, 0x79, 0x9A, 0xA6, 0xE9, 0x9A, 0xAE, 0x63, 0x32, 0x5D, 0xDE, 0x38, 0xB7, 0x77, 0x1B, 0xEE, 0x73, 0x7A, 0x09, 0x01, 0x40, 0xD8,
    0x76, 0xBE, 0xEF, 0xF9, 0xDE, 0xF7, 0xBB, 0x6D, 0xB7, 0xEB, 0x9C, 0xDF, 0x79, 0xBF, 0xF7, 0xBB, 0x6D, 0xDB, 0x7D, 0xDF, 0xF7, 0xFD, 0x7E, 0xDF,
    0xE9, 0x7D, 0xE7, 0xFB, 0x7D, 0xE7, 0xF7, 0x7E, 0xDF, 0x77, 0x3B, 0xDF, 0xF9, 0x3E, 0xDA, 0xFB, 0x38, 0x21, 0x81, 0xB1, 0x4E, 0x6B, 0x6B, 0xB7,
    0xF1, 0x3D, 0xDB, 0x71, 0x1C, 0xB7, 0xEB, 0x6A, 0xB7, 0x30, 0xBC, 0xAE, 0xEB, 0xCA, 0xF3, 0x3C, 0xEF, 0xFB, 0xBE, 0xCF, 0xF3, 0x3E, 0xEF, 0xFB,
    0xF3, 0x0A, 0xC7, 0x71, 0x1C, 0xA7, 0x91, 0x34, 0x4D, 0xD1, 0x05, 0xDB, 0x7D, 0x1B, 0xE6, 0x57, 0x43, 0x08, 0x00, 0x60, 0x34, 0x52, 0xB9, 0xCE,
    0x73, 0x7B, 0xCF, 0x73, 0xBB, 0xAE, 0xEB, 0xBA, 0xAE, 0xEB, 0x6D, 0xAF, 0xF6, 0xBE, 0xDF, 0xED, 0xDC, 0xF7, 0xF9, 0xDC, 0xDE, 0x73, 0xBA, 0xF7,
    0xF9, 0xBD, 0xF7, 0xF9, 0xBE, 0xDF, 0x7B, 0x3A, 0xE7, 0xF7, 0x9E, 0xA7, 0x76, 0x2E, 0x21, 0xC1, 0x90, 0xAE, 0xF3, 0x9E, 0xEF, 0xB9, 0x1D, 0xDB,
    0xF6, 0xBA, 0xAE, 0xEB, 0x6A, 0xDF, 0x2B, 0xBC, 0xAE, 0xF1, 0x78, 0x0C, 0x8A, 0x57, 0x96, 0x69, 0xDA, 0xA6, 0xF3, 0x3D, 0xDA, 0x36, 0x0C, 0xC7,
    0x76, 0x1C, 0xB7, 0xF3, 0x0A, 0xC7, 0x71, 0x1C, 0xAF, 0x51, 0x34, 0x4D, 0xD1, 0x05, 0xDB, 0xFD, 0x7C, 0xE5, 0x63, 0x53, 0x08, 0x00, 0x40, 0x44,
    0x5E, 0xDA, 0xDA, 0xAD, 0x6D, 0xCF, 0xF3, 0x0A, 0xAF, 0xEB, 0xBA, 0xAE, 0x73, 0xDE, 0xC6, 0xF9, 0x9E, 0xDB, 0xED, 0xDE, 0xF7, 0x77, 0x3B, 0xEF,
    0xE9, 0xBD, 0xEF, 0xF7, 0xDD, 0xEF, 0x79, 0x9F, 0xEF, 0x73, 0xBA, 0xDF, 0xF7, 0xDE, 0xA6, 0xFB, 0x98, 0x0C, 0xC1, 0xB5, 0xB6, 0xF6, 0xDC, 0xB6,
    0x6B, 0x0C, 0xAF, 0xEB, 0xBA, 0xAE, 0x6B, 0x9B, 0xB7, 0xF0, 0xBA, 0xAE, 0x2B, 0xCC, 0xF3, 0x3C, 0xEF, 0xFB, 0xBE, 0xEF, 0xFB, 0xBE, 0xEF, 0xFB,
    0xB7, 0xDD, 0xAE, 0xE9, 0x3A, 0x8F, 0x4B, 0xB3, 0x34, 0xCB, 0x14, 0xAF, 0xF9, 0x18, 0xCD, 0x13, 0x12, 0x04, 0x80, 0x30, 0x2D, 0x4B, 0x34, 0xC2,
    0xF0, 0x0A, 0xC3, 0xF3, 0x0A, 0xAF, 0xEB, 0xBA, 0xAE, 0xEB, 0xDA, 0xAE, 0xEB, 0xDA, 0xAE, 0x63, 0xDE, 0xF7, 0x76, 0x79, 0x5D, 0xE9, 0xDA, 0xB6,
    0x6D, 0xDB, 0xB6, 0xED, 0xDC, 0xCE, 0xF3, 0x38, 0xDF, 0xF7, 0xDD, 0xB7, 0x6B, 0x2E, 0x15, 0x82, 0x34, 0x7A, 0xE9, 0x6C, 0xB7, 0xEB, 0xDA, 0xB6,
    0x6D, 0xBC, 0xAE, 0xEB, 0x1A, 0xAF, 0xEB, 0xBA, 0xAE, 0xF1, 0x68, 0x1C, 0xAB, 0x1D, 0xC7, 0x30, 0x0C, 0xC7, 0x76, 0x3E, 0xC3, 0x6B, 0x6C, 0xDB,
    0x6D, 0x1B, 0xDB, 0xB7, 0x1D, 0xAF, 0xE9, 0x3A, 0xA7, 0x4B, 0xD3, 0x34, 0x4B, 0xB4, 0xAE, 0x77, 0xBA, 0xCC, 0x57, 0x22, 0x04, 0x40, 0x10, 0x2D,
    0xCB, 0xB5, 0xC2, 0xEB, 0xBA, 0xDA, 0xED, 0x0A, 0xAF, 0xEB, 0xBA, 0xAE, 0x6B, 0xBB, 0xAE, 0x6B, 0x1B, 0x97, 0x6D, 0xDF, 0xEF, 0xA9, 0x77, 0x8D,
    0x6B, 0xDB, 0xB6, 0x6D, 0xDB, 0xB6, 0x73, 0xDB, 0xE6, 0x69, 0x9B, 0xDF, 0xF7, 0xBE, 0x97, 0xFB, 0x78, 0x08, 0xC5, 0xE8, 0x8D, 0x2B, 0xBC, 0xAE,
    0xEB, 0xBA, 0xAE, 0xEB, 0xBA, 0xAE, 0xEB, 0xBA, 0xAE, 0xF0, 0xBA, 0xAE, 0x71, 0xCA, 0xFB, 0xFE, 0xEB, 0xFB, 0x3C, 0xCF, 0xF3, 0x3C, 0xEF, 0xFF,
    0x63, 0x38, 0x86, 0xD7, 0x98, 0x7A, 0x4B, 0xD3, 0x2C, 0xD3, 0x18, 0xC7, 0xF9, 0x75, 0xE5, 0x17, 0x12, 0x04, 0xC1, 0x71, 0x45, 0x4C, 0x32, 0xA5,
    0xF1, 0xBA, 0xAE, 0xEB, 0xBA, 0xAE, 0xEB, 0xBA, 0xAE, 0xEB, 0xBA, 0xAE, 0x2B, 0x0C, 0xA7, 0x5E, 0xDE, 0xEF, 0x69, 0x3B, 0xA7, 0xCC, 0x38, 0xE7,
    0x79, 0x7B, 0xE7, 0xF3, 0x3C, 0xCF, 0xED, 0x7C, 0xDF, 0xF7, 0xBD, 0xA7, 0x6D, 0x9E, 0x0C, 0xC6, 0x78, 0x45, 0xD7, 0xB8, 0xC2, 0x70, 0x3B, 0xDF,
    0x73, 0xBB, 0xC2, 0x30, 0x0C, 0xAF, 0xEB, 0xBA, 0xC2, 0xE9, 0x75, 0x78, 0xF1, 0x3A, 0xDB, 0xB6, 0x7D, 0xDB, 0xEB, 0x3C, 0xAF, 0xE9, 0x3A, 0x5E,
    0x6D, 0x3A, 0xA6, 0xA3, 0x37, 0x8E, 0x57, 0x38, 0x8E, 0x4D, 0xD3, 0x2C, 0x51, 0x18, 0xC7, 0xF9, 0x18, 0xE5, 0x5E, 0x12, 0x04, 0x41, 0x71, 0x45,
    0x49, 0x33, 0xC6, 0xEB, 0xBA, 0xC2, 0xEB, 0xBA, 0xAE, 0xEB, 0xBA, 0xAE, 0xEB, 0xBA, 0xAE, 0x2B, 0xBC, 0x7A, 0x69, 0xDF, 0xAF, 0xE9, 0xDC, 0x4E,
    0xD2, 0x3C, 0xEF, 0xF3, 0x9C, 0xDF, 0xF3, 0x3C, 0xCF, 0xF3, 0x7D, 0xDF, 0x77, 0x7E, 0x97, 0xBB, 0x47, 0x0C, 0xD7, 0x18, 0x5D, 0xED, 0x1A, 0xC3,
    0xEB, 0xBA, 0xAE, 0xEB, 0x0A, 0xC3, 0x30, 0x0C, 0xAF, 0xEB, 0x0A, 0xC3, 0xE9, 0xC9, 0xFB, 0x3E, 0xEF, 0xFB, 0x3C, 0xEF, 0xFB, 0xBF, 0xEF, 0xF3,
    0xED, 0x98, 0xA6, 0x63, 0x6A, 0xA7, 0xCB, 0x32, 0x5D, 0x93, 0x37, 0x5E, 0x13, 0x92, 0x10, 0x4A, 0xC8, 0x10, 0x43, 0x39, 0x7A, 0xD3, 0xB2, 0x5C,
    0x69, 0xBC, 0xAE, 0x30, 0xBC, 0xAE, 0xEB, 0x0A, 0xC3, 0x70, 0x1C, 0xC3, 0xEB, 0x9A, 0x7A, 0x63, 0xDF, 0xDB, 0xED, 0x3D, 0xDF, 0xE9, 0xB6, 0xA5,
    0xDB, 0xB6, 0xA5, 0xE9, 0xBD, 0xF7, 0x73, 0x7E, 0xDF, 0xF7, 0x3D, 0xA7, 0xAD, 0x9D, 0x04, 0xC5, 0xB8, 0x5C, 0xEB, 0x74, 0xA5, 0x6B, 0x9C, 0xAE,
    0x70, 0x0C, 0xAF, 0xE9, 0x98, 0xC6, 0x71, 0xBC, 0xAE, 0xA3, 0x97, 0xDA, 0xB7, 0xDD, 0xB6, 0xE9, 0x38, 0x8E, 0xE3, 0x38, 0x5E, 0xD7, 0x38, 0xA6,
    0xE9, 0x35, 0x8D, 0xE9, 0x38, 0xAE, 0x63, 0x6A, 0xB7, 0xCD, 0x12, 0x5D, 0x93, 0x37, 0x5E, 0x17, 0x92, 0x14, 0xC7, 0xC8, 0x14, 0x82, 0x77, 0x5E,
    0xCD, 0x12, 0x8D, 0x31, 0xBC, 0xAE, 0x30, 0xBC, 0xAE, 0x2B, 0x0C, 0xC3, 0x71, 0x1C, 0xAF, 0xEB, 0x3A, 0x86, 0x77, 0xBF, 0xB7, 0xF6, 0x3D, 0xCF,
    0xDE, 0x96, 0x6E, 0xDB, 0x96, 0xA6, 0xF3, 0xDD, 0xDF, 0xF7, 0x7D, 0xDF, 0xF7, 0x9D, 0xA6, 0xB7, 0x37, 0x04, 0xDE, 0xB5, 0xC0, 0x63, 0x54, 0xAE,
    0x70, 0xBC, 0xC6, 0x71, 0xBC, 0xAE, 0xEB, 0xBA, 0xC6, 0xF1, 0xBA, 0xA6, 0xDE, 0xEB, 0xFB, 0xFE, 0xEF, 0xFB, 0x3C, 0xEF, 0xFB, 0xFE, 0xEF, 0xF3,
    0x2B, 0xBC, 0xC6, 0xF1, 0x1A, 0x8F, 0x4B, 0x13, 0x4D, 0xCB, 0x12, 0x45, 0x63, 0x3A, 0x32, 0xA5, 0x6E, 0x4F, 0xC4, 0x18, 0x8E, 0xDE, 0x34, 0x2D,
    0xD1, 0x18, 0xC7, 0xEB, 0xBA, 0xAE, 0xEB, 0x9A, 0xA6, 0xE9, 0x58, 0x8E, 0x9E, 0x77, 0x1D, 0x57, 0xDF, 0xE7, 0x6D, 0x9B, 0x6E, 0xE9, 0x96, 0xA6,
    0x55, 0xBA, 0x6D, 0xDB, 0x36, 0xCF, 0xDB, 0x7D, 0xDF, 0xF7, 0xDE, 0xA6, 0x7B, 0x8B, 0x04, 0xC3, 0x18, 0x29, 0xDE, 0xB4, 0x4C, 0xE1, 0xB8, 0xAE,
    0xE5, 0x38, 0x86, 0xD7, 0x34, 0x5D, 0xDE, 0x24, 0x4D, 0x53, 0x1A, 0x8F, 0x63, 0x3B, 0xB6, 0xA5, 0xE7, 0xA5, 0xF7, 0x3C, 0xCF, 0xF3, 0x6A, 0xE7,
    0xE9, 0x1C, 0xC7, 0x70, 0x0C, 0xC7, 0xF1, 0x1A, 0xA7, 0xCD, 0x12, 0x4D, 0xCD, 0x12, 0x45, 0x63, 0x9A, 0x4A, 0x9E, 0x6E, 0x7B, 0x83, 0x37, 0x86,
    0xD3, 0x14, 0x2D, 0xDE, 0x1A, 0xAF, 0xEB, 0xBA, 0xAE, 0x70, 0x9A, 0xA6, 0xE3, 0x38, 0x8E, 0x9E, 0xA7, 0x20, 0x7B, 0xBF, 0xCF, 0x69, 0xBA, 0x6D,
    0xE9, 0xD6, 0x56, 0xDB, 0xB6, 0x6D, 0x5B, 0xBA, 0x6F, 0x6D, 0x7E, 0xDF, 0xF7, 0x3D, 0xDE, 0xB9, 0x37, 0x00, 0xD7, 0xB5, 0x5C, 0xD3, 0xD2, 0x5C,
    0x63, 0x1A, 0xA7, 0xE3, 0x18, 0x5E, 0xD3, 0x34, 0x79, 0x97, 0x34, 0x4D, 0xD7, 0xCB, 0xF3, 0xBC, 0xEF, 0xFB, 0x3C, 0xEF, 0xFB, 0xFE, 0xEF, 0xF3,
    0xAD, 0x6D, 0xAF, 0xEB, 0x3D, 0x47, 0x4B, 0xB3, 0x4C, 0xED, 0x9C, 0xAE, 0xE9, 0x98, 0x8E, 0xE3, 0x78, 0x29, 0x42, 0x32, 0x4D, 0xD1, 0x34, 0x35,
    0xCD, 0xE2, 0xA5, 0x61, 0x78, 0x4D, 0xD3, 0x34, 0x5D, 0x51, 0xD3, 0x24, 0x07, 0x52, 0x04, 0x49, 0x7F, 0xAF, 0xED, 0xC5, 0x48, 0x87, 0x92, 0x96,
    0xDB, 0xB6, 0x6D, 0xDB, 0x96, 0x7A, 0xCA, 0xB6, 0xDE, 0x77, 0x3B, 0xEE, 0xFD, 0x75, 0x00, 0xC2, 0xB5, 0x28, 0xC6, 0x12, 0x2D, 0xCD, 0x32, 0x5D,
    0x51, 0x13, 0x35, 0x89, 0x72, 0x14, 0x08, 0x92, 0x2C, 0x4B, 0xBB, 0xCF, 0xE9, 0x0C, 0xC7, 0x70, 0x1C, 0xC7, 0x2B, 0xBC, 0xC6, 0xB1, 0x9D, 0xEF,
    0x36, 0x1C, 0xDB, 0xF3, 0x6C, 0xB7, 0xAB, 0x6D, 0x4F, 0x4B, 0xB3, 0x44, 0xAB, 0x9D, 0xAE, 0xE9, 0x98, 0xA6, 0xE3, 0xE8, 0x45, 0xC2, 0x31, 0x4D,
    0xD3, 0x14, 0x45, 0xCB, 0x54, 0x8E, 0xA1, 0x37, 0x4D, 0xD3, 0x34, 0x4D, 0x4D, 0xB4, 0x1C, 0xC8, 0x21, 0x08, 0x77, 0x3F, 0xAF, 0xA3, 0x24, 0x29,
    0xC7, 0x96, 0x6E, 0xE9, 0xB6, 0x6D, 0xDB, 0x96, 0x2A, 0x5B, 0x7A, 0xE7, 0xF7, 0xD8, 0xF6, 0xED, 0x14, 0x00, 0x53, 0xD4, 0x2C, 0x4B, 0xD3, 0x34,
    0x4B, 0x74, 0x45, 0x4B, 0x13, 0x2D, 0x49, 0x52, 0x1C, 0x08, 0xA2, 0x2C, 0x17, 0xCE, 0xF3, 0xAF, 0xFF, 0xFF, 0xBE, 0xFF, 0xFB, 0xFE, 0xEF, 0xBF,
    0x69, 0x9A, 0x8E, 0xE3, 0x18, 0x36, 0x4D, 0xD3, 0x2C, 0xD1, 0x14, 0x45, 0xCB, 0xB2, 0x2C, 0x48, 0x41, 0x04, 0xC1, 0x74, 0x14, 0x85, 0x51, 0x14,
    0x4B, 0xD4, 0x34, 0x51, 0xD4, 0x2C, 0x4B, 0xA3, 0x24, 0xCA, 0x72, 0x10, 0xC4, 0x20, 0x04, 0x49, 0xDF, 0x97, 0x63, 0xEA, 0x79, 0x97, 0x37, 0x7A,
    0x1E, 0x73, 0x24, 0xD7, 0xA4, 0x24, 0x8C, 0xB4, 0xCD, 0xF7, 0x38, 0xEF, 0xE3, 0x35, 0x04, 0x8A, 0xB7, 0x44, 0x4D, 0xD3, 0x44, 0x51, 0xD3, 0x34,
    0xCD, 0x92, 0x28, 0x0C, 0x33, 0x5D, 0x0A, 0x92, 0x34, 0x4A, 0xBB, 0xE7, 0x7B, 0xDE, 0xC6, 0xB6, 0x6D, 0xDB, 0xB6, 0x6D, 0xAF, 0x6B, 0xDB, 0xB6,
    0xF6, 0x5A, 0xAE, 0x69, 0x9A, 0x8E, 0xE3, 0x38, 0x46, 0x4B, 0xD3, 0x2C, 0xD1, 0x14, 0x45, 0xCD, 0xB2, 0x2C, 0x49, 0x41, 0x04, 0x01, 0x93, 0x1C,
    0x47, 0x71, 0x24, 0x51, 0xD3, 0x34, 0x51, 0xB3, 0x2C, 0xCB, 0x92, 0x28, 0x4A, 0x52, 0x10, 0xC3, 0x10, 0x08, 0x73, 0xDF, 0x7A, 0xE9, 0xE8, 0x79,
    0x5E, 0x19, 0x7A, 0x53, 0x72, 0x48, 0x97, 0xA4, 0x28, 0x92, 0x94, 0xE6, 0xEB, 0xD8, 0xB7, 0x21, 0x12, 0x10, 0xDE, 0xB4, 0x34, 0x4D, 0xD3, 0x34,
    0x4D, 0xD3, 0x44, 0x4B, 0x92, 0x30, 0x8C, 0x74, 0x49, 0x48, 0xB2, 0x2C, 0x12, 0xCE, 0xF3, 0xBC, 0xFF, 0xFB, 0xBE, 0xEF, 0xFB, 0xBE, 0xCF, 0xF3,
    0x63, 0x9A, 0xB6, 0xF3, 0xDC, 0x46, 0xCD, 0xB2, 0x34, 0xCB, 0xB2, 0x2C, 0x4D, 0x34, 0x08, 0x42, 0x00, 0x00, 0x44, 0x38, 0x4D, 0xDE, 0xC5, 0x1C,
    0x49, 0x92, 0x34, 0x4D, 0xD3, 0x44, 0x91, 0x82, 0x1C, 0x45, 0x21, 0x10, 0x07, 0x81, 0x24, 0x5E, 0xDF, 0xAF, 0xE3, 0x98, 0x8E, 0xEB, 0x38, 0x5E,
    0x5E, 0x18, 0x7A, 0x97, 0xE7, 0xA5, 0xA3, 0x37, 0x6D, 0xED, 0x98, 0xA7, 0xD1, 0x21, 0x0C, 0xE3, 0xD5, 0x44, 0x51, 0xD4, 0x28, 0xC9, 0x92, 0x20,
    0x49, 0x32, 0x45, 0x5E, 0x74, 0x1C, 0x08, 0xD2, 0x34, 0x48, 0xBB, 0xE7, 0xF9, 0x3D, 0xB7, 0xED, 0x3A, 0x5E, 0xD7, 0x15, 0xA6, 0xA9, 0x77, 0xA5,
    0xE9, 0x38, 0x86, 0x63, 0x9A, 0xB6, 0xF3, 0x6C, 0x4F, 0x4B, 0xB3, 0x34, 0xCB, 0xB2, 0x2C, 0x4D, 0x44, 0x08, 0x82, 0x10, 0x00, 0xC3, 0x75, 0x4D,
    0x9E, 0x84, 0x20, 0x4B, 0xB2, 0x34, 0x4D, 0xD3, 0x34, 0x4B, 0x82, 0x14, 0xC5, 0x30, 0x1C, 0x45, 0x91, 0x34, 0x79, 0x6F, 0x97, 0xE1, 0x38, 0xA6,
    0xE3, 0x18, 0x5E, 0xA1, 0x17, 0x5E, 0xDE, 0x35, 0xA6, 0xE3, 0x74, 0xCD, 0xE3, 0x6C, 0x4F, 0xCA, 0x10, 0x4C, 0x63, 0x14, 0x45, 0x51, 0xD4, 0x34,
    0xD1, 0x82, 0x24, 0x48, 0x34, 0x5D, 0x57, 0x72, 0x1C, 0x88, 0x12, 0x25, 0x13, 0xCF, 0xF3, 0xBC, 0xFF, 0xFB, 0xBE, 0xCF, 0xF3, 0x3C, 0xCF, 0xF3,
    0xB6, 0x6D, 0xCF, 0x29, 0x5C, 0x4E, 0xD3, 0x34, 0x45, 0x53, 0xD3, 0x2C, 0x11, 0x22, 0x04, 0x41, 0x00, 0x00, 0x48, 0xB4, 0x34, 0xD3, 0x34, 0x4D,
    0x4D, 0xB4, 0x24, 0x4B, 0xD4, 0x1C, 0x46, 0x51, 0x14, 0xC5, 0x24, 0x5D, 0xD7, 0x34, 0x25, 0x5E, 0xDF, 0x97, 0x79, 0xBE, 0xEF, 0xFB, 0xDE, 0xCF,
    0xED, 0x3C, 0xCF, 0x73, 0x3B, 0x5E, 0xDE, 0x7C, 0xCF, 0x65, 0x3B, 0x4B, 0xC7, 0x10, 0x04, 0x53, 0x94, 0x1C, 0x05, 0x72, 0x14, 0x03, 0x51, 0x14,
    0x0D, 0x52, 0x0C, 0x07, 0x82, 0x2C, 0x11, 0x42, 0x0C, 0xCA, 0x9A, 0xA6, 0x6D, 0xDE, 0x4E, 0x5E, 0x9A, 0x96, 0x69, 0x99, 0xDA, 0xFB, 0x7D, 0xE7,
    0x76, 0x6C, 0xDB, 0xB6, 0x6D, 0xDB, 0x29, 0x9C, 0x4E, 0x53, 0x34, 0x45, 0x53, 0xD4, 0x34, 0x4D, 0x22, 0x04, 0x41, 0x00, 0x00, 0xC5, 0xB4, 0x44,
    0xD3, 0x34, 0x45, 0x51, 0xA3, 0x24, 0x51, 0x93, 0x28, 0xC8, 0x91, 0x1C, 0xCA, 0x34, 0x5D, 0xD3, 0xB4, 0x30, 0x76, 0xBF, 0xB6, 0xFB, 0xBD, 0xEF,
    0x79, 0xBF, 0xB7, 0xF3, 0x3C, 0xCF, 0x73, 0x7A, 0x5D, 0xE9, 0x3D, 0xAF, 0x65, 0x1E, 0x26, 0x84, 0x00, 0x1C, 0x57, 0x82, 0x14, 0x87, 0x72, 0x20,
    0x47, 0x41, 0x24, 0xCB, 0x41, 0x10, 0xC9, 0x91, 0x44, 0x4B, 0x41, 0x14, 0xAE, 0xCF, 0xF3, 0xBC, 0xFF, 0xFF, 0xBC, 0xEF, 0xFB, 0xBE, 0xEF, 0xFB,
    0x30, 0x7C, 0xEF, 0x73, 0x3B, 0x29, 0xCD, 0x14, 0x4D, 0xD3, 0x32, 0x79, 0x5E, 0x34, 0x08, 0x00, 0x00, 0x10, 0x51, 0x14, 0x45, 0xCB, 0xB2, 0x2C,
    0x4D, 0xB3, 0x44, 0xCD, 0x12, 0x2D, 0xC9, 0xC1, 0x5C, 0xD3, 0x34, 0x29, 0x0B, 0x52, 0x04, 0x47, 0xBF, 0x8F, 0xED, 0xC5, 0x78, 0x69, 0x7A, 0xAF,
    0xF7, 0x3C, 0xCF, 0xF3, 0xBE, 0xB7, 0xF7, 0xBE, 0xCE, 0x63, 0x3A, 0x23, 0x84, 0x00, 0x08, 0xCB, 0x71, 0x1C, 0x05, 0x31, 0x08, 0x03, 0x91, 0x1C,
    0x07, 0x51, 0x28, 0x8B, 0x82, 0x18, 0x44, 0x51, 0x0C, 0x53, 0x3E, 0xDF, 0xF9, 0x3E, 0xC3, 0xF1, 0x0A, 0xC3, 0x30, 0x0C, 0xDF, 0x39, 0x1C, 0xDF,
    0xF9, 0x3D, 0xC3, 0x30, 0x6C, 0xEF, 0x73, 0x7B, 0x25, 0xCB, 0x14, 0x4D, 0xD7, 0x12, 0x5D, 0xDE, 0x44, 0x08, 0x01, 0x00, 0x0C, 0x4D, 0x14, 0x35,
    0xCB, 0xB2, 0x34, 0xD1, 0xD2, 0x44, 0x4B, 0x13, 0x45, 0x0A, 0x72, 0x4D, 0xD3, 0xB4, 0x28, 0xC9, 0x31, 0x08, 0x73, 0xBF, 0x8E, 0x29, 0x33, 0xA5,
    0xDB, 0x3C, 0xCF, 0xF7, 0x3C, 0xCF, 0x79, 0x3F, 0xCF, 0xFB, 0x9C, 0xB6, 0x57, 0x1E, 0x15, 0x43, 0x00, 0x20, 0x89, 0x71, 0x1C, 0x05, 0x31, 0x14,
    0x07, 0x82, 0x1C, 0xC5, 0x90, 0x2C, 0x4B, 0x72, 0x14, 0x84, 0x31, 0x14, 0x2E, 0xCF, 0xF3, 0xBC, 0xFF, 0xFB, 0x2F, 0xEF, 0xFB, 0xFE, 0xEF, 0xF3,
    0x6D, 0x3A, 0x8E, 0xE3, 0x78, 0x4D, 0xD1, 0xD2, 0x34, 0x4B, 0xD3, 0x4C, 0xD1, 0x21, 0x08, 0x04, 0x71, 0x4C, 0xA3, 0x72, 0x28, 0x4D, 0xD4, 0x34,
    0xCD, 0x51, 0x1C, 0xC7, 0x91, 0x1C, 0x88, 0x72, 0x20, 0xCA, 0xB2, 0x2C, 0x8A, 0x31, 0x04, 0x57, 0xBF, 0xC7, 0xA5, 0xD7, 0x6E, 0xDB, 0x56, 0x6E,
    0xEB, 0xB6, 0x6D, 0xDB, 0xBD, 0xAD, 0xF9, 0x64, 0xDC, 0xD7, 0xD5, 0x16, 0x43, 0x00, 0x28, 0x9E, 0x34, 0x8E, 0x9E, 0x94, 0x28, 0xD3, 0x84, 0x20,
    0x4B, 0xA4, 0x4C, 0x4A, 0x32, 0x49, 0x49, 0x73, 0x4D, 0xE9, 0x9E, 0xEF, 0x79, 0x9E, 0xB7, 0x2B, 0x6C, 0xDB, 0xB6, 0x7D, 0xE7, 0x73, 0x3B, 0xE7,
    0xF3, 0x3D, 0xCF, 0xED, 0x3A, 0x8E, 0xE3, 0x78, 0x4D, 0xD1, 0xB2, 0x34, 0x4B, 0xD3, 0x4C, 0xD2, 0x31, 0x04, 0x04, 0x51, 0x44, 0x63, 0x73, 0x2C,
    0x51, 0xD3, 0x44, 0x49, 0x71, 0x1C, 0x07, 0x82, 0x1C, 0x4A, 0x72, 0x24, 0xCB, 0xB2, 0x2C, 0x07, 0x11, 0x10, 0x7D, 0x6F, 0xA7, 0x5E, 0x9A, 0x6E,
    0x5B, 0xBA, 0xA5, 0xDB, 0xB6, 0x6D, 0xED, 0xBA, 0xED, 0x69, 0xE1, 0xCD, 0x49, 0xAE, 0x0C, 0x02, 0x30, 0x84, 0x92, 0x37, 0x86, 0x97, 0x92, 0x34,
    0x97, 0x72, 0x24, 0x91, 0xB2, 0x44, 0x87, 0x34, 0x29, 0xCA, 0x74, 0x85, 0x27, 0xCF, 0xF3, 0xBC, 0xFF, 0xFB, 0xBC, 0xFF, 0xFF, 0xFF, 0xEF, 0xF3,
    0x63, 0xDA, 0xB6, 0xE9, 0x38, 0xDA, 0xE3, 0x12, 0x35, 0x4D, 0xD3, 0x34, 0x87, 0x00, 0x00, 0x01, 0x51, 0x58, 0xA9, 0x27, 0x49, 0x89, 0xD2, 0x34,
    0x4D, 0x92, 0x1C, 0xC5, 0x61, 0x20, 0x49, 0x72, 0x24, 0x4D, 0xD3, 0x34, 0x51, 0x42, 0x1C, 0x7D, 0xBF, 0xEF, 0xF6, 0x9C, 0xA7, 0xDB, 0x56, 0x6E,
    0xED, 0x96, 0xA6, 0xDB, 0x6A, 0xA5, 0x69, 0x2A, 0x8C, 0xD7, 0x35, 0x12, 0x02, 0x10, 0x4C, 0xE1, 0x34, 0x45, 0x4B, 0x34, 0x45, 0xCB, 0xD2, 0x44,
    0xCD, 0xD4, 0x44, 0xD3, 0x74, 0x4D, 0x51, 0xB4, 0x28, 0xE3, 0x9E, 0xDF, 0x77, 0x7E, 0xCF, 0x6D, 0x3A, 0x86, 0x5E, 0x9A, 0xB7, 0x51, 0xC4, 0x30,
    0xD7, 0x15, 0x8E, 0xE3, 0xD8, 0xB6, 0xE9, 0x38, 0xC6, 0x69, 0x13, 0x35, 0x4D, 0xD3, 0x34, 0x88, 0x00, 0x00, 0x01, 0x51, 0x48, 0xE9, 0x38, 0x31,
    0xC9, 0xD2, 0x34, 0x4A, 0x82, 0x14, 0x86, 0x71, 0x24, 0xC9, 0x81, 0x34, 0x4D, 0xD3, 0x44, 0xCB, 0x31, 0xCC, 0xFD, 0xBE, 0xE7, 0x73, 0x3E, 0x6F,
    0x5B, 0x6A, 0xA5, 0xDB, 0xB6, 0x6E, 0x69, 0xB9, 0xA5, 0xEB, 0x51, 0xCC, 0x49, 0x7B, 0x0C, 0x00, 0x60, 0x8C, 0xD3, 0x34, 0x35, 0x4D, 0x34, 0x45,
    0x4B, 0x13, 0x35, 0x51, 0xB4, 0x4C, 0xD3, 0x35, 0x45, 0x51, 0xB3, 0x34, 0x27, 0xCF, 0xF3, 0xBC, 0xFF, 0xFB, 0xBC, 0xEF, 0xFB, 0xBE, 0xEF, 0xF3,
    0xB3, 0x6D, 0xC3, 0xEB, 0x1A, 0xAF, 0xA3, 0xD7, 0x34, 0x4D, 0x13, 0x2D, 0x42, 0x00, 0x08, 0x00, 0x20, 0x30, 0xDE, 0xC4, 0x30, 0x49, 0xB2, 0x34,
    0x4D, 0x14, 0x35, 0x4D, 0x14, 0x35, 0x51, 0xD4, 0x44, 0x4D, 0xD3, 0x34, 0x4D, 0x54, 0x20, 0xFD, 0x7D, 0xF7, 0x73, 0xDE, 0x6E, 0x5B, 0xBA, 0x6D,
    0xE9, 0x96, 0xA7, 0x5B, 0x2A, 0xA5, 0xE9, 0x76, 0xA4, 0xCC, 0xD8, 0x16, 0x02, 0x30, 0x8C, 0xD7, 0xB2, 0x34, 0x4D, 0xB3, 0x34, 0x4D, 0xD3, 0x34,
    0x4D, 0x13, 0x2D, 0x4B, 0x92, 0x20, 0x48, 0x51, 0x0C, 0xCC, 0xBC, 0x8E, 0x17, 0x33, 0x8D, 0x69, 0x7A, 0x59, 0xDE, 0x98, 0xA7, 0xD1, 0xBC, 0xA6,
    0xEB, 0x0A, 0xB7, 0xB3, 0x6D, 0xC3, 0xEB, 0x1A, 0xB7, 0x63, 0x18, 0x2D, 0x4D, 0xD3, 0x44, 0x42, 0x10, 0x04, 0x01, 0x10, 0x24, 0xDE, 0xC5, 0x28,
    0x89, 0xD2, 0x34, 0x4D, 0x14, 0x35, 0xD1, 0xD4, 0x44, 0x51, 0x13, 0x35, 0x4D, 0xD3, 0x34, 0x91, 0x42, 0xCC, 0xFD, 0xBE, 0xEF, 0xF3, 0xBD, 0x6D,
    0x5B, 0xB9, 0xA5, 0xDB, 0x7C, 0x6F, 0xA9, 0xB7, 0xAD, 0xDB, 0x71, 0x5D, 0xD2, 0xCD, 0x0C, 0x00, 0x20, 0x8D, 0xCB, 0xB2, 0x34, 0x4D, 0xB3, 0x34,
    0x4D, 0xD3, 0x34, 0x4D, 0x14, 0x2D, 0x0A, 0x92, 0x20, 0x47, 0x51, 0x14, 0x9E, 0xCF, 0xF3, 0xBC, 0xFF, 0xFB, 0xBC, 0xEF, 0xFB, 0xBE, 0xEF, 0xFB,
    0xF1, 0xDA, 0xDA, 0xED, 0x3A, 0xDB, 0xA3, 0x37, 0x35, 0x4D, 0x13, 0x15, 0x82, 0x20, 0x08, 0x01, 0x00, 0x0C, 0x4A, 0xB2, 0x28, 0x4B, 0x14, 0x45,
    0x4D, 0xD3, 0x34, 0x4D, 0xD3, 0x34, 0x4D, 0xD3, 0x34, 0x4D, 0xD3, 0x44, 0xCB, 0x21, 0x10, 0x7D, 0x7F, 0xF7, 0x5B, 0x9B, 0x6E, 0x5B, 0x6A, 0xB5,
    0xDB, 0xD6, 0x6E, 0xE9, 0xB6, 0xA5, 0x5B, 0x31, 0xA6, 0x89, 0x3D, 0x27, 0x03, 0x60, 0x5C, 0xCB, 0xB2, 0x34, 0x4D, 0xD3, 0x34, 0x4D, 0xD3, 0x2C,
    0x4D, 0xB3, 0x1C, 0xC6, 0x71, 0x49, 0x91, 0x92, 0x1C, 0xD7, 0x7E, 0xE7, 0xF7, 0xDC, 0xCE, 0x70, 0x1C, 0xDB, 0x36, 0x6C, 0xB7, 0x23, 0x1C, 0xC7,
    0x71, 0x1C, 0xC7, 0x31, 0xDC, 0xDA, 0xED, 0x3A, 0xDF, 0xA5, 0x37, 0x35, 0x4D, 0x13, 0x1D, 0x82, 0x20, 0x08, 0x01, 0x00, 0x08, 0x4A, 0xA2, 0x2C,
    0x51, 0x14, 0x35, 0x4D, 0xD3, 0x34, 0x4D, 0xD3, 0x34, 0x4D, 0xD3, 0x34, 0x4D, 0x13, 0x35, 0x09, 0x11, 0xB4, 0x7D, 0xBE, 0xAF, 0xDB, 0xBC, 0x6D,
    0xE9, 0xB6, 0xA5, 0x5B, 0x9B, 0x6E, 0xA5, 0x95, 0x6E, 0x0A, 0x92, 0x27, 0x63, 0x3E, 0x15, 0x41, 0xE0, 0x45, 0xCB, 0xD2, 0x34, 0x4D, 0xD3, 0x34,
    0x4D, 0xB3, 0x2C, 0x4D, 0x83, 0x18, 0x86, 0x34, 0x35, 0x4C, 0x82, 0x5C, 0x2E, 0xCF, 0xF3, 0xBC, 0xFF, 0xFB, 0x2F, 0xEF, 0xFF, 0xFF, 0xEF, 0xF3,
    0x63, 0xDA, 0xA6, 0x69, 0x3A, 0x7A, 0x69, 0x3A, 0x35, 0x4D, 0x13, 0x0D, 0x81, 0x20, 0x08, 0x42, 0x00, 0x1C, 0x53, 0x13, 0x45, 0x4D, 0x23, 0x4D,
    0x4D, 0xD3, 0x34, 0x4D, 0xD3, 0x34, 0x4D, 0xD3, 0x34, 0x4D, 0xB3, 0x20, 0xC6, 0x30, 0x44, 0x7D, 0xBF, 0xB7, 0x5B, 0xBB, 0x6D, 0x5B, 0xBA, 0xA5,
    0xDB, 0xB6, 0xA5, 0x77, 0x99, 0xB6, 0xD1, 0xD4, 0xA7, 0x52, 0x3E, 0x25, 0x02, 0x70, 0x84, 0xCB, 0x34, 0x45, 0x4B, 0xD3, 0x34, 0x4D, 0xD3, 0x4C,
    0x51, 0xB3, 0x30, 0xD3, 0x74, 0x4D, 0xD3, 0x35, 0x85, 0xED, 0x9E, 0xEF, 0x76, 0x1C, 0xC7, 0x71, 0x1C, 0xC7, 0xF6, 0xBD, 0xDB, 0x71, 0x5A, 0xB6,
    0xB9, 0x3D, 0xB7, 0x69, 0xDA, 0xA6, 0x69, 0x3A, 0x5E, 0x69, 0x7A, 0x35, 0xCD, 0x32, 0x11, 0x81, 0x20, 0x08, 0x82, 0x00, 0x14, 0x53, 0x13, 0x45,
    0x0D, 0x33, 0x45, 0x4D, 0xD3, 0x34, 0x4D, 0xD3, 0x34, 0x4D, 0xD3, 0x34, 0x4D, 0x93, 0x1C, 0xC4, 0x60, 0xE4, 0xFD, 0x7E, 0x6F, 0x6B, 0xBA, 0x6D,
    0xE9, 0xB6, 0xA5, 0xDB, 0xB6, 0xCD, 0xF3, 0x76, 0x7B, 0x4B, 0xBB, 0x33, 0xED, 0xB8, 0x14, 0x40, 0x10, 0x46, 0xD3, 0x34, 0x2D, 0x4D, 0xD3, 0x34,
    0xCD, 0x32, 0x4D, 0x4D, 0xA3, 0x4C, 0xD3, 0x75, 0x4D, 0xD7, 0x75, 0x8D, 0x31, 0xCF, 0xF3, 0xBC, 0xFF, 0xFB, 0xBC, 0xEF, 0xFB, 0xBE, 0xEF, 0xBF,
    0x89, 0x34, 0xA6, 0x6D, 0xDB, 0xA6, 0x69, 0x3C, 0x2E, 0x4D, 0x84, 0x08, 0x82, 0x20, 0x08, 0x42, 0x40, 0x4C, 0x4B, 0xD3, 0x34, 0x4D, 0xA3, 0x2C,
    0x4D, 0xD3, 0x34, 0x4D, 0xD3, 0x34, 0x4D, 0xD3, 0x34, 0x0D, 0x23, 0x25, 0xD7, 0x35, 0xA5, 0x7D, 0xDF, 0x6F, 0xEB, 0xBE, 0x6D, 0x69, 0xBE, 0xDD,
    0xEB, 0xB6, 0xAD, 0xFB, 0x68, 0x30, 0x6B, 0x3E, 0x4F, 0x5E, 0x9F, 0x5E, 0xC7, 0x91, 0xA6, 0x13, 0xA3, 0x20, 0x4A, 0xD3, 0x34, 0x4D, 0x13, 0x29,
    0x48, 0x14, 0x45, 0x51, 0xD4, 0x34, 0xCD, 0xB2, 0x8C, 0xF9, 0x7E, 0xDF, 0x76, 0xDB, 0xB6, 0x69, 0xDA, 0xA6, 0xA3, 0x37, 0x49, 0x49, 0xE3, 0x79,
    0xF7, 0x78, 0x79, 0xD7, 0x15, 0xA6, 0xED, 0xDC, 0xA6, 0x69, 0x9C, 0x36, 0x4D, 0xA4, 0x0C, 0x81, 0x20, 0x08, 0x42, 0x30, 0x4C, 0x4D, 0xD3, 0x34,
    0xCD, 0xB2, 0x34, 0x4D, 0xD3, 0x34, 0x4D, 0xD3, 0x34, 0x4D, 0xD3, 0x44, 0x4A, 0xA4, 0x48, 0xDE, 0xE4, 0xED, 0xFD, 0x3E, 0x6F, 0x7D, 0xBA, 0x6D,
    0x76, 0x9A, 0xDE, 0xDB, 0xB6, 0xDD, 0xB7, 0x92, 0x6C, 0xF7, 0x3D, 0x32, 0xB9, 0xED, 0x31, 0xC5, 0xB5, 0x7A, 0x12, 0x93, 0x24, 0x4D, 0xD3, 0x34,
    0x4D, 0x23, 0x21, 0x4B, 0x13, 0x45, 0x51, 0xB3, 0x34, 0xCB, 0x32, 0xAD, 0xBE, 0xCF, 0xBF, 0xBC, 0xFF, 0xFB, 0xBE, 0xEF, 0xFB, 0xBE, 0xEF, 0xFB,
    0xE3, 0xB8, 0xDA, 0xF6, 0x9A, 0xC6, 0x70, 0x3B, 0x2D, 0xCB, 0x44, 0x04, 0x82, 0x10, 0x04, 0xC1, 0x30, 0x45, 0x4B, 0xD3, 0x34, 0x4D, 0xD3, 0x34,
    0x4D, 0xD3, 0x34, 0x4D, 0xD3, 0x34, 0x4D, 0xD4, 0x4C, 0xD3, 0x14, 0x5E, 0x57, 0xD4, 0xE4, 0xFD, 0x3C, 0x7B, 0x57, 0xBA, 0x49, 0xDE, 0x78, 0x4D,
    0x09, 0xC3, 0x24, 0x89, 0x22, 0x49, 0xDE, 0xBE, 0x16, 0x6D, 0xAE, 0x18, 0x47, 0x92, 0x28, 0x09, 0xD2, 0x34, 0x4D, 0xD3, 0x34, 0x4D, 0x13, 0x21,
    0x47, 0xD4, 0x28, 0x49, 0x72, 0x18, 0x4A, 0xD4, 0x8C, 0xED, 0xE8, 0x5D, 0x5E, 0x9A, 0x8E, 0xE1, 0x35, 0x45, 0x5E, 0x9A, 0x96, 0x65, 0x6A, 0xC3,
    0x79, 0x9A, 0xC6, 0x71, 0x1C, 0xDB, 0x76, 0x9B, 0xC6, 0x70, 0x7B, 0x2D, 0xCB, 0x54, 0x04, 0x82, 0x10, 0x04, 0xC1, 0x10, 0x4D, 0x4B, 0xD4, 0x34,
    0x4D, 0xD3, 0x34, 0x4D, 0xD3, 0x34, 0x4D, 0xD3, 0x34, 0x51, 0x13, 0x4D, 0x93, 0xE7, 0x5D, 0xD3, 0x32, 0xF6, 0x7B, 0x9B, 0x4A, 0xE3, 0x78, 0x5D,
    0xA3, 0x77, 0x29, 0x0A, 0xA3, 0x1C, 0x0A, 0x23, 0x49, 0xF3, 0x9E, 0x44, 0xFD, 0x75, 0x1C, 0x48, 0x92, 0x30, 0xC7, 0x12, 0x35, 0x4D, 0xD3, 0x34,
    0x4D, 0xB3, 0x1C, 0x4B, 0xB3, 0x24, 0x49, 0x62, 0x20, 0x51, 0x73, 0xC1, 0x34, 0xFD, 0xBE, 0x2F, 0xFD, 0xD2, 0xF4, 0x2B, 0xBF, 0x2F, 0xFD, 0xD2,
    0x9E, 0x17, 0xA6, 0x2B, 0xBC, 0xAE, 0xED, 0x3C, 0x7A, 0x11, 0x22, 0x08, 0x42, 0x00, 0x00, 0x06, 0x93, 0x7A, 0x49, 0x13, 0x45, 0x4D, 0x14, 0x35,
    0x4D, 0x14, 0x35, 0x4D, 0xD3, 0x28, 0x8B, 0xA2, 0x2C, 0x51, 0x14, 0x45, 0x91, 0xB2, 0xF4, 0xBD, 0x9D, 0x8E, 0x9E, 0x55, 0x4E, 0x92, 0x24, 0x4D,
    0x63, 0xBA, 0x8E, 0x69, 0x3B, 0xA6, 0xF7, 0x3E, 0x2B, 0xF9, 0x98, 0x14, 0x82, 0x31, 0x45, 0x51, 0xD4, 0x34, 0x4D, 0xD3, 0x44, 0x51, 0xD3, 0x44,
    0x51, 0x13, 0x25, 0xC6, 0x41, 0x10, 0xC4, 0x71, 0x4C, 0x77, 0xDB, 0xB6, 0xED, 0x9D, 0xDB, 0xB6, 0x6D, 0xDB, 0x76, 0x1C, 0xC7, 0x71, 0x9C, 0xB6,
    0xF3, 0xB8, 0xC2, 0xEB, 0xBA, 0xAE, 0x2B, 0xBC, 0xAE, 0xF0, 0x3C, 0x7A, 0x51, 0x22, 0x08, 0x82, 0x00, 0x00, 0x04, 0x53, 0x96, 0x4A, 0x13, 0x35,
    0x51, 0xD4, 0x34, 0x4D, 0xD4, 0x34, 0x4D, 0xB3, 0x2C, 0x8A, 0xA2, 0x34, 0x51, 0x14, 0x45, 0x0D, 0xD2, 0xF6, 0x7B, 0x5B, 0x8E, 0xD6, 0xE8, 0x49,
    0x92, 0x24, 0x5D, 0x63, 0x9A, 0xA6, 0x6D, 0x3A, 0xCE, 0xF7, 0x3E, 0x8D, 0x39, 0x73, 0x0C, 0x03, 0x23, 0x4D, 0x51, 0xD3, 0x34, 0x4D, 0xD3, 0x44,
    0x4D, 0xD3, 0x44, 0x4D, 0xB3, 0x1C, 0x07, 0x41, 0x10, 0xC5, 0x91, 0x8C, 0x2F, 0x4D, 0xD3, 0xAA, 0xAA, 0xAA, 0xAA, 0xAA, 0xAA, 0xAA, 0x8A, 0xA2,
    0x5E, 0xE8, 0xA5, 0xF0, 0xBA, 0xCE, 0xF9, 0xE8, 0x8D, 0xD7, 0x11, 0x08, 0x42, 0x00, 0x0C, 0x05, 0xB1, 0x8E, 0x89, 0xB2, 0x24, 0xC9, 0x71, 0x2C,
    0x4B, 0xA2, 0x44, 0x51, 0x14, 0x25, 0x05, 0x41, 0x14, 0xC7, 0x91, 0x28, 0xCA, 0x91, 0xEC, 0x7D, 0x7E, 0xE7, 0xF7, 0x7D, 0xCF, 0x77, 0x3E, 0xDF,
    0xFB, 0x7E, 0xDF, 0xF9, 0x9A, 0xDF, 0x7B, 0x3E, 0x4D, 0xF9, 0x95, 0x14, 0xC3, 0x78, 0x2D, 0xCD, 0xD2, 0x34, 0x4D, 0x13, 0x29, 0x49, 0x14, 0x35,
    0x4D, 0xD4, 0x44, 0xD1, 0xE5, 0x5D, 0x4C, 0x31, 0x24, 0xFB, 0xBE, 0xDF, 0x31, 0x0C, 0xC3, 0xF0, 0xBA, 0xAE, 0xEB, 0xBA, 0xAE, 0x2B, 0x9C, 0xCE,
    0x63, 0x09, 0xAF, 0xEB, 0x0A, 0xC3, 0xEB, 0xBA, 0xB6, 0x79, 0xEA, 0x8D, 0x5E, 0x12, 0x08, 0x42, 0x00, 0x08, 0xC5, 0x50, 0xA6, 0x4A, 0xB2, 0x24,
    0x49, 0x91, 0x34, 0x4A, 0xD2, 0x44, 0x51, 0xB4, 0x1C, 0x05, 0x41, 0x1C, 0x47, 0xA2, 0x2C, 0xC9, 0x91, 0xF6, 0xFB, 0x9D, 0xDF, 0xF7, 0x3D, 0xCF,
    0xF9, 0x3C, 0xEF, 0xFB, 0x7D, 0xEF, 0xED, 0x7C, 0xE7, 0x7B, 0xAA, 0xB4, 0xAD, 0x72, 0x0C, 0xCC, 0xD8, 0x34, 0xCD, 0xD2, 0x34, 0x4D, 0xB4, 0x24,
    0x4B, 0x14, 0x35, 0x51, 0xD3, 0x44, 0x93, 0x77, 0x4D, 0x07, 0x41, 0x5C, 0x2F, 0x4D, 0xD3, 0x2A, 0x4D, 0xAB, 0xAA, 0xAA, 0xD2, 0xF4, 0x8B, 0xA2,
    0x69, 0xBA, 0xDA, 0xB6, 0x6D, 0xE7, 0x79, 0x1A, 0x7A, 0x61, 0x73, 0x08, 0x02, 0xC0, 0x4C, 0x82, 0x90, 0x8E, 0x57, 0xB2, 0x20, 0x86, 0x32, 0x5D,
    0xD7, 0x71, 0x1C, 0x45, 0xA1, 0x4C, 0x89, 0x82, 0x14, 0x04, 0x61, 0x14, 0x03, 0x71, 0xEC, 0xFD, 0xBE, 0xDF, 0xF3, 0x9D, 0xA6, 0x73, 0xBE, 0xCD,
    0xE9, 0xB6, 0x29, 0xE9, 0x96, 0xCE, 0xE9, 0x3C, 0xA5, 0x6D, 0x92, 0x10, 0x46, 0x38, 0x7A, 0xE3, 0x14, 0x35, 0xCD, 0x92, 0x1C, 0xC7, 0x81, 0x2C,
    0x4B, 0x92, 0x1C, 0xC8, 0x32, 0x5D, 0xE3, 0x95, 0x30, 0xFB, 0xDD, 0xAE, 0x6D, 0xBB, 0xAE, 0xED, 0xBC, 0xAE, 0x6B, 0x3B, 0xB7, 0xEB, 0x6A, 0xDF,
    0xE9, 0x3A, 0xAF, 0x2C, 0x3C, 0xCF, 0x76, 0x6C, 0xDF, 0x79, 0xEA, 0x79, 0xA1, 0x74, 0x0C, 0x02, 0x70, 0x5C, 0x43, 0x50, 0x8E, 0x5E, 0xB2, 0x1C,
    0x87, 0x34, 0x5D, 0xCA, 0x81, 0x14, 0xC5, 0x31, 0x31, 0x49, 0x72, 0x10, 0x04, 0x61, 0x10, 0x04, 0x31, 0xF6, 0xFD, 0xBE, 0xCF, 0xF9, 0x9A, 0xAE,
    0x7B, 0x9A, 0xAE, 0xE9, 0xA6, 0x6C, 0xDB, 0x36, 0xA7, 0xEB, 0x38, 0xE5, 0xCD, 0x62, 0x10, 0xD2, 0xE8, 0x8D, 0x57, 0xD4, 0x34, 0x8B, 0x82, 0x1C,
    0xC7, 0x91, 0x2C, 0x4B, 0x82, 0x1C, 0x49, 0x74, 0x8D, 0x23, 0xC3, 0x78, 0x2F, 0xAD, 0xAA, 0x2A, 0x8A, 0xA2, 0xA8, 0x4A, 0xAB, 0x34, 0x4D, 0xBF,
    0x31, 0x4D, 0xCB, 0x34, 0x8A, 0xBA, 0xAF, 0xCB, 0x9E, 0x63, 0x13, 0x15, 0x41, 0x50, 0x10, 0x01, 0x93, 0x7A, 0x61, 0x78, 0x5D, 0xDE, 0x98, 0x96,
    0xE5, 0x9A, 0x7A, 0x49, 0x51, 0x20, 0xD1, 0x74, 0x85, 0x5E, 0x98, 0x7A, 0xCC, 0x51, 0xEC, 0x7D, 0x3B, 0x6F, 0xE9, 0x5D, 0x31, 0xFB, 0xB6, 0x6D,
    0x9B, 0xA4, 0x28, 0xED, 0xBC, 0x6D, 0xE9, 0x3D, 0xB6, 0xB9, 0x77, 0x4D, 0xDE, 0xA4, 0x30, 0xD3, 0x75, 0x8D, 0x5E, 0x74, 0xAD, 0xF1, 0x68, 0x49,
    0x47, 0x92, 0x96, 0x92, 0xA4, 0x34, 0x57, 0x74, 0x8D, 0xB9, 0x3D, 0xDF, 0x79, 0x1E, 0xC3, 0x31, 0x1E, 0xBB, 0x2E, 0x1E, 0xC7, 0xB2, 0x4B, 0xBF,
    0x72, 0x1C, 0xAB, 0xA8, 0xAA, 0xBA, 0x2F, 0x2D, 0xD3, 0xAF, 0xEB, 0x9E, 0x69, 0x14, 0x1D, 0x41, 0x40, 0x14, 0xC1, 0x91, 0x86, 0x61, 0xE8, 0x5D,
    0xE1, 0x98, 0x96, 0xE9, 0x5A, 0x4A, 0x46, 0x81, 0x2C, 0xD3, 0xE5, 0x85, 0x5E, 0x99, 0x4A, 0x0A, 0xE1, 0xF5, 0x79, 0xDA, 0x6E, 0xFB, 0x76, 0xA4,
    0xB3, 0xB4, 0x6D, 0x9B, 0x72, 0x6C, 0xF9, 0x26, 0x6D, 0x73, 0x3B, 0xEE, 0xE9, 0x35, 0x5D, 0x17, 0xA3, 0x34, 0xD7, 0xE5, 0x85, 0x93, 0x94, 0xC6,
    0xA9, 0x67, 0x25, 0xC7, 0x95, 0x5A, 0x52, 0x93, 0x5C, 0xD3, 0xE4, 0x99, 0x34, 0x4D, 0xD3, 0x2A, 0xAA, 0xAA, 0x28, 0x8A, 0xA2, 0x28, 0xAD, 0xAA,
    0xAA, 0xAA, 0xAA, 0xAA, 0xAA, 0xBA, 0x34, 0x4D, 0xD3, 0xF2, 0xE9, 0x8D, 0x46, 0xC2, 0x10, 0x42, 0x39, 0x7A, 0x9E, 0x17, 0x7A, 0xD7, 0xA5, 0x34,
    0xD7, 0x35, 0x8E, 0xEB, 0x5A, 0x4A, 0x8A, 0xB2, 0x44, 0xD1, 0x74, 0x79, 0x69, 0x9A, 0xF6, 0xFD, 0xDC, 0xB7, 0x73, 0xBE, 0x6D, 0x76, 0xB9, 0xA5,
    0x78, 0xAC, 0xAA, 0xF4, 0xEB, 0xC2, 0x78, 0xEC, 0xDA, 0xB1, 0x1C, 0xC7, 0x67, 0x59, 0x96, 0x95, 0x55, 0xB2, 0x30, 0x1C, 0xCB, 0x2A, 0x4D, 0xAB,
    0xAC, 0xAA, 0xD2, 0xB2, 0xAC, 0xAA, 0xAE, 0x8A, 0xAA, 0xAE, 0xAB, 0xBA, 0x32, 0xFD, 0xD2, 0x2A, 0x8A, 0xD2, 0x34, 0x49, 0xBE, 0x34, 0x4A, 0xBF,
    0x34, 0x4D, 0xD3, 0xB4, 0x4A, 0xD3, 0xB4, 0x8A, 0xAA, 0x34, 0x4D, 0xD3, 0xF4, 0x19, 0x8E, 0xC7, 0x21, 0x15, 0x82, 0x95, 0x7A, 0x9E, 0x17, 0x5E,
    0x57, 0xB4, 0x4C, 0x57, 0x38, 0xA6, 0x6B, 0x7A, 0x31, 0xC9, 0xB2, 0x4C, 0xD1, 0x75, 0x8D, 0x69, 0x7A, 0xF7, 0x77, 0x9E, 0xA7, 0x7B, 0xBB, 0xAD,
    0xED, 0x96, 0xC2, 0x38, 0xAB, 0xBE, 0xB4, 0xCB, 0xC6, 0xB8, 0x1B, 0xC7, 0x72, 0x1C, 0xBB, 0x65, 0x59, 0x5A, 0x96, 0x67, 0xC2, 0x30, 0xEC, 0xAA,
    0x2A, 0xAD, 0xAA, 0xAC, 0x4A, 0xD3, 0xF2, 0xAB, 0xBA, 0xAE, 0xAA, 0xD2, 0x34, 0x4D, 0xD3, 0xF4, 0x4B, 0xD3, 0x2F, 0x4D, 0xAB, 0x28, 0x8A, 0x92,
    0x8E, 0xE3, 0x38, 0x14, 0xC6, 0x71, 0x9A, 0xF6, 0xA1, 0x28, 0x8A, 0xAA, 0x34, 0x7B, 0x5E, 0x4A, 0x99, 0x96, 0xE1, 0x35, 0x86, 0xA3, 0x77, 0xB5,
    0xF3, 0x9A, 0x7A, 0x29, 0x6C, 0xDB, 0x6D, 0x7A, 0x45, 0x93, 0xE7, 0x8D, 0x63, 0x3B, 0xB7, 0x70, 0x1C, 0xC7, 0xAA, 0xAA, 0xA2, 0x28, 0x8A, 0xAA,
    0x24, 0x4A, 0x92, 0x28, 0x89, 0xD2, 0x24, 0x89, 0xA2, 0x28, 0xA9, 0xA2, 0x24, 0x4D, 0xAB, 0x34, 0x4D, 0xAB, 0x28, 0x8A, 0xA2, 0x24, 0x49, 0xA2,
    0x28, 0x49, 0xA2, 0x24, 0x89, 0xA2, 0x28, 0x49, 0xA2, 0x24, 0x89, 0xAA, 0x28, 0x8A, 0xA2, 0x2A, 0x4A, 0xAA, 0x28, 0x49, 0xA2, 0x24, 0xAA, 0xAA,
    0x2A, 0xFD, 0xD2, 0x34, 0xAD, 0xBE, 0x2A, 0xAA, 0xD2, 0xE8, 0x87, 0x92, 0x9D, 0xAA, 0xAA, 0xB4, 0x7A, 0x7A, 0x8A, 0x97, 0x96, 0xE3, 0x35, 0x8E,
    0xE3, 0x35, 0xCE, 0x6D, 0x3A, 0x8E, 0x6B, 0x6C, 0xCF, 0xEB, 0x28, 0x4D, 0x97, 0xE7, 0x8D, 0x69, 0x6B, 0xAF, 0x71, 0x0C, 0xCB, 0xAA, 0x8A, 0xA2,
    0x28, 0xAA, 0xA2, 0x24, 0x49, 0xA2, 0x24, 0x49, 0xA3, 0x24, 0x89, 0xA2, 0x24, 0x8A, 0x92, 0x28, 0xAD, 0xD2, 0x34, 0x4D, 0xA3, 0x28, 0x8A, 0x92,
    0x24, 0x89, 0xA2, 0x24, 0x89, 0xA2, 0x24, 0x8A, 0xA2, 0x34, 0x4D, 0xD3, 0x2A, 0xAD, 0xA2, 0x28, 0x8A, 0xA2, 0x24, 0xD9, 0x75, 0x24, 0x49, 0x92,
    0x14, 0x45, 0x39, 0x0E, 0x45, 0x51, 0x14, 0x85, 0x61, 0x18, 0x46, 0x61, 0x1C, 0xD7, 0x91, 0x1A, 0x2A, 0xD3, 0x28, 0x2A, 0x8A, 0xA2, 0x88, 0xAA,
    0xB4, 0xAA, 0xCA, 0xB2, 0x2C, 0xCB, 0x38, 0xAD, 0xBE, 0xAA, 0x2C, 0xCB, 0x34, 0xFD, 0xCA, 0x34, 0x4D, 0xA3, 0x24, 0x49, 0xA2, 0x32, 0xAD, 0xAA,
    0x28, 0x89, 0xAA, 0x34, 0x4A, 0xA2, 0x2A, 0x8A, 0xA2, 0x28, 0x4A, 0x92, 0xA4, 0x8A, 0xAA, 0xAA, 0xFA, 0xBE, 0x34, 0x4D, 0xD3, 0x2A, 0xA9, 0xBE,
    0x2A, 0x8A, 0xA2, 0x24, 0x8A, 0xAA, 0x28, 0xAA, 0xA2, 0x28, 0x8D, 0xA2, 0xAA, 0x4A, 0xD3, 0x2F, 0x8D, 0x92, 0xA8, 0x8A, 0xA2, 0x28, 0x4A, 0x92,
    0x28, 0xFD, 0xBE, 0x2F, 0x4D, 0xAB, 0x28, 0xAA, 0x92, 0x1D, 0x46, 0x61, 0x1D, 0x45, 0x51, 0x14, 0x86, 0x61, 0x1A, 0x29, 0xCB, 0x2A, 0x2A, 0x8A,
    0x22, 0xAA, 0xAA, 0xAA, 0xFA, 0xCA, 0xB2, 0x2C, 0xCB, 0xB2, 0xAA, 0xAA, 0xF4, 0x2B, 0xD3, 0xB4, 0x2C, 0xD3, 0x34, 0xAD, 0xA2, 0x24, 0x49, 0xD2,
    0xB2, 0xAA, 0xAA, 0x28, 0xAA, 0xD2, 0x2A, 0x49, 0xA2, 0x28, 0x8A, 0xA2, 0x28, 0x89, 0x92, 0x28, 0x8A, 0xAA, 0xEA, 0xFB, 0xD2, 0x34, 0x4D, 0xD3,
    0x28, 0xFA, 0xD2, 0x28, 0x8A, 0xA2, 0x24, 0xAA, 0xAA, 0x2F, 0xFD, 0xD2, 0x34, 0x4D, 0xAB, 0xAA, 0x4A, 0xAB, 0x24, 0x49, 0xAA, 0xAA, 0x8A, 0xA2,
    0x1F, 0x86, 0x51, 0x14, 0x86, 0x75, 0x18, 0xD6, 0x75, 0x5D, 0xD7, 0x75, 0x5D, 0x87, 0x75, 0xD4, 0x87, 0xA2, 0x1D, 0x46, 0x51, 0x14, 0x85, 0x61,
    0x18, 0x86, 0x69, 0x9A, 0xA6, 0x61, 0x18, 0xD6, 0x61, 0x1D, 0xC7, 0x71, 0x5D, 0xD7, 0x71, 0xDC, 0xF7, 0x91, 0x24, 0x49, 0x92, 0xA4, 0x86, 0xA1,
    0x28, 0x49, 0xA2, 0xE8, 0x87, 0x7D, 0x2A, 0x49, 0xA2, 0x28, 0x4A, 0xA2, 0x2A, 0x2D, 0xD3, 0xAA, 0xAA, 0xAA, 0xAA, 0xAA, 0xAA, 0x28, 0x4D, 0xD3,
    0x2A, 0x4D, 0xA3, 0xA8, 0x4A, 0xD3, 0x34, 0x8A, 0xA2, 0x2A, 0x8A, 0xA2, 0xA8, 0xAA, 0xAA, 0xAA, 0x8A, 0xAA, 0xAA, 0x8A, 0xA2, 0x28, 0xAA, 0x92,
    0xA8, 0xAA, 0xAA, 0xAA, 0x8A, 0xA2, 0x28, 0xCA, 0x51, 0x5D, 0x87, 0x61, 0x5D, 0xD7, 0x75, 0x5D, 0xD7, 0x75, 0x14, 0x87, 0xA2, 0x1D, 0x86, 0x51,
    0x14, 0x46, 0x61, 0x18, 0xC6, 0x71, 0x1C, 0x47, 0x72, 0x5C, 0xD7, 0x71, 0x1D, 0xC7, 0x61, 0x14, 0xA6, 0x69, 0x9A, 0xA6, 0x7D, 0x24, 0x49, 0x7E,
    0x1F, 0xF5, 0xA1, 0x1F, 0x87, 0xA2, 0x28, 0xD6, 0xA1, 0x28, 0x49, 0xA2, 0x28, 0x49, 0xA2, 0x28, 0x4D, 0xD3, 0x34, 0xAD, 0xD2, 0x34, 0x4D, 0xA3,
    0xA8, 0xAA, 0xD2, 0x34, 0xAD, 0xA2, 0x2A, 0x4D, 0xD3, 0xEF, 0x4B, 0xD3, 0xEF, 0xFB, 0xBE, 0xAF, 0xFC, 0xCA, 0x2F, 0xFD, 0xCA, 0x34, 0x4D, 0xCB,
    0x8E, 0xE3, 0x38, 0x8E, 0x43, 0x51, 0x14, 0x85, 0x61, 0x58, 0xD7, 0x75, 0x5D, 0xD7, 0x75, 0x5D, 0x87, 0x61, 0x5D, 0x87, 0x61, 0x1D, 0x86, 0x51,
    0x8E, 0xE3, 0x38, 0x8E, 0xE3, 0x38, 0x8E, 0xE3, 0x38, 0x14, 0xD5, 0x51, 0x58, 0xD7, 0x75, 0x1D, 0xC9, 0x75, 0x5D, 0xD7, 0x75, 0x14, 0x86, 0x51,
    0x14, 0x45, 0x39, 0x0E, 0x45, 0x39, 0x0E, 0x45, 0x51, 0x14, 0x45, 0x51, 0x18, 0xC9, 0x69, 0x14, 0x45, 0x61, 0x14, 0x45, 0x51, 0x14, 0x45, 0x3D,
    0x14, 0x45, 0x51, 0x14, 0xA6, 0x69, 0xDF, 0xF7, 0x91, 0x1C, 0x49, 0x92, 0x24, 0x49, 0x92, 0x24, 0x49, 0x92, 0x24, 0x49, 0x92, 0x24, 0xC9, 0x91,
    0x24, 0x89, 0x92, 0x24, 0x8A, 0x92, 0x18, 0xE5, 0x38, 0x14, 0xD6, 0x61, 0x5D, 0xD7, 0x75, 0x24, 0xD9, 0x75, 0x5D, 0xD7, 0x61, 0x58, 0x47, 0x61,
    0x18, 0xE5, 0x38, 0x14, 0xE5, 0x38, 0x0E, 0x45, 0x51, 0x14, 0x45, 0x51, 0x58, 0x47, 0x51, 0x8E, 0x43, 0x39, 0x8E, 0xE3, 0x38, 0x14, 0x45, 0x39,
    0x8E, 0xE3, 0x38, 0x8E, 0x43, 0x51, 0x14, 0x85, 0x61, 0x58, 0xD7, 0x75, 0x5D, 0xD7, 0x61, 0x1C, 0xC7, 0x71, 0x1F, 0xD9, 0x75, 0x1C, 0x87, 0x51,
    0x14, 0x45, 0x51, 0x14, 0x45, 0x51, 0x94, 0xA6, 0x71, 0x24, 0x8A, 0xA2, 0x28, 0x89, 0xD2, 0x2A, 0xAA, 0xA2, 0x24, 0x49, 0x92, 0x1F, 0xF9, 0x91,
    0x14, 0x45, 0x51, 0x14, 0xE5, 0x38, 0x0E, 0x45, 0x51, 0x0E, 0x45, 0x51, 0x18, 0x86, 0x75, 0x5D, 0xD7, 0x75, 0x1D, 0xC6, 0x91, 0x5C, 0x87, 0x61,
    0x18, 0x86, 0x51, 0x18, 0xE5, 0x38, 0x14, 0x45, 0x51, 0x14, 0x45, 0x51, 0x18, 0x86, 0x61, 0x14, 0x85, 0x51, 0x14, 0x45, 0x51, 0x0E, 0x45, 0x39,
    0x14, 0x45, 0x39, 0x8E, 0xE3, 0x38, 0x0E, 0x45, 0x51, 0x8E, 0xE3, 0x50, 0x14, 0x45, 0x39, 0x14, 0xE5, 0x38, 0x8E, 0xE3, 0x38, 0x8E, 0xE3, 0x38,
    0x14, 0xE5, 0x50, 0x14, 0xE5, 0x38, 0x8E, 0x43, 0x51, 0x8E, 0x43, 0x39, 0x14, 0x86, 0x75, 0x5D, 0xD7, 0x75, 0x1D, 0x86, 0x7D, 0x1D, 0x46, 0x61,
    0x5D, 0xC7, 0x61, 0x1C, 0x45, 0x51, 0x94, 0x43, 0x51, 0x14, 0x45, 0x61, 0x18, 0x86, 0x61, 0x14, 0x86, 0x51, 0x14, 0x45, 0x51, 0x0E, 0xE5, 0x38,
    0x14, 0xE5, 0x38, 0x8E, 0xE3, 0x38, 0x0E, 0x45, 0x51, 0x8E, 0x43, 0x51, 0x14, 0x45, 0x39, 0x94, 0xE3, 0x38, 0x0E, 0xE5, 0x38, 0x8E, 0xE3, 0x50,
    0x14, 0x45, 0x51, 0x14, 0xE5, 0x38, 0x0E, 0x45, 0x51, 0x0E, 0x45, 0x51, 0x18, 0xD6, 0x75, 0x5D, 0xD7, 0x75, 0x18, 0xC5, 0x7D, 0x1D, 0x46, 0x61,
    0x14, 0x46, 0x51, 0x94, 0xE3, 0x38, 0x0E, 0x45, 0x51, 0x14, 0x45, 0x61, 0x14, 0x85, 0x51, 0x14, 0x46, 0x51, 0x14, 0x45, 0x39, 0x94, 0xE3, 0x50,
    0x18, 0x45, 0x61, 0x18, 0x86, 0x61, 0x54, 0xD7, 0x75, 0x18, 0x45, 0x51, 0x5D, 0x87, 0x75, 0x5D, 0xD7, 0x75, 0x9D, 0x43, 0xCA, 0x2A, 0xD9, 0x75,
    0x5D, 0xD7, 0x75, 0x1D, 0xE6, 0x60, 0x5D, 0xD7, 0x61, 0x18, 0x46, 0x61, 0x5D, 0xD7, 0x61, 0x14, 0xD6, 0x75, 0x14, 0x45, 0x61, 0x18, 0x86, 0x61,
    0x5D, 0x87, 0x51, 0x18, 0x45, 0x61, 0x58, 0xD7, 0x61, 0x14, 0x86, 0x61, 0x18, 0x46, 0x61, 0x18, 0x45, 0x61, 0x18, 0x86, 0x61, 0x18, 0x86, 0x75,
    0x18, 0x45, 0x61, 0x58, 0x87, 0x61, 0x18, 0xD6, 0x61, 0x1C, 0x45, 0x51, 0x58, 0x87, 0x75, 0x5D, 0xD7, 0x75, 0x1D, 0xA5, 0xD1, 0x28, 0xD9, 0x75,
    0x5D, 0x87, 0x75, 0x1D, 0x45, 0x61, 0x5D, 0x87, 0x61, 0x18, 0x45, 0x75, 0x5D, 0xD7, 0x61, 0x54, 0xD7, 0x61, 0x14, 0x85, 0x61, 0x18, 0x86, 0x61,
    0x5D, 0x87, 0x51, 0x18, 0x85, 0x61, 0x58, 0xD7, 0x51, 0x18, 0x86, 0x61, 0x18, 0x85, 0x51, 0x18, 0x45, 0x61, 0x18, 0x86, 0x61, 0x18, 0x85, 0x75,
    0x14, 0x45, 0x61, 0x58, 0x87, 0x61, 0x54, 0x87, 0x75, 0x18, 0x45, 0x61, 0x5D, 0x87, 0x75, 0x5D, 0xD7, 0x75, 0x98, 0x83, 0xD2, 0x64, 0xD7, 0x75,
    0x5D, 0xD7, 0x75, 0x98, 0x43, 0x75, 0x5D, 0x87, 0x61, 0x18, 0x85, 0x75, 0x5D, 0xD7, 0x51, 0x58, 0xD7, 0x51, 0x14, 0x85, 0x61, 0x18, 0xD5, 0x75,
    0x58, 0x47, 0x39, 0x0E, 0xD5, 0x75, 0x5D, 0x47, 0x69, 0x68, 0xD7, 0x75, 0x1D, 0x86, 0x71, 0x1D, 0xD6, 0x61, 0x18, 0xD6, 0x71, 0x1C, 0xD9, 0x75,
    0x1D, 0x85, 0x75, 0x5D, 0xD7, 0x75, 0x5D, 0x87, 0x39, 0x18, 0xD7, 0x75, 0x5D, 0xD7, 0x75, 0x1D, 0x46, 0x61, 0x5D, 0xD7, 0x75, 0x5D, 0xD7, 0x75,
    0x14, 0x45, 0x92, 0x5D, 0xD7, 0x75, 0x24, 0x47, 0x92, 0x24, 0x49, 0x76, 0x5D, 0x87, 0x61, 0x64, 0xD7, 0x75, 0x1D, 0xC9, 0x75, 0x5D, 0xD7, 0x75,
    0x5D, 0x87, 0x39, 0x0E, 0xD5, 0x75, 0x5D, 0x87, 0x51, 0x68, 0xD7, 0x75, 0x1D, 0x86, 0x71, 0x1D, 0x86, 0x75, 0x18, 0xD6, 0x71, 0x24, 0xD7, 0x75,
    0x18, 0xD5, 0x75, 0x5D, 0xD7, 0x75, 0x5D, 0x47, 0x51, 0x1A, 0xD7, 0x75, 0x5D, 0xD7, 0x75, 0x18, 0x45, 0x61, 0x5D, 0xD7, 0x75, 0x5D, 0xD7, 0x75,
    0x14, 0x46, 0x76, 0x5D, 0xD7, 0x75, 0x64, 0x47, 0x92, 0x24, 0x49, 0x76, 0x5D, 0x47, 0x71, 0x1C, 0xD6, 0x75, 0x1D, 0xD9, 0x75, 0x5D, 0xD7, 0x75,
    0x58, 0x47, 0x39, 0x0E, 0xD6, 0x75, 0x5D, 0x47, 0x69, 0x68, 0xD7, 0x75, 0x1D, 0x86, 0x71, 0x1D, 0xD6, 0x61, 0x18, 0xD6, 0x71, 0x64, 0xD7, 0x75,
    0x14, 0xD5, 0x75, 0x5D, 0xD7, 0x75, 0x1D, 0xE6, 0x50, 0x5C, 0xD7, 0x75, 0x5D, 0xD7, 0x75, 0x18, 0x85, 0x75, 0x5D, 0xD7, 0x75, 0x5D, 0x87, 0x51,
    0x5D, 0xD7, 0x75, 0x5D, 0xD7, 0x75, 0x5D, 0xD7, 0x75, 0x1D, 0xE5, 0x60, 0x18, 0xD5, 0x75, 0x1D, 0xC6, 0x91, 0x1A, 0x49, 0x92, 0x5D, 0xD7, 0x75,
    0x1D, 0xC6, 0x75, 0x5D, 0xD7, 0x75, 0x5D, 0xD7, 0x75, 0x5D, 0xD7, 0x75, 0x5D, 0xD7, 0x61, 0x14, 0x86, 0x61, 0x5D, 0xD7, 0x61, 0x5D, 0xD7, 0x75,
    0x18, 0x45, 0x72, 0x5D, 0xD7, 0x61, 0x1C, 0xC6, 0x91, 0x1F, 0xD7, 0x75, 0x5D, 0x87, 0x71, 0x64, 0xD7, 0x75, 0x5D, 0xD7, 0x75, 0x1D, 0x46, 0x7D,
    0x5D, 0xD7, 0x75, 0x5D, 0xD7, 0x75, 0x5D, 0xD7, 0x75, 0x1D, 0xE5, 0x50, 0x1D, 0x85, 0x75, 0x1D, 0xC6, 0x91, 0xDC, 0x47, 0x72, 0x5D, 0xD7, 0x75,
    0x18, 0xD6, 0x75, 0x5D, 0xD7, 0x75, 0x5D, 0xD7, 0x75, 0x5D, 0xD7, 0x75, 0x5D, 0xD7, 0x61, 0x14, 0x86, 0x75, 0x5D, 0x87, 0x75, 0x5D, 0xD7, 0x75,
    0x14, 0x46, 0x76, 0x5D, 0x87, 0x71, 0x5C, 0xF7, 0x91, 0x5C, 0xD7, 0x75, 0x5D, 0x87, 0x91, 0x5C, 0xD7, 0x75, 0x5D, 0xD7, 0x75, 0x1D, 0xA5, 0x71,
    0x5D, 0xD7, 0x61, 0x5D, 0xD7, 0x75, 0x5D, 0xD7, 0x75, 0x1D, 0xE5, 0x74, 0x18, 0xD5, 0x75, 0x1D, 0xC6, 0x91, 0x1A, 0x49, 0x76, 0x5D, 0xD7, 0x75,
    0x18, 0xD7, 0x75, 0x5D, 0xD7, 0x75, 0x5D, 0xD7, 0x75, 0x5D, 0xD7, 0x75, 0x5D, 0x87, 0x51, 0x18, 0x86, 0x75, 0x5D, 0x87, 0x75, 0x5D, 0x87, 0x51,
    0x5D, 0xD7, 0x75, 0x18, 0xD6, 0x75, 0x5D, 0xD7, 0x75, 0x1D, 0x86, 0x75, 0x5D, 0xC7, 0x71, 0x24, 0x49, 0x92, 0x24, 0x49, 0x92, 0x24, 0xD9, 0x75,
    0x5C, 0xD7, 0x75, 0x5D, 0xD7, 0x75, 0x5D, 0xD7, 0x75, 0x5D, 0x87, 0x61, 0x5D, 0xD7, 0x75, 0x5D, 0xD7, 0x75, 0x14, 0xA5, 0x91, 0x5D, 0xD7, 0x75,
    0x5D, 0xD7, 0x75, 0x5D, 0xD7, 0x61, 0x14, 0x45, 0x39, 0x0E, 0x85, 0x51, 0x58, 0xD7, 0x75, 0x1D, 0x46, 0x75, 0x5D, 0xD7, 0x61, 0x18, 0xF6, 0x91,
    0x5D, 0xD7, 0x75, 0x1D, 0xD6, 0x75, 0x5D, 0xD7, 0x75, 0x1D, 0x86, 0x61, 0x5D, 0xD7, 0x71, 0x24, 0x49, 0x92, 0x24, 0x49, 0x92, 0x24, 0xD7, 0x75,
    0x5C, 0xD7, 0x75, 0x5D, 0xD7, 0x75, 0x5D, 0x87, 0x75, 0x5D, 0x87, 0x75, 0x5D, 0xD7, 0x75, 0x5D, 0xD7, 0x75, 0x14, 0xF5, 0x71, 0x5D, 0xD7, 0x75,
    0x5D, 0xD7, 0x75, 0x5D, 0x87, 0x51, 0x14, 0x45, 0x39, 0x14, 0x46, 0x51, 0x5D, 0xD7, 0x75, 0x18, 0x85, 0x75, 0x5D, 0x87, 0x61, 0x18, 0x46, 0x72,
    0x5D, 0xD7, 0x75, 0x18, 0xD6, 0x75, 0x5D, 0xD7, 0x75, 0x1D, 0x86, 0x75, 0x5D, 0xC7, 0x71, 0x24, 0x49, 0x92, 0x24, 0x49, 0x92, 0x64, 0xD7, 0x71,
    0x5D, 0xD7, 0x75, 0x5D, 0xD7, 0x75, 0x5D, 0x87, 0x75, 0x1D, 0x86, 0x75, 0x5D, 0xD7, 0x75, 0x5D, 0xD7, 0x61, 0x14, 0x46, 0x76, 0x5D, 0xD7, 0x75,
    0x18, 0x86, 0x75, 0x18, 0xD6, 0x75, 0x5D, 0xD7, 0x61, 0x58, 0x87, 0x75, 0x24, 0xC7, 0x71, 0x5D, 0xC7, 0x75, 0x18, 0x86, 0x75, 0x5D, 0xD7, 0x75,
    0x1D, 0x86, 0x75, 0x94, 0x83, 0x75, 0x1D, 0x46, 0x61, 0x5D, 0x87, 0x61, 0x5D, 0x87, 0x71, 0x1D, 0x46, 0x91, 0x14, 0xA5, 0x91, 0x5D, 0xD7, 0x75,
    0x1D, 0x86, 0x61, 0x18, 0x86, 0x61, 0x1D, 0xD6, 0x75, 0x18, 0xE5, 0x38, 0x0E, 0x45, 0x51, 0x14, 0xE5, 0x38, 0x0E, 0x45, 0x39, 0x0E, 0x85, 0x39,
    0x54, 0x47, 0x75, 0x1D, 0xD6, 0x75, 0x5D, 0xD7, 0x61, 0x58, 0xC7, 0x61, 0x24, 0xC7, 0x75, 0x1C, 0xC6, 0x75, 0x18, 0x86, 0x75, 0x5D, 0xD7, 0x75,
    0x1D, 0x86, 0x75, 0x14, 0xD5, 0x75, 0x1D, 0x45, 0x75, 0x5D, 0x87, 0x75, 0x1D, 0x86, 0x75, 0x1D, 0xA5, 0x7D, 0x14, 0x45, 0x92, 0x5D, 0xD7, 0x75,
    0x1D, 0x86, 0x61, 0x1D, 0x86, 0x61, 0x18, 0xD6, 0x61, 0x18, 0xE5, 0x38, 0x14, 0x45, 0x51, 0x14, 0xE5, 0x50, 0x0E, 0x45, 0x39, 0x14, 0x46, 0x39,
    0x18, 0x86, 0x75, 0x18, 0xD6, 0x75, 0x5D, 0xD7, 0x61, 0x58, 0x87, 0x71, 0x24, 0xD7, 0x71, 0x5D, 0xC7, 0x75, 0x58, 0xD7, 0x75, 0x5D, 0xD7, 0x75,
    0x18, 0xD6, 0x61, 0x0E, 0xD5, 0x75, 0x1D, 0x85, 0x75, 0x1D, 0x86, 0x75, 0x1D, 0xC6, 0x75, 0x18, 0x45, 0x62, 0x0E, 0x46, 0x76, 0x5D, 0xD7, 0x75,
};

// Desert Fortress Bunker (stacked fuel barrels, heavy iron blast door with graffiti)
static const uint16_t BG_STAGE_BUNKER_PAL[64] PROGMEM = {
    0xA30B, 0x92CA, 0x8A87, 0x8A86, 0x7310, 0x72CE, 0x8269, 0x7A2A,
    0x7228, 0x628F, 0x5A6F, 0x5A4F, 0x5A4F, 0x5A4D, 0x522E, 0x5A0A,
    0x69E9, 0x61AA, 0x59C8, 0x59A9, 0x618A, 0x618A, 0x6169, 0x5969,
    0x5969, 0x49CA, 0x4968, 0x418A, 0x3968, 0x4948, 0x4148, 0x3948,
    0x3128, 0x48E7, 0x3906, 0x3907, 0x3906, 0x3905, 0x30E6, 0x3107,
    0x3105, 0x30E5, 0x30C6, 0x2907, 0x28E5, 0x28C5, 0x28C4, 0x28C5,
    0x28C5, 0x28C5, 0x28C4, 0x28A6, 0x20E6, 0x20C4, 0x20A4, 0x20C4,
    0x18E5, 0x10C5, 0x10C4, 0x20A4, 0x18A3, 0x08A4, 0x1063, 0x0062,
};
static const uint8_t BG_STAGE_BUNKER_PACKED[12288] PROGMEM = {
    0x1E, 0x74, 0x1C, 0x90, 0xDE, 0xF7, 0xFF, 0xFF, 0x6B, 0x34, 0x7D, 0x69, 0x7A, 0x9E, 0xF7, 0xB8, 0x8E, 0xE3, 0xF4, 0x75, 0xAE, 0x2B, 0x0D, 0x9E,
    0xDF, 0xD9, 0xF7, 0x39, 0x72, 0x80, 0xDE, 0xBA, 0xD2, 0xEB, 0xA7, 0x69, 0x9A, 0x34, 0x8D, 0xF4, 0x89, 0x61, 0xD0, 0x51, 0x69, 0x1A, 0xB7, 0xE2,
    0x7D, 0x9F, 0xF7, 0x38, 0xBD, 0xAE, 0xEB, 0xBA, 0xAE, 0x2B, 0x4E, 0xAF, 0x38, 0xBD, 0xAE, 0xEB, 0x4A, 0x5F, 0x47, 0xBE, 0x82, 0x1A, 0x46, 0xAF,
    0xD2, 0x01, 0x82, 0x2B, 0xBE, 0xAE, 0xE7, 0x07, 0x7A, 0x93, 0xA6, 0xD3, 0x27, 0x4D, 0xD3, 0xEB, 0xBA, 0xAE, 0xEB, 0xBA, 0xAE, 0xEB, 0xBA, 0xAE,
    0xF4, 0xCA, 0xA9, 0x76, 0x1C, 0xC7, 0x71, 0x1C, 0xC7, 0x76, 0xBB, 0xFF, 0x3E, 0x99, 0xF2, 0x37, 0x29, 0x7A, 0xA9, 0xFD, 0xC6, 0xAD, 0xD8, 0x75,
    0x9D, 0x37, 0x7E, 0xDF, 0x37, 0x7A, 0x08, 0x32, 0x0C, 0x03, 0x10, 0x20, 0xC3, 0x30, 0x20, 0xC3, 0x30, 0x08, 0x82, 0x00, 0x0C, 0xC3, 0x20, 0x08,
    0xC8, 0x30, 0x08, 0x82, 0x20, 0x08, 0x01, 0x00, 0x00, 0x82, 0x20, 0x08, 0xC2, 0xD0, 0xA5, 0xA2, 0x28, 0x8A, 0x22, 0x49, 0x92, 0x24, 0x99, 0xB6,
    0xEF, 0xBB, 0x97, 0x5A, 0xBB, 0xDB, 0xB6, 0x9D, 0x4E, 0xCF, 0x34, 0x4D, 0xD3, 0x33, 0xFA, 0x3E, 0xFF, 0xFA, 0xFF, 0xFF, 0xB7, 0xCF, 0x34, 0x4D,
    0xC7, 0x71, 0x1C, 0x07, 0x8D, 0xAF, 0x79, 0xFF, 0x8F, 0x93, 0x46, 0x43, 0x63, 0x9F, 0xD3, 0x20, 0x8E, 0x9F, 0xB9, 0x74, 0x7C, 0x20, 0xC8, 0x71,
    0x9C, 0xF6, 0xE5, 0x1E, 0x48, 0x9F, 0xA7, 0xA7, 0x4D, 0xEB, 0xD8, 0x8D, 0x7D, 0xFF, 0xF7, 0x67, 0x47, 0x1D, 0x41, 0x70, 0x5C, 0x98, 0x06, 0xD2,
    0xFD, 0x9F, 0xE3, 0xEB, 0xBA, 0xAE, 0xEB, 0xBA, 0xAE, 0xEB, 0xBA, 0xAE, 0xEB, 0xBA, 0xAE, 0xEB, 0x4A, 0x7F, 0xC7, 0x89, 0x77, 0x1C, 0x07, 0x9E,
    0x6B, 0x8F, 0xAF, 0x6B, 0xA7, 0xAD, 0xA3, 0x47, 0xE7, 0xF8, 0x4A, 0xD3, 0x1C, 0xF6, 0xAD, 0xEB, 0xBA, 0xAE, 0xEB, 0xBA, 0xAE, 0xEB, 0xBA, 0x82,
    0xE7, 0x87, 0x99, 0xFB, 0x1B, 0xC7, 0x71, 0x1C, 0xC7, 0x76, 0xBA, 0xFF, 0x3B, 0xD9, 0xEE, 0x2E, 0x29, 0x8A, 0xA9, 0x1D, 0xC7, 0xB1, 0xD8, 0x75,
    0x1E, 0x22, 0x18, 0x86, 0x61, 0x20, 0x42, 0x00, 0x00, 0x81, 0x80, 0x20, 0xC3, 0x30, 0x0C, 0xC3, 0x30, 0x0C, 0x82, 0x30, 0x0C, 0xC3, 0x30, 0x0C,
    0xC3, 0x30, 0x20, 0xC8, 0x00, 0x08, 0x12, 0x24, 0x00, 0x68, 0x2A, 0x8A, 0x22, 0x49, 0x8A, 0xA2, 0x28, 0x92, 0x24, 0x49, 0x92, 0x62, 0xE7, 0x89,
    0x64, 0xDA, 0x92, 0x9A, 0x68, 0x8A, 0xE9, 0xEE, 0x3D, 0xD3, 0x34, 0x4D, 0xD3, 0xE3, 0xF9, 0x3E, 0xFF, 0xFA, 0xFF, 0xFF, 0xB7, 0xCF, 0x34, 0x4D,
    0xC7, 0x71, 0x1C, 0x47, 0xB7, 0x62, 0x74, 0xFE, 0xF7, 0x51, 0x48, 0x83, 0x07, 0x4D, 0xAF, 0x9A, 0x87, 0xD3, 0xEB, 0x11, 0x7D, 0xDC, 0xF7, 0x79,
    0x20, 0xA8, 0x69, 0xDE, 0x39, 0x6A, 0x13, 0x4D, 0x9F, 0xF9, 0xFF, 0xFF, 0x7D, 0xFF, 0xFF, 0x38, 0xA8, 0x45, 0x07, 0x70, 0x44, 0xD4, 0x05, 0xAE,
    0xF9, 0x4F, 0xAF, 0xEB, 0xBA, 0xAE, 0xEB, 0xBA, 0xAE, 0xEB, 0xBA, 0xAE, 0xEB, 0xBA, 0xAE, 0xEB, 0xBA, 0xD2, 0x07, 0x82, 0xAF, 0x2B, 0x8D, 0x83,
    0x5A, 0xE7, 0x4D, 0xD3, 0xB9, 0xD2, 0x34, 0xBE, 0xAE, 0xEB, 0xBA, 0xAE, 0x1A, 0xF6, 0xAD, 0xEB, 0xBA, 0xAE, 0xF4, 0xBA, 0xAE, 0xDF, 0xE7, 0x5D,
    0xD7, 0x15, 0x89, 0xFB, 0x1B, 0xC7, 0x71, 0x1C, 0xC7, 0x76, 0x9B, 0xB6, 0xE9, 0x0B, 0xEF, 0xB2, 0x28, 0x8A, 0xAD, 0x1D, 0xBF, 0xB6, 0xD9, 0x79,
    0x9E, 0x20, 0x08, 0x82, 0x20, 0x0C, 0x83, 0x20, 0x08, 0x02, 0x82, 0x08, 0x43, 0xD9, 0x0D, 0xC3, 0x30, 0x0C, 0xC2, 0x30, 0x0C, 0xC3, 0x30, 0x0C,
    0xC3, 0x30, 0x0C, 0x03, 0x32, 0x20, 0x88, 0x84, 0x08, 0x6D, 0x4A, 0x8A, 0x9E, 0x28, 0x7A, 0x9E, 0x48, 0x92, 0x24, 0x49, 0x8A, 0x9E, 0x28, 0x6A,
    0x9E, 0x48, 0x92, 0xA2, 0x28, 0x7A, 0x5D, 0xEB, 0x3D, 0x53, 0x96, 0x3D, 0xCF, 0x94, 0xFA, 0xBE, 0xDD, 0xFE, 0x28, 0xD2, 0xC5, 0xA2, 0x36, 0x4D,
    0xC7, 0x71, 0x1C, 0x07, 0x24, 0x1D, 0x20, 0x9D, 0xF7, 0x61, 0x38, 0xD3, 0x07, 0x8D, 0x83, 0x1C, 0x76, 0xAE, 0x9A, 0xB4, 0xAE, 0x34, 0xBE, 0xAE,
    0xA7, 0x76, 0xAA, 0xA3, 0xFE, 0xF7, 0xFD, 0xFF, 0x7F, 0x67, 0xDE, 0xFF, 0xF8, 0x4A, 0xD3, 0xA7, 0x37, 0x69, 0xD8, 0x71, 0x1C, 0xD8, 0xF5, 0xAD,
    0x7A, 0xBF, 0xAE, 0xE0, 0xBA, 0xAE, 0xEB, 0xBA, 0xAE, 0xEB, 0xBA, 0xAE, 0xEB, 0xBA, 0xAE, 0xEB, 0xBA, 0xE6, 0x20, 0xE0, 0xE5, 0xDE, 0x74, 0x7A,
    0x93, 0xB6, 0xD2, 0x34, 0x4D, 0x9F, 0x1A, 0x76, 0xAE, 0xEB, 0xBA, 0xAE, 0xDF, 0xB7, 0xAE, 0x2B, 0xBD, 0x82, 0xE7, 0xA7, 0x69, 0x14, 0x45, 0x51,
    0x54, 0x15, 0x79, 0xFB, 0x1B, 0xC7, 0x71, 0x1C, 0xBF, 0x71, 0x9B, 0xBE, 0x6F, 0xDC, 0xEE, 0xBC, 0xE8, 0x79, 0xA9, 0xFD, 0xC6, 0xF6, 0xD8, 0x75,
    0xA2, 0x28, 0x21, 0x03, 0x82, 0x40, 0x08, 0x82, 0x20, 0xC3, 0x30, 0x0C, 0x03, 0x29, 0x21, 0xC3, 0x30, 0x0C, 0xC3, 0x30, 0x0C, 0xC3, 0x30, 0x0C,
    0xC3, 0x30, 0x0C, 0x08, 0x82, 0x20, 0x08, 0x82, 0x08, 0x24, 0x29, 0x7A, 0x5E, 0xD7, 0x75, 0x9D, 0x47, 0x92, 0x24, 0x29, 0xA6, 0x24, 0x49, 0x92,
    0x5D, 0x27, 0x8A, 0x64, 0x9A, 0xA6, 0x24, 0xA9, 0x3D, 0x12, 0x24, 0x79, 0x9E, 0x57, 0xFB, 0x7C, 0xBB, 0xFF, 0xA5, 0x20, 0xC5, 0xB6, 0xED, 0x3D,
    0xC1, 0x71, 0x1C, 0x07, 0x34, 0x1D, 0xD8, 0x4A, 0xEB, 0x56, 0xA8, 0xEA, 0xD2, 0x91, 0x7F, 0xDC, 0x47, 0xAF, 0x6B, 0x8E, 0x7F, 0xA0, 0x37, 0x4D,
    0x1E, 0xDD, 0xFF, 0x7F, 0xDF, 0xE7, 0x79, 0x4F, 0x1F, 0xD8, 0xA9, 0xF7, 0xE7, 0xCA, 0x69, 0x57, 0x34, 0x71, 0x10, 0x00, 0x45, 0xDD, 0xB7, 0xAE,
    0x7F, 0xBE, 0xAE, 0xDC, 0xB7, 0xAE, 0xEB, 0xBA, 0xAE, 0xEB, 0xBA, 0xAE, 0xEB, 0xBA, 0xAE, 0xEB, 0x8A, 0xD3, 0x50, 0x80, 0x48, 0xE7, 0xD9, 0xFF,
    0x3D, 0x7E, 0x82, 0xEB, 0xBA, 0xAE, 0x18, 0x06, 0xAE, 0xEB, 0xBA, 0xAE, 0xEB, 0xBA, 0x9E, 0xDC, 0xC7, 0x61, 0xD7, 0x45, 0x51, 0x55, 0x55, 0x55,
    0xD5, 0x05, 0x4D, 0xED, 0xBE, 0xB7, 0xFB, 0x1E, 0xD7, 0xF7, 0x9B, 0xF2, 0xF7, 0x6E, 0xFB, 0xBC, 0xD7, 0x4D, 0xE4, 0xFE, 0xC6, 0xB6, 0xD9, 0x75,
    0x62, 0x4A, 0x22, 0xC2, 0x80, 0x20, 0xC3, 0x30, 0x0C, 0xC3, 0x30, 0x0C, 0x83, 0x10, 0x08, 0xC3, 0x30, 0x0C, 0xC3, 0x30, 0x0C, 0xC3, 0x30, 0x0C,
    0xC3, 0x30, 0x0C, 0xC3, 0x80, 0x20, 0x08, 0x82, 0x08, 0x64, 0x4A, 0x8A, 0xA2, 0xD7, 0x75, 0x5D, 0xE7, 0x89, 0x1E, 0x99, 0x92, 0x6F, 0x2A, 0x92,
    0xA4, 0xA8, 0x79, 0x24, 0x49, 0x92, 0x64, 0xAA, 0x65, 0xC8, 0x20, 0xED, 0xBB, 0xDC, 0xDA, 0x6F, 0xEB, 0xFF, 0xA8, 0xA4, 0xBD, 0x31, 0x3F, 0x3E,
    0xC7, 0x71, 0x1C, 0xC7, 0xA1, 0x1D, 0x13, 0xB8, 0xF6, 0x61, 0xB8, 0xD2, 0x63, 0xC0, 0xE5, 0xF4, 0xB9, 0x82, 0x53, 0xF4, 0x69, 0x1F, 0x38, 0x1D,
    0xE3, 0xFF, 0xFF, 0x7D, 0x9E, 0xF7, 0x79, 0xDF, 0x1D, 0x55, 0x97, 0xE3, 0x1A, 0x78, 0x1C, 0xC7, 0x11, 0x1D, 0x90, 0x44, 0x5F, 0xDA, 0xBA, 0xAE,
    0x3A, 0xBD, 0xAE, 0xDA, 0xF5, 0xAD, 0xEB, 0xBA, 0xAE, 0xEB, 0xBA, 0xAE, 0xEB, 0xBA, 0x9E, 0xDF, 0xDA, 0x8F, 0xFA, 0xDF, 0xF7, 0xFF, 0xFF, 0xFF,
    0xFF, 0xFF, 0xE3, 0x2B, 0xB8, 0xAE, 0x1F, 0xB8, 0xAE, 0x2B, 0x4D, 0x9F, 0x27, 0xA7, 0x61, 0x14, 0x45, 0x51, 0x14, 0x55, 0x55, 0x55, 0x55, 0x55,
    0xD5, 0x05, 0x4D, 0xAD, 0x1C, 0xC7, 0x71, 0x6C, 0xF3, 0x3C, 0x4F, 0x9A, 0x6D, 0xCB, 0xFB, 0xBC, 0xD7, 0x69, 0xA6, 0xFD, 0xC6, 0x76, 0xEA, 0x75,
    0x22, 0x49, 0x92, 0x88, 0x30, 0x0C, 0xC3, 0x30, 0x0C, 0xC3, 0x30, 0x0C, 0x83, 0x10, 0x0C, 0xC3, 0x30, 0x0C, 0xC3, 0x30, 0x0C, 0xC3, 0x30, 0x0C,
    0xC3, 0x30, 0x0C, 0xC3, 0x30, 0x0C, 0x08, 0x82, 0x08, 0xC8, 0xE8, 0x75, 0x5D, 0xD7, 0x75, 0x5D, 0xE7, 0x69, 0x5A, 0x4A, 0xCA, 0xBE, 0x9F, 0x8A,
    0x24, 0xD9, 0x69, 0x24, 0x49, 0x92, 0x24, 0xE9, 0x65, 0x10, 0x24, 0xB5, 0xB6, 0xBD, 0xF3, 0xBC, 0xEC, 0xFF, 0xBC, 0xD6, 0xED, 0x68, 0xD9, 0x41,
    0xC7, 0x71, 0x48, 0x20, 0xF7, 0x1D, 0x10, 0x06, 0xF6, 0x73, 0xA8, 0x85, 0x38, 0x10, 0x9C, 0x5E, 0xF5, 0xE1, 0xA3, 0xC6, 0x4D, 0xD1, 0x01, 0x9D,
    0x7F, 0xDF, 0xF7, 0x79, 0x9E, 0xE3, 0xE0, 0x3A, 0x05, 0xD8, 0x49, 0xEB, 0x51, 0x70, 0x1C, 0x10, 0xE4, 0xAD, 0xF7, 0x9F, 0x6B, 0xDA, 0xBA, 0xAE,
    0xF9, 0xBA, 0xAE, 0x9A, 0xB6, 0xAE, 0xEB, 0xBA, 0xAE, 0x2B, 0x4D, 0xAF, 0xEB, 0x4A, 0xAF, 0x74, 0xFF, 0xFF, 0x7F, 0xDF, 0xF7, 0xBD, 0xDE, 0xEB,
    0xFD, 0xFF, 0xFF, 0xBF, 0x0E, 0xAE, 0xEB, 0x4A, 0xAF, 0xEB, 0x09, 0x62, 0x57, 0x45, 0x51, 0x55, 0x55, 0x55, 0x55, 0x55, 0x55, 0x15, 0x45, 0x55,
    0x55, 0x15, 0x5D, 0xAD, 0xFD, 0xC6, 0x71, 0x1C, 0xBF, 0x2F, 0xDC, 0x8A, 0x22, 0x99, 0x9A, 0xA9, 0xA7, 0x4D, 0xE6, 0xFE, 0xC6, 0xEF, 0x2B, 0x76,
    0x66, 0x4A, 0x92, 0xA4, 0x34, 0x0C, 0xC3, 0x30, 0x0C, 0xC3, 0x30, 0x0C, 0xC3, 0x30, 0x0C, 0xC3, 0x30, 0x0C, 0xC3, 0x30, 0x0C, 0xC3, 0x30, 0x0C,
    0xC3, 0x30, 0x0C, 0xC3, 0x30, 0x0C, 0x08, 0x32, 0x08, 0x86, 0xD7, 0x75, 0x5D, 0xD7, 0x75, 0x5E, 0x37, 0x75, 0x29, 0x09, 0xF3, 0xBE, 0xEF, 0xBF,
    0x24, 0x49, 0x8A, 0x22, 0x49, 0x92, 0x24, 0x59, 0x66, 0x53, 0xD7, 0xD9, 0x2D, 0x89, 0xD6, 0xA8, 0x24, 0x75, 0x9D, 0x48, 0xDA, 0xB5, 0x5B, 0x8A,
    0xD3, 0xF1, 0x9D, 0x1A, 0xA6, 0x45, 0x41, 0x05, 0xE6, 0x78, 0xA8, 0x82, 0x01, 0x24, 0x49, 0x2B, 0xDE, 0xFF, 0xFD, 0xD9, 0x45, 0x56, 0xB8, 0xE7,
    0x7A, 0xDF, 0xF7, 0x79, 0x8F, 0x7B, 0x98, 0x16, 0x1C, 0x1D, 0x88, 0xE3, 0x58, 0x48, 0xD3, 0x6A, 0x9E, 0xE3, 0x7D, 0xDF, 0x7F, 0xDF, 0xBA, 0xD2,
    0xFD, 0xBA, 0xAE, 0xEB, 0x4A, 0xAF, 0x2B, 0xBD, 0x82, 0x27, 0xE8, 0x69, 0x5A, 0xD7, 0xFF, 0xFF, 0x9F, 0xE3, 0x79, 0x8E, 0xF7, 0x2B, 0x8D, 0xE3,
    0x6B, 0xBF, 0xE2, 0x7D, 0x4F, 0x83, 0xF4, 0x7A, 0x72, 0x58, 0x45, 0x51, 0x54, 0x55, 0x55, 0x55, 0x55, 0x55, 0x55, 0x55, 0x55, 0x14, 0x76, 0x51,
    0xD4, 0x75, 0x45, 0xE9, 0xFE, 0xC6, 0x71, 0x1C, 0xC7, 0x71, 0x1C, 0xB7, 0xB1, 0xFD, 0xA6, 0xA6, 0x29, 0x76, 0x24, 0xFF, 0xB6, 0x3C, 0x2F, 0x6A,
    0x66, 0x4A, 0x92, 0xA4, 0x29, 0x0D, 0xC3, 0x30, 0x0C, 0xC3, 0x30, 0x0C, 0xC3, 0x30, 0x0C, 0xC3, 0x30, 0x0C, 0xC3, 0x30, 0x0C, 0xC3, 0x30, 0x0C,
    0xC3, 0x30, 0x0C, 0xC3, 0x30, 0x0C, 0xC3, 0x80, 0x08, 0xC6, 0xE8, 0x75, 0x5D, 0xD7, 0x75, 0xDD, 0xF4, 0xA4, 0xE4, 0xFE, 0xFF, 0xBE, 0xEF, 0xFB,
    0xB7, 0x28, 0xA6, 0x22, 0x49, 0x92, 0x24, 0x49, 0x4A, 0x92, 0x28, 0xEE, 0x6E, 0x29, 0x76, 0x9D, 0xCC, 0xF3, 0x31, 0x99, 0xBE, 0x31, 0x3F, 0x3E,
    0x9F, 0x46, 0xD3, 0x1E, 0xF6, 0x49, 0x07, 0xA5, 0xD1, 0x7A, 0xA8, 0x8E, 0x93, 0x98, 0xFF, 0x7D, 0xFF, 0xFF, 0x38, 0xDE, 0xAF, 0x18, 0xA6, 0xAA,
    0x74, 0xFE, 0xF7, 0x79, 0x8F, 0x87, 0xF8, 0x08, 0x78, 0x9A, 0x86, 0xAB, 0x58, 0x28, 0xAA, 0x26, 0x4D, 0xAF, 0x79, 0xDF, 0x83, 0x67, 0x8E, 0xF7,
    0xF9, 0xBA, 0xAE, 0xEB, 0xBA, 0x9E, 0xDC, 0xA7, 0x5D, 0x57, 0x15, 0x45, 0xD4, 0xF7, 0xFF, 0x3D, 0x8E, 0xEB, 0x3F, 0xBE, 0x9E, 0x60, 0xFE, 0xD3,
    0xE7, 0x09, 0xE6, 0x3F, 0xBD, 0x82, 0x1A, 0x86, 0x55, 0x54, 0x55, 0x55, 0x55, 0x55, 0x55, 0x55, 0x55, 0x55, 0x55, 0x55, 0x55, 0x94, 0x86, 0x51,
    0x58, 0x70, 0x40, 0xE4, 0xFE, 0xC6, 0x71, 0x1C, 0xC7, 0x71, 0x1C, 0xC7, 0x71, 0x1C, 0xDB, 0xB6, 0xBD, 0xDB, 0xED, 0x1B, 0xB7, 0xFB, 0x2D, 0x6A,
    0x66, 0x4A, 0x92, 0x24, 0x69, 0x6A, 0xC3, 0x30, 0x0C, 0xC3, 0x30, 0x0C, 0xC3, 0x30, 0x0C, 0xC3, 0x80, 0x20, 0x08, 0x32, 0x0C, 0xC3, 0x30, 0x0C,
    0xC3, 0x30, 0x0C, 0xC3, 0x30, 0x0C, 0x03, 0x82, 0x08, 0x48, 0x4B, 0x8A, 0x9E, 0xD7, 0x79, 0xDD, 0xE3, 0xA5, 0xA4, 0xFF, 0xFF, 0xBF, 0xEF, 0xFB,
    0xFE, 0x4E, 0x8A, 0xA4, 0x47, 0x92, 0x24, 0x49, 0x8A, 0x22, 0x99, 0xBE, 0x3B, 0xBF, 0xEF, 0x36, 0xFF, 0xFF, 0xBC, 0x98, 0xC6, 0xA9, 0x3C, 0x3E,
    0xDF, 0x49, 0xAF, 0xDE, 0xB8, 0x1E, 0x13, 0x86, 0xE1, 0x7A, 0x18, 0xCE, 0x61, 0xA8, 0xD2, 0xF3, 0xFF, 0xFF, 0xB8, 0xB8, 0x8E, 0x61, 0x18, 0x86,
    0x67, 0xDF, 0xD3, 0x78, 0x4E, 0x87, 0xAA, 0x17, 0x1C, 0xC7, 0x89, 0xAB, 0x61, 0x18, 0xAA, 0xEA, 0xBA, 0xAE, 0x39, 0xDE, 0xD3, 0x79, 0x4F, 0xAF,
    0xF4, 0x0A, 0x9E, 0x1F, 0xA6, 0x61, 0x14, 0x45, 0x51, 0x54, 0x75, 0x1D, 0x5A, 0xDF, 0xF7, 0x78, 0xDE, 0xE7, 0xF4, 0xB9, 0xE6, 0x38, 0xBE, 0x82,
    0x74, 0x8E, 0xD3, 0x27, 0x48, 0xE7, 0x58, 0x44, 0x55, 0x55, 0x55, 0x55, 0x55, 0x55, 0x55, 0x55, 0x55, 0x55, 0x55, 0x55, 0x55, 0x94, 0x76, 0x61,
    0x10, 0x70, 0x44, 0xE9, 0xFE, 0xC6, 0x71, 0x1C, 0xC7, 0x71, 0x1C, 0xC7, 0x71, 0x1C, 0xC7, 0x71, 0xFC, 0xC6, 0x71, 0x1C, 0xC7, 0x6F, 0x2C, 0x76,
    0xA6, 0x4D, 0x92, 0x24, 0x49, 0xA6, 0xDD, 0x30, 0x0C, 0xC3, 0x30, 0x0C, 0xC3, 0x30, 0x0C, 0x08, 0x82, 0x20, 0x08, 0x82, 0x0C, 0xC3, 0x30, 0x0C,
    0xC3, 0x30, 0x0C, 0xC3, 0x30, 0x0C, 0xC3, 0x30, 0x08, 0xC8, 0x28, 0x92, 0x9E, 0xD7, 0x75, 0xDD, 0x33, 0x96, 0xFB, 0xFF, 0xFF, 0xBF, 0xEF, 0xFB,
    0xBE, 0xDF, 0x8A, 0xA4, 0x26, 0x92, 0x24, 0x49, 0x66, 0x5A, 0x4A, 0xBE, 0x6F, 0xDB, 0xC6, 0x2D, 0xFF, 0xFF, 0xBC, 0x98, 0xDA, 0xF6, 0x3E, 0x3E,
    0xDF, 0x87, 0x45, 0xD4, 0x01, 0x1D, 0x13, 0xA4, 0x9D, 0x7A, 0x18, 0xAA, 0x61, 0x38, 0xAB, 0x73, 0xDE, 0xFF, 0xF8, 0x69, 0x86, 0x16, 0x84, 0xCD,
    0xFD, 0xDF, 0x73, 0xD8, 0x77, 0x86, 0xA1, 0x16, 0x00, 0xD1, 0x9A, 0x6B, 0x90, 0x16, 0x9A, 0xE6, 0xB9, 0xD2, 0x38, 0xDD, 0xE3, 0xDF, 0x87, 0x5D,
    0x98, 0x76, 0x5D, 0x17, 0x45, 0x51, 0x55, 0x55, 0x55, 0xD5, 0x05, 0x1D, 0xEB, 0xDF, 0xEB, 0xB8, 0x9E, 0xD3, 0x2B, 0x4D, 0xEB, 0xEB, 0x7A, 0x9E,
    0x74, 0x4F, 0xAF, 0xEB, 0xB9, 0xEA, 0x5E, 0x54, 0x55, 0x55, 0x55, 0x55, 0x55, 0x55, 0x55, 0x55, 0x55, 0x55, 0x55, 0x55, 0x55, 0x54, 0xF7, 0x1D,
    0x40, 0x00, 0x5D, 0xA9, 0xFD, 0xC6, 0x71, 0x1C, 0xC7, 0x71, 0x1C, 0xC7, 0x71, 0x1C, 0xC7, 0x71, 0x1C, 0xC7, 0x71, 0x1C, 0xC7, 0xB1, 0x2D, 0x76,
    0x5E, 0x4A, 0x92, 0x24, 0x49, 0x92, 0xA9, 0x37, 0x0C, 0xC3, 0x30, 0x0C, 0xC3, 0x30, 0x0C, 0x03, 0x82, 0x20, 0x08, 0x82, 0x20, 0x08, 0x32, 0x0C,
    0xC3, 0x30, 0x0C, 0xC3, 0x30, 0x0C, 0xC3, 0x30, 0x0C, 0xC3, 0xE4, 0x75, 0x5D, 0xD7, 0x79, 0xDD, 0x34, 0x92, 0xFB, 0xFF, 0xFF, 0xFF, 0xEF, 0xFB,
    0xBE, 0xBF, 0x93, 0xA4, 0x26, 0x92, 0x24, 0x49, 0x7A, 0x1A, 0x49, 0xEE, 0x7B, 0x9A, 0xEE, 0xB6, 0xFF, 0xFB, 0xA8, 0x48, 0xB6, 0x69, 0xD9, 0x49,
    0x74, 0x07, 0x1D, 0x47, 0x00, 0x69, 0x47, 0xA0, 0xAD, 0xB8, 0x18, 0xAA, 0x6B, 0x38, 0xD3, 0x79, 0xFF, 0xFF, 0x7D, 0x3E, 0x8F, 0x5A, 0x14, 0xCE,
    0x7D, 0xFF, 0xE7, 0xDE, 0x77, 0x86, 0x6A, 0x17, 0x40, 0xE0, 0x97, 0x4F, 0x47, 0xA4, 0x85, 0xE3, 0x88, 0xE7, 0x2B, 0xD7, 0xE7, 0x2B, 0x76, 0x40,
    0x10, 0x45, 0x51, 0x54, 0x55, 0x55, 0x55, 0x55, 0x55, 0x55, 0x05, 0x4D, 0xF8, 0xFF, 0xF7, 0x39, 0x4E, 0xD3, 0xBF, 0x7E, 0x72, 0x20, 0xFD, 0xD3,
    0x20, 0xF7, 0xD1, 0x3F, 0x7E, 0x9E, 0x5E, 0x54, 0x55, 0x55, 0x55, 0x55, 0x55, 0x55, 0x55, 0x55, 0x55, 0x55, 0x55, 0x55, 0x55, 0xD5, 0x15, 0x01,
    0x41, 0x04, 0x5D, 0xA9, 0xFD, 0xC6, 0x71, 0x1C, 0xC7, 0x71, 0x1C, 0xC7, 0x71, 0x1C, 0xC7, 0x71, 0x1C, 0xC7, 0x71, 0x1C, 0xC7, 0xB1, 0x2D, 0x76,
    0x5D, 0x4A, 0x92, 0x24, 0x49, 0x92, 0x64, 0x2A, 0x22, 0xC3, 0x30, 0x0C, 0xC3, 0x30, 0x20, 0x08, 0x82, 0x20, 0x12, 0x82, 0x20, 0x08, 0x32, 0x0C,
    0xC3, 0x30, 0x0C, 0xC3, 0x30, 0x0C, 0xC3, 0x30, 0x0C, 0x02, 0xE4, 0x75, 0x5D, 0xD7, 0x69, 0xD3, 0x64, 0x92, 0xFB, 0xFF, 0xFF, 0xFF, 0xEF, 0xFB,
    0xBE, 0xCF, 0x93, 0xA4, 0x26, 0x92, 0xA4, 0x98, 0x8A, 0x1A, 0x49, 0x8E, 0x9E, 0xD7, 0x96, 0x62, 0x59, 0x96, 0x62, 0x9A, 0x8A, 0x5E, 0x97, 0xA6,
    0xFD, 0xAA, 0x69, 0xDE, 0x88, 0xE3, 0x07, 0xD4, 0xAD, 0xB8, 0x1A, 0x4A, 0x5A, 0x38, 0xCF, 0x78, 0xFF, 0xFF, 0xBD, 0xDE, 0xD3, 0x2A, 0x86, 0xA9,
    0x38, 0xDE, 0xF7, 0x39, 0x9D, 0x87, 0x21, 0x14, 0x68, 0xF4, 0xFA, 0x43, 0x01, 0x04, 0x5D, 0xDA, 0x07, 0xAE, 0xA0, 0xD6, 0xFF, 0x39, 0x78, 0x7E,
    0x58, 0x55, 0x55, 0x55, 0x55, 0x55, 0x55, 0x55, 0x55, 0x55, 0xF5, 0xE5, 0xFD, 0xFF, 0xF7, 0xF4, 0x09, 0xAE, 0xA0, 0xA6, 0x69, 0xDC, 0x87, 0x69,
    0x9C, 0xF6, 0x81, 0xDC, 0x77, 0xAE, 0x5D, 0x54, 0x55, 0x55, 0x55, 0x55, 0x55, 0x55, 0x55, 0x55, 0x55, 0x55, 0x15, 0x75, 0x45, 0xC1, 0x11, 0x04,
    0x58, 0x04, 0x51, 0xA9, 0xFD, 0xC6, 0x71, 0x1C, 0xC7, 0x71, 0x1C, 0xC7, 0x71, 0x1C, 0xC7, 0x71, 0x1C, 0xC7, 0x71, 0x1C, 0xC7, 0xB1, 0x4D, 0x76,
    0x5D, 0x4A, 0x92, 0x24, 0x49, 0x92, 0x24, 0x99, 0x8A, 0xC8, 0x30, 0x0C, 0xC3, 0x80, 0x20, 0x08, 0x82, 0x48, 0x92, 0x84, 0x20, 0x08, 0x82, 0x0C,
    0xC3, 0x30, 0x0C, 0xC3, 0x30, 0x0C, 0xC3, 0x30, 0x0C, 0x82, 0x34, 0x7A, 0x5E, 0xD7, 0x75, 0x9A, 0x66, 0x92, 0xFB, 0xFF, 0xFF, 0xFF, 0xFF, 0xFB,
    0xBE, 0xCF, 0x8B, 0xA4, 0x46, 0x92, 0x9E, 0x47, 0x7A, 0x9D, 0xE7, 0x4D, 0x63, 0x6A, 0x97, 0x62, 0xD7, 0xA5, 0x76, 0x9B, 0xA6, 0xED, 0xDB, 0xA6,
    0x20, 0x08, 0x3E, 0xD9, 0x06, 0xE2, 0x1A, 0xF6, 0x7D, 0xF9, 0x7C, 0xAA, 0x2A, 0x8E, 0xF7, 0x7D, 0xFF, 0xFF, 0x7F, 0x4E, 0xAB, 0xA1, 0x85, 0x85,
    0xB3, 0x9A, 0xFF, 0x39, 0xAD, 0xAB, 0x27, 0x00, 0x69, 0xD7, 0xF8, 0x6B, 0x40, 0x70, 0x40, 0x17, 0xC7, 0x9D, 0x1F, 0xA6, 0xFF, 0x34, 0x77, 0x9E,
    0xDA, 0x45, 0x55, 0x55, 0x55, 0x55, 0x55, 0x55, 0x55, 0x51, 0x47, 0xE7, 0xFF, 0xFF, 0xFF, 0x7A, 0x4E, 0xE7, 0x39, 0x4D, 0xD3, 0x27, 0x3D, 0xAE,
    0xF4, 0x48, 0xD3, 0x34, 0x4D, 0xEB, 0x63, 0x54, 0x55, 0x17, 0x55, 0x55, 0x55, 0x55, 0x55, 0x55, 0x55, 0x55, 0x15, 0x75, 0x45, 0x40, 0x70, 0x04,
    0x11, 0x76, 0x41, 0xE4, 0xFE, 0xC6, 0x71, 0x1C, 0xC7, 0x71, 0x1C, 0xC7, 0x71, 0x1C, 0xC7, 0x71, 0x1C, 0xC7, 0x71, 0x1C, 0xC7, 0xB1, 0x9D, 0x76,
    0x5D, 0x4A, 0x92, 0x24, 0x49, 0x92, 0x24, 0x99, 0xB6, 0x24, 0x32, 0x0C, 0x03, 0x82, 0x20, 0x10, 0x82, 0x20, 0x08, 0x82, 0x48, 0x12, 0x22, 0x21,
    0xC3, 0x30, 0x0C, 0xC3, 0x30, 0x0C, 0xC3, 0x30, 0x20, 0x83, 0x94, 0x96, 0x62, 0xD7, 0x79, 0xDA, 0x94, 0x92, 0xFB, 0xFF, 0xFF, 0xFF, 0xFF, 0xFB,
    0xBE, 0xCF, 0x8B, 0xE4, 0x24, 0x8A, 0x22, 0xE9, 0x89, 0x69, 0xCB, 0xC7, 0x7B, 0x7C, 0xEF, 0x69, 0xFA, 0xB6, 0x29, 0x49, 0x92, 0x24, 0x49, 0x92,
    0x1B, 0x08, 0x36, 0xDB, 0xB6, 0x6D, 0xDB, 0x96, 0x35, 0x59, 0xB6, 0x65, 0xD9, 0x96, 0x65, 0x19, 0xF7, 0xFF, 0x7D, 0x8E, 0xE3, 0x6A, 0x18, 0x86,
    0x2A, 0xDD, 0xFF, 0x79, 0xDF, 0x87, 0xE1, 0x91, 0x6B, 0x17, 0x4E, 0x7F, 0x10, 0x70, 0x40, 0x17, 0xF7, 0x7D, 0x9F, 0xA6, 0xFF, 0xB8, 0x87, 0x71,
    0x5A, 0x45, 0x55, 0x55, 0x55, 0x55, 0x55, 0x55, 0x5D, 0xD1, 0x04, 0xAE, 0xFF, 0xFF, 0xFF, 0x3A, 0xDB, 0xFF, 0x7D, 0xDD, 0xEB, 0xB7, 0xFE, 0xFF,
    0x7A, 0x7D, 0xDF, 0xF7, 0xDD, 0xFF, 0x66, 0x74, 0x51, 0xD1, 0x55, 0x55, 0x55, 0x55, 0x55, 0x15, 0x45, 0x55, 0x15, 0x75, 0x45, 0xC0, 0x71, 0x00,
    0x00, 0x14, 0x1D, 0xE4, 0xFE, 0xC6, 0x71, 0x1C, 0xC7, 0x71, 0x1C, 0xC7, 0x71, 0x1C, 0xC7, 0x71, 0x1C, 0xC7, 0x71, 0x1C, 0xC7, 0xB1, 0xDD, 0x7A,
    0x5D, 0x4A, 0x92, 0x24, 0x49, 0x92, 0x24, 0xD9, 0xC6, 0x36, 0x29, 0x0D, 0x03, 0x82, 0x0C, 0x03, 0x22, 0x0D, 0xC3, 0x80, 0x0C, 0x02, 0x22, 0x21,
    0x03, 0x82, 0x0C, 0xC3, 0x30, 0x0C, 0xC3, 0x30, 0x20, 0x82, 0x34, 0x8A, 0x5D, 0xD7, 0x75, 0xDA, 0x94, 0x92, 0xFB, 0xFF, 0xFF, 0xFF, 0xFF, 0xFB,
    0xBE, 0xCF, 0x7B, 0xE4, 0xD3, 0x91, 0x24, 0x29, 0x92, 0xB6, 0xFD, 0xBE, 0xAD, 0xED, 0xB7, 0x22, 0x49, 0x92, 0x24, 0x49, 0x92, 0x24, 0x49, 0x92,
    0xDB, 0xB6, 0x6D, 0xDF, 0xB6, 0x6D, 0xC5, 0x03, 0x6E, 0xDB, 0xB6, 0x6D, 0xDB, 0xB6, 0x6D, 0xDB, 0xFA, 0xFF, 0x7D, 0xDF, 0xE3, 0x6A, 0x18, 0x8A,
    0x23, 0xFD, 0xFF, 0xFD, 0xDF, 0x87, 0xD8, 0xB1, 0x42, 0x67, 0x0E, 0x72, 0x5C, 0x10, 0x44, 0xD8, 0xF7, 0x71, 0x1A, 0xA6, 0xFF, 0x3D, 0x88, 0x81,
    0x60, 0x45, 0x55, 0x55, 0x55, 0x55, 0x55, 0x55, 0x55, 0x14, 0x84, 0x9D, 0xFF, 0xFF, 0xFF, 0x75, 0xA9, 0xDF, 0x25, 0x8A, 0x96, 0x5D, 0xD7, 0x75,
    0x5D, 0xD7, 0x75, 0x5D, 0xD7, 0x79, 0x1A, 0x45, 0x5D, 0xC1, 0x81, 0x51, 0xD5, 0x55, 0x55, 0xD5, 0x75, 0x55, 0x54, 0x75, 0x45, 0x47, 0xA7, 0x05,
    0x00, 0x10, 0x1C, 0xE9, 0xFE, 0xC6, 0x71, 0x1C, 0xC7, 0x71, 0x1C, 0xC7, 0x71, 0x1C, 0xC7, 0x71, 0x1C, 0xC7, 0x71, 0x1C, 0xC7, 0xB1, 0xDD, 0x7A,
    0x9D, 0x48, 0x92, 0x24, 0x49, 0x92, 0x64, 0x9A, 0xB6, 0xB1, 0x9D, 0x4A, 0xC3, 0x20, 0x75, 0xE5, 0xEF, 0xFB, 0x3E, 0xEF, 0x77, 0x08, 0x22, 0x20,
    0x08, 0x82, 0x20, 0xC3, 0x30, 0x0C, 0xC3, 0x30, 0x0C, 0x02, 0xE2, 0x75, 0x5D, 0xD7, 0x75, 0xDD, 0xA3, 0xA5, 0xF1, 0xFF, 0xFF, 0xFF, 0xFF, 0xFB,
    0xBE, 0xCF, 0x93, 0xA4, 0x36, 0x91, 0x24, 0xE9, 0x79, 0x6D, 0x6C, 0xF3, 0x3C, 0xCF, 0xCB, 0x6D, 0x9A, 0x92, 0x69, 0x9B, 0xA6, 0x24, 0x49, 0x92,
    0xE0, 0xB6, 0x6D, 0xDB, 0xB6, 0x6D, 0x01, 0x10, 0x6C, 0xDB, 0xB6, 0x6D, 0xDB, 0xB6, 0x6D, 0xDB, 0xDF, 0xFF, 0x7F, 0x9F, 0xE7, 0x6A, 0x68, 0x69,
    0xB8, 0xDE, 0xFF, 0xFF, 0xDF, 0x9F, 0xE1, 0x11, 0x61, 0x1F, 0xAE, 0x7F, 0x5F, 0x14, 0x1C, 0x94, 0xC6, 0x81, 0x5E, 0xD7, 0xF7, 0x38, 0xAE, 0x71,
    0xF4, 0x45, 0x55, 0x55, 0x55, 0x55, 0x55, 0x55, 0x55, 0xD7, 0x01, 0x81, 0xFF, 0xFF, 0xFF, 0x75, 0xA9, 0xDF, 0x28, 0xDA, 0xF5, 0x25, 0x72, 0x97,
    0x88, 0x5E, 0x4A, 0x7A, 0x89, 0x48, 0x48, 0x84, 0x55, 0x41, 0x40, 0x61, 0x50, 0x40, 0x55, 0x55, 0x14, 0x51, 0x17, 0x55, 0x51, 0x11, 0x86, 0x51,
    0x01, 0x00, 0x1C, 0xE9, 0xFE, 0xC6, 0x71, 0x1C, 0xC7, 0x71, 0x1C, 0xC7, 0x71, 0x1C, 0xC7, 0x71, 0x1C, 0xC7, 0x71, 0x1C, 0xC7, 0xB1, 0xDD, 0x7A,
    0x9D, 0x48, 0x92, 0x24, 0x49, 0x92, 0x69, 0xDA, 0xDA, 0x71, 0x6C, 0xA7, 0x1D, 0xCA, 0xFF, 0xBF, 0xEF, 0xF3, 0xF1, 0x0B, 0xEF, 0x7A, 0x5B, 0x0E,
    0x02, 0x82, 0x20, 0xC3, 0x30, 0x0C, 0xC3, 0x30, 0x0C, 0x02, 0xE0, 0x79, 0x9E, 0xD7, 0x75, 0xD3, 0xF3, 0xA4, 0xA9, 0xFF, 0xFF, 0xFF, 0xFF, 0xFB,
    0xBE, 0xEF, 0xBF, 0xA4, 0x38, 0x79, 0xA4, 0xD8, 0x79, 0x29, 0xEF, 0xF3, 0xAD, 0x29, 0x8A, 0x62, 0xD7, 0x75, 0xAD, 0xBF, 0xB7, 0x24, 0x49, 0x92,
    0xD3, 0xBA, 0x6D, 0xDB, 0xB6, 0x6D, 0xE0, 0x11, 0xAD, 0xDB, 0xB6, 0x6D, 0xDB, 0xB6, 0x6D, 0xF9, 0x9F, 0xFF, 0x7F, 0x9F, 0xE3, 0x6A, 0x28, 0x86,
    0x2A, 0xDE, 0xF7, 0xFF, 0xDF, 0xAF, 0x5E, 0x70, 0x7C, 0x60, 0xDE, 0xE7, 0xF4, 0xA9, 0x4D, 0xDD, 0xB9, 0xE6, 0xFD, 0xDC, 0xF7, 0xF8, 0xEA, 0x79,
    0xE7, 0x45, 0x55, 0x55, 0x55, 0x55, 0x55, 0x55, 0x51, 0x57, 0x74, 0x68, 0xFD, 0xDF, 0xFF, 0x75, 0xA9, 0xDF, 0xA8, 0x27, 0xFD, 0xAC, 0xF4, 0xA3,
    0xD2, 0x8F, 0x4A, 0x3F, 0x8A, 0x48, 0xC8, 0x71, 0x04, 0x00, 0x70, 0x60, 0x47, 0x00, 0x5D, 0x57, 0x00, 0x04, 0xD4, 0x75, 0x5D, 0x95, 0xF6, 0x1D,
    0x00, 0x10, 0x1C, 0xE9, 0xFE, 0xC6, 0x71, 0x1C, 0xC7, 0x71, 0x1C, 0xC7, 0x71, 0x1C, 0xC7, 0x71, 0x1C, 0xC7, 0x71, 0x1C, 0xC7, 0xB1, 0xDD, 0x7A,
    0x9D, 0x48, 0x92, 0x24, 0x49, 0x92, 0x64, 0x6A, 0xC7, 0x71, 0xDC, 0xB6, 0xBE, 0xEF, 0xFB, 0xBE, 0xCF, 0xBF, 0x6D, 0xAA, 0x49, 0x5A, 0x27, 0x8A,
    0xC2, 0x80, 0x20, 0xC3, 0x30, 0x0C, 0xC3, 0x30, 0x0C, 0x83, 0xD0, 0x79, 0x9E, 0xE7, 0x79, 0xDA, 0xA4, 0xA5, 0xA4, 0xFF, 0xFF, 0xFF, 0xFF, 0xFB,
    0xBE, 0xEF, 0xCB, 0x5E, 0x2A, 0x8A, 0xA9, 0xD8, 0x79, 0xA2, 0x69, 0xCA, 0x29, 0x49, 0x7A, 0xDE, 0x18, 0xDF, 0x7B, 0x7B, 0xD7, 0x24, 0x49, 0x92,
    0xC7, 0xF6, 0x65, 0xD9, 0x51, 0x6C, 0x1B, 0x08, 0x6E, 0xDB, 0xB6, 0x6D, 0xDB, 0xB6, 0x81, 0x7F, 0x9F, 0xFF, 0x7F, 0xFF, 0xE7, 0x34, 0xAE, 0x86,
    0xA1, 0x9A, 0xF7, 0xFF, 0xFF, 0xE3, 0x47, 0x70, 0x60, 0x60, 0xDF, 0xE7, 0xF9, 0xBA, 0xAA, 0x73, 0x4E, 0xD3, 0x39, 0xDD, 0xFF, 0x38, 0x9D, 0xF7,
    0x5D, 0x54, 0x55, 0x55, 0x55, 0x55, 0x55, 0x55, 0x55, 0xD5, 0x15, 0x61, 0x7D, 0xDF, 0xFF, 0x75, 0xA9, 0xDF, 0xA5, 0x24, 0xFD, 0xA8, 0xF4, 0xA3,
    0xD2, 0x8F, 0x4A, 0x3F, 0x8A, 0x48, 0x08, 0x00, 0x1C, 0x01, 0x00, 0x44, 0xD5, 0x11, 0x1C, 0x15, 0x04, 0x00, 0xC1, 0x11, 0x41, 0xC1, 0x71, 0x00,
    0x40, 0x70, 0x40, 0xE5, 0xFE, 0xC6, 0x71, 0x1C, 0xC7, 0x71, 0x1C, 0xC7, 0x71, 0x1C, 0xC7, 0x71, 0x1C, 0xC7, 0x71, 0x1C, 0xC7, 0xB1, 0xDD, 0x7A,
    0x9D, 0x48, 0x92, 0x24, 0x49, 0x92, 0x64, 0x1B, 0xC7, 0x76, 0xEB, 0xFA, 0xBE, 0xEF, 0xFB, 0x3E, 0x6F, 0xEF, 0x1D, 0x82, 0x48, 0x08, 0x82, 0x68,
    0x1D, 0x32, 0x20, 0xC8, 0x30, 0x0C, 0xC3, 0x30, 0x0C, 0x83, 0xA0, 0x79, 0x5D, 0xD7, 0x69, 0x9E, 0x36, 0xA5, 0xA4, 0xFF, 0xFF, 0xFF, 0xFF, 0xFB,
    0xBE, 0xEF, 0xCB, 0xA2, 0x38, 0x79, 0x9E, 0xD7, 0x75, 0xE2, 0x2D, 0xEF, 0x3C, 0xBF, 0xEF, 0xBB, 0x1D, 0xB7, 0x6D, 0xCC, 0xD7, 0x24, 0x49, 0x92,
    0xC0, 0xB1, 0x15, 0x05, 0x00, 0x6C, 0xEB, 0xB6, 0xAD, 0xEB, 0xF6, 0x6D, 0xDB, 0x47, 0xFF, 0x3D, 0xDE, 0xFF, 0x7F, 0x9F, 0xF7, 0x78, 0x4E, 0x8B,
    0xE1, 0x9C, 0xF7, 0xFF, 0xFF, 0xF7, 0xC7, 0x01, 0x51, 0x5E, 0x9F, 0xF7, 0x34, 0x4D, 0x87, 0xA1, 0x6A, 0xAE, 0xF9, 0xDC, 0xFF, 0x79, 0x7E, 0xD2,
    0x5A, 0x74, 0x55, 0x54, 0x55, 0x55, 0x55, 0x55, 0x55, 0x55, 0x45, 0x75, 0x79, 0xFE, 0xFF, 0x75, 0xA9, 0xEB, 0xA5, 0x24, 0xFD, 0x25, 0xF2, 0x97,
    0xC8, 0x5F, 0x22, 0x3F, 0x8A, 0x48, 0x06, 0x10, 0x60, 0x11, 0x00, 0x1C, 0xD8, 0x75, 0x00, 0x07, 0x16, 0x05, 0x00, 0x00, 0x00, 0x40, 0x10, 0x00,
    0x51, 0x04, 0x41, 0xE3, 0xFE, 0xC6, 0x71, 0x1C, 0xC7, 0x71, 0x1C, 0xC7, 0x71, 0x1C, 0xC7, 0x71, 0x1C, 0xC7, 0x71, 0x1C, 0xC7, 0xB1, 0xDD, 0x7A,
    0x9D, 0x48, 0x92, 0x24, 0x99, 0x92, 0x69, 0x1C, 0xC7, 0x6F, 0xEA, 0xF3, 0xBE, 0xEF, 0xFB, 0x7C, 0xEB, 0xFF, 0x9D, 0x20, 0xFE, 0xAD, 0x84, 0xF0,
    0x7C, 0x87, 0x20, 0xC8, 0x30, 0x0C, 0xC3, 0x30, 0x0C, 0x88, 0xA0, 0x79, 0x9D, 0xA7, 0x69, 0xD3, 0xF3, 0xA4, 0xA4, 0xFF, 0xFF, 0xFF, 0xFF, 0xFB,
    0xBE, 0xEF, 0xDB, 0xA2, 0x38, 0x79, 0x5D, 0xE7, 0x69, 0xA4, 0xFF, 0xB6, 0x6D, 0xDB, 0xBE, 0xEF, 0x1B, 0xF3, 0xBC, 0xEF, 0xA7, 0x24, 0x49, 0x92,
    0xC7, 0x04, 0x6E, 0xDB, 0xF6, 0x1C, 0xDF, 0xBA, 0x6D, 0xDB, 0xB6, 0x6D, 0xDB, 0x96, 0x65, 0x78, 0xFF, 0xFF, 0xFF, 0xFF, 0xFF, 0xFD, 0x9F, 0xD3,
    0xAA, 0x8A, 0xE7, 0x7D, 0xDF, 0xF7, 0x48, 0x14, 0x61, 0x67, 0x9F, 0xE3, 0x79, 0xBE, 0x9E, 0x21, 0x16, 0xD2, 0xF9, 0xDC, 0xFF, 0x7D, 0x8F, 0xAF,
    0x58, 0x75, 0x40, 0x58, 0x45, 0x55, 0x55, 0x55, 0x55, 0x55, 0x45, 0x7D, 0x7D, 0x9E, 0xF7, 0x77, 0xA9, 0xEB, 0xA5, 0x24, 0x95, 0x86, 0xC4, 0x22,
    0x52, 0x19, 0x48, 0xA8, 0x81, 0x48, 0x06, 0x00, 0x40, 0x17, 0x00, 0x00, 0x47, 0x74, 0x00, 0xC7, 0x75, 0x45, 0x01, 0x10, 0x04, 0x01, 0xA4, 0x61,
    0x58, 0x04, 0x1D, 0xDC, 0xFE, 0xC6, 0x71, 0x1C, 0xC7, 0x71, 0x1C, 0xC7, 0x71, 0x1C, 0xC7, 0x71, 0x1C, 0xC7, 0x71, 0x1C, 0xC7, 0xB1, 0xDD, 0x7A,
    0x9D, 0x48, 0x92, 0x24, 0x49, 0xB6, 0x76, 0xDB, 0xDA, 0xE9, 0xCD, 0xDF, 0xBE, 0xEF, 0xF3, 0xFC, 0xEB, 0xFF, 0xA5, 0xD0, 0xFD, 0xBE, 0x84, 0xF0,
    0x7F, 0x89, 0x20, 0xC3, 0x30, 0x0C, 0xC3, 0x30, 0x0C, 0xC8, 0xA0, 0x79, 0x5D, 0xE7, 0x79, 0x9D, 0x36, 0xA5, 0xA4, 0xFF, 0xFF, 0xFF, 0xFF, 0xFB,
    0xBE, 0xEF, 0xF3, 0x24, 0xE9, 0x69, 0x5E, 0xA7, 0x4D, 0xE2, 0x6E, 0xEF, 0xFB, 0xBD, 0xF3, 0x3C, 0xCF, 0xFB, 0xBC, 0xCF, 0x93, 0x69, 0x4A, 0x92,
    0x47, 0xF0, 0x81, 0xDB, 0xB6, 0x1D, 0xC0, 0xB4, 0x6E, 0xDB, 0xB7, 0x7D, 0xDF, 0xB6, 0x6D, 0xFD, 0xDF, 0xE7, 0xFD, 0xFF, 0xFF, 0x7F, 0xBF, 0x7A,
    0xA0, 0xA6, 0x7D, 0xE0, 0x8A, 0xE7, 0x08, 0x34, 0x69, 0xF4, 0x4F, 0xE7, 0x79, 0x8F, 0xD3, 0x63, 0x18, 0xAE, 0x34, 0xFD, 0xFF, 0xFF, 0x9F, 0xE3,
    0x58, 0x15, 0x1C, 0x58, 0x57, 0x51, 0x55, 0x55, 0x55, 0x55, 0x45, 0x7D, 0x7D, 0xDE, 0xFF, 0x75, 0xA9, 0xFF, 0xA5, 0x24, 0x19, 0x88, 0x24, 0x49,
    0x92, 0x81, 0x48, 0x08, 0x22, 0x49, 0x06, 0x00, 0x04, 0x07, 0x10, 0x1C, 0x40, 0x70, 0x1C, 0x57, 0x45, 0x61, 0x11, 0x70, 0x60, 0x94, 0x06, 0x6A,
    0x54, 0x04, 0x45, 0x9A, 0x1D, 0xC7, 0x71, 0x1C, 0xC7, 0x71, 0x1C, 0xC7, 0x71, 0x1C, 0xC7, 0x71, 0x1C, 0xC7, 0x71, 0x1C, 0xC7, 0xB1, 0xDD, 0x7A,
    0x9D, 0x48, 0x92, 0x24, 0x49, 0xA6, 0x71, 0x1C, 0xDB, 0x29, 0xCF, 0xF3, 0xBC, 0xEF, 0xDB, 0x6F, 0xEC, 0xFF, 0xBB, 0xD4, 0xFD, 0x3E, 0x82, 0xF0,
    0x7F, 0x89, 0x0C, 0xC2, 0x30, 0x0C, 0xC3, 0x30, 0x0C, 0x83, 0x20, 0x78, 0x5E, 0xD7, 0x69, 0x9D, 0xA6, 0xA5, 0xA4, 0xFF, 0xFF, 0xFF, 0xFF, 0xFF,
    0xBE, 0xEF, 0xF3, 0x22, 0xE9, 0x69, 0x9E, 0x36, 0x4D, 0x1E, 0xEF, 0xF3, 0xBC, 0xDC, 0xA6, 0x29, 0xD9, 0x75, 0xD3, 0x33, 0x69, 0x5E, 0x9B, 0x92,
    0x41, 0x70, 0x1C, 0x0F, 0xB8, 0x65, 0x00, 0x00, 0x81, 0xDB, 0xB6, 0x6D, 0x9B, 0xC3, 0xAC, 0x7F, 0x8F, 0xE7, 0x38, 0x8E, 0xF7, 0xFD, 0xDF, 0x56,
    0x5C, 0x87, 0x61, 0x5A, 0x77, 0xD2, 0x47, 0xA0, 0x7D, 0x78, 0xDF, 0xD3, 0x34, 0x8E, 0xAF, 0x67, 0x18, 0xD2, 0xF9, 0xDF, 0xF7, 0xFD, 0xDF, 0xF7,
    0x5A, 0x75, 0x04, 0x90, 0x56, 0x55, 0x55, 0x45, 0x55, 0xD5, 0x05, 0x7D, 0x39, 0xFE, 0xFF, 0x75, 0xA9, 0xEB, 0xA5, 0x24, 0x49, 0x88, 0x84, 0x1C,
    0x92, 0x24, 0x95, 0xA2, 0x24, 0x49, 0x06, 0x00, 0x00, 0x40, 0x70, 0x44, 0xC1, 0x01, 0x5D, 0x15, 0x55, 0x55, 0x51, 0x10, 0x44, 0x95, 0xC6, 0x5D,
    0x55, 0x04, 0x51, 0xD0, 0x6B, 0xC7, 0x71, 0x1C, 0xC7, 0x71, 0x1C, 0xC7, 0x71, 0x1C, 0xC7, 0x71, 0x1C, 0xC7, 0x71, 0x1C, 0xC7, 0xB1, 0xFD, 0x7A,
    0x9D, 0x48, 0x92, 0x24, 0x49, 0x92, 0xE9, 0x1B, 0xB7, 0x24, 0xBF, 0xC7, 0xBB, 0xEF, 0xDB, 0x6F, 0xBC, 0xFB, 0x7F, 0x8B, 0xFE, 0x3E, 0x84, 0xF0,
    0x7F, 0x89, 0x0C, 0xC2, 0x30, 0x0C, 0xC3, 0x30, 0x0C, 0x03, 0x20, 0x78, 0x9D, 0xE7, 0x75, 0xDD, 0xF4, 0xA4, 0xA4, 0xFF, 0xFF, 0xFF, 0xFF, 0xFF,
    0xBE, 0xEF, 0xFB, 0xA6, 0xE8, 0x69, 0xDD, 0x34, 0x3D, 0x1A, 0xE9, 0x79, 0xA2, 0xE8, 0x69, 0x9A, 0xE6, 0xB9, 0x6D, 0xDA, 0x9A, 0xE3, 0x7B, 0xA7,
    0x5B, 0x14, 0x1C, 0x07, 0x04, 0x6D, 0xCF, 0x11, 0x68, 0xE0, 0xB6, 0x6D, 0xDB, 0xB6, 0xD1, 0x3D, 0x4E, 0xE7, 0x79, 0xBE, 0xF6, 0xFF, 0xFF, 0x73,
    0x11, 0x14, 0x45, 0x07, 0xC4, 0x69, 0x41, 0x30, 0x9E, 0x7A, 0x9F, 0xF7, 0x3D, 0x4D, 0xD3, 0xEB, 0xAA, 0xF6, 0xFD, 0xDA, 0x4D, 0xD1, 0x74, 0xF6,
    0x1A, 0x15, 0x01, 0x00, 0x74, 0x51, 0x55, 0x75, 0x55, 0xD4, 0x05, 0x75, 0x38, 0xDE, 0xFF, 0x75, 0xA9, 0xDF, 0xA5, 0x24, 0x21, 0x80, 0x81, 0x04,
    0x90, 0x84, 0xEA, 0x08, 0x22, 0x49, 0x48, 0x70, 0x1C, 0x57, 0x04, 0x5D, 0x95, 0xF6, 0x55, 0xD7, 0x45, 0x5D, 0x55, 0x00, 0x44, 0x57, 0xA5, 0x55,
    0x54, 0x75, 0x45, 0x50, 0x6C, 0xC7, 0x71, 0x1C, 0xC7, 0x71, 0x1C, 0xC7, 0x71, 0x1C, 0xC7, 0x71, 0x1C, 0xC7, 0x71, 0x1C, 0xC7, 0x71, 0x1C, 0x8B,
    0x9D, 0x48, 0x92, 0x24, 0x49, 0x92, 0x6D, 0x9B, 0x92, 0x64, 0xFB, 0xA6, 0xAD, 0x7F, 0xBF, 0x31, 0x2C, 0xFB, 0xFF, 0x7E, 0xFF, 0x3E, 0x82, 0xF0,
    0x7F, 0x89, 0x0C, 0x02, 0x32, 0x0C, 0xC3, 0x30, 0x0C, 0x83, 0x20, 0x78, 0x93, 0xD6, 0x79, 0x9E, 0xF6, 0xA4, 0xA4, 0xFF, 0xFF, 0xFF, 0xFF, 0xFF,
    0xBE, 0xEF, 0xFB, 0x29, 0xA9, 0x4D, 0x9D, 0xA6, 0x69, 0x9A, 0x98, 0x92, 0x2D, 0x7F, 0xBF, 0xAD, 0xCD, 0xEF, 0xFB, 0xBE, 0xCB, 0xE9, 0xEE, 0xDB,
    0xDB, 0xA6, 0x71, 0xDC, 0x11, 0x04, 0x41, 0x10, 0x00, 0xC1, 0x05, 0x6E, 0x59, 0xD6, 0xAC, 0xF8, 0x39, 0xAE, 0xEB, 0xB9, 0xFE, 0xFF, 0xDF, 0xCF,
    0x1D, 0x76, 0x1C, 0x10, 0xF4, 0x49, 0xC0, 0x71, 0xAE, 0x79, 0x8E, 0xF7, 0xFD, 0xFF, 0xFF, 0x3F, 0x4E, 0xAF, 0x67, 0x77, 0x40, 0xA7, 0xA6, 0xAD,
    0x18, 0x05, 0x05, 0xC0, 0x81, 0x51, 0xD5, 0x15, 0x55, 0x57, 0x45, 0x41, 0x2B, 0xDE, 0xFF, 0xB7, 0x88, 0xEA, 0xA5, 0x81, 0x48, 0x10, 0x22, 0x41,
    0x90, 0x24, 0x95, 0x81, 0x21, 0x49, 0x48, 0x14, 0x41, 0x58, 0x14, 0x51, 0xC1, 0x71, 0x45, 0x50, 0x84, 0x51, 0x01, 0x10, 0x44, 0x57, 0xA5, 0x55,
    0x54, 0x75, 0x45, 0x50, 0x6C, 0xC7, 0x71, 0x1C, 0xC7, 0x71, 0x1C, 0xC7, 0x71, 0x1C, 0xC7, 0x71, 0x1C, 0xC7, 0x71, 0xFC, 0xC6, 0xF1, 0x6B, 0xA7,
    0x9D, 0x48, 0x92, 0x24, 0x49, 0x92, 0x69, 0x4A, 0x92, 0x64, 0x9B, 0x92, 0xA9, 0xCF, 0xBF, 0x31, 0x6C, 0xFB, 0x7C, 0x5B, 0xFB, 0x3C, 0x82, 0xF8,
    0xBE, 0x26, 0x09, 0xC2, 0x80, 0x0C, 0xC3, 0x30, 0x0C, 0xC3, 0x20, 0x78, 0xD3, 0x33, 0x4D, 0x9E, 0xA7, 0xA5, 0xA4, 0xFF, 0xFF, 0xFF, 0xFF, 0xFF,
    0xBE, 0xEF, 0xFB, 0x2E, 0xE9, 0x4D, 0x9E, 0xE7, 0x79, 0x9D, 0xCC, 0xC7, 0x71, 0xDB, 0xBE, 0xB6, 0xDD, 0xB6, 0x6D, 0xDB, 0xA6, 0xA9, 0xEF, 0xEF,
    0xDB, 0x07, 0x6E, 0xDB, 0x0A, 0x4E, 0xD3, 0x04, 0x4D, 0xC7, 0xB1, 0x82, 0x59, 0x03, 0xAE, 0xA7, 0x36, 0x7D, 0xF9, 0xDF, 0xFF, 0xFF, 0xDF, 0xAB,
    0xA1, 0x65, 0x85, 0x2B, 0xDD, 0x4B, 0x01, 0xA5, 0x81, 0x3A, 0xEE, 0x8D, 0xE3, 0xB9, 0xF6, 0xFF, 0xDF, 0xF7, 0x69, 0xDA, 0x69, 0xEB, 0xFA, 0xD1,
    0x18, 0x05, 0x41, 0xC0, 0x81, 0x51, 0xD7, 0x01, 0x04, 0x55, 0x15, 0x45, 0xEB, 0xAA, 0xFF, 0x77, 0x59, 0xFE, 0xEE, 0x21, 0x79, 0x92, 0x24, 0x49,
    0x92, 0x24, 0x49, 0x88, 0x24, 0xB1, 0x52, 0x14, 0x45, 0xD4, 0x11, 0x44, 0xC1, 0x81, 0x45, 0x01, 0x70, 0x04, 0x00, 0x70, 0x60, 0x54, 0x85, 0x55,
    0x55, 0x75, 0x45, 0x50, 0x6C, 0xC7, 0x71, 0xFC, 0xBE, 0x71, 0x1C, 0xC7, 0x71, 0x6C, 0xC7, 0x71, 0x1C, 0xC7, 0xF1, 0xBB, 0xDB, 0x6F, 0xDC, 0x9A,
    0x9D, 0x48, 0x92, 0x24, 0x49, 0x92, 0x69, 0x9A, 0xA6, 0x2D, 0x29, 0x92, 0xA9, 0xCF, 0xBF, 0x71, 0xFC, 0xC6, 0x6F, 0x1C, 0xC7, 0x76, 0x89, 0x94,
    0xA5, 0x26, 0x09, 0x02, 0x82, 0x0C, 0xC3, 0x30, 0x0C, 0x83, 0x20, 0x78, 0xDA, 0x34, 0x4D, 0x9A, 0xE6, 0xB5, 0xA4, 0xFF, 0xFF, 0xBE, 0xEF, 0xFB,
    0xBC, 0xEF, 0xFB, 0x32, 0xA9, 0x4D, 0x5E, 0xD7, 0x69, 0x9A, 0xBC, 0xBF, 0x36, 0xCF, 0xF3, 0xBE, 0xCF, 0xF3, 0xB7, 0x2B, 0xDF, 0xBE, 0xEF, 0xB7,
    0xCE, 0xB6, 0x6D, 0x8E, 0xB3, 0x6D, 0x20, 0x08, 0x82, 0xDF, 0x09, 0x6E, 0x1B, 0xD7, 0xE3, 0x61, 0xA8, 0xE6, 0x7D, 0xDF, 0xFF, 0xFF, 0xAF, 0xAF,
    0xA1, 0x65, 0x61, 0xA1, 0x99, 0x4B, 0xC1, 0xA5, 0x9D, 0xF9, 0xDA, 0x69, 0x98, 0x07, 0x82, 0xA7, 0x4E, 0x7B, 0xDF, 0xA7, 0x4D, 0xD3, 0x94, 0xF7,
    0x5A, 0x44, 0x45, 0x40, 0x40, 0x5D, 0x51, 0x00, 0x00, 0x01, 0x46, 0x79, 0xF4, 0x9A, 0xFF, 0x77, 0x87, 0xB2, 0xC8, 0x81, 0x18, 0x00, 0x62, 0x04,
    0x86, 0x11, 0x04, 0x86, 0x64, 0x18, 0x10, 0x55, 0x5D, 0x54, 0x00, 0x44, 0x95, 0x86, 0x55, 0x11, 0x00, 0x00, 0x00, 0x70, 0x60, 0x54, 0x75, 0x55,
    0x55, 0x75, 0x45, 0x90, 0x1C, 0xC7, 0x6F, 0xBC, 0xEF, 0x76, 0x1C, 0xC7, 0x6F, 0xDB, 0xB6, 0x71, 0xFC, 0xEE, 0xFB, 0xBB, 0xB7, 0x6F, 0xFC, 0xA6,
    0x9D, 0x48, 0x92, 0x24, 0x49, 0x92, 0x69, 0xFA, 0xDA, 0x76, 0x2B, 0x8A, 0x24, 0xCF, 0xBF, 0x71, 0x6C, 0xDB, 0x70, 0x1C, 0xC7, 0xF1, 0x5E, 0x22,
    0x92, 0x84, 0x20, 0x02, 0x82, 0x0C, 0xC3, 0x30, 0x0C, 0x83, 0x00, 0x48, 0x9D, 0x36, 0x4D, 0x93, 0xE6, 0xB5, 0x64, 0xCC, 0xF3, 0x76, 0x3B, 0x8E,
    0x2D, 0xD9, 0x91, 0x69, 0xEA, 0x3D, 0x9A, 0x36, 0x3D, 0x13, 0xC9, 0xB7, 0xB7, 0xBF, 0xC7, 0x2D, 0x29, 0x7A, 0x9E, 0x37, 0x7A, 0xA3, 0xEF, 0xF3,
    0xE0, 0xA6, 0x34, 0x0D, 0xC8, 0x29, 0xCE, 0xB6, 0x6D, 0xDB, 0xB6, 0x39, 0x5B, 0xD2, 0xD0, 0x21, 0x16, 0xAA, 0x79, 0xDE, 0xFF, 0xFF, 0xDF, 0xAB,
    0xA2, 0x65, 0x85, 0x62, 0x88, 0x4B, 0x01, 0xC6, 0xD1, 0xFD, 0x7A, 0x6A, 0x11, 0x16, 0x4D, 0x5F, 0xD7, 0xAD, 0x1F, 0xD6, 0x81, 0x01, 0x92, 0xE3,
    0x50, 0x74, 0x5D, 0x07, 0x10, 0x61, 0x41, 0x40, 0x05, 0x00, 0x84, 0x81, 0xF8, 0x9A, 0xFF, 0xF5, 0x21, 0xA1, 0x08, 0xC4, 0x6A, 0x87, 0x57, 0x7A,
    0x77, 0xA9, 0x75, 0x52, 0x89, 0x7A, 0xD1, 0x55, 0x51, 0x57, 0x04, 0x5D, 0x94, 0x86, 0x51, 0xD7, 0x01, 0x00, 0x47, 0x70, 0x60, 0x54, 0xA5, 0x55,
    0x54, 0x75, 0x45, 0x90, 0xBF, 0xDB, 0xFC, 0xCE, 0xF3, 0xFB, 0x1B, 0xC7, 0x2D, 0x99, 0xB6, 0x71, 0x1C, 0xC7, 0x71, 0xFC, 0xBE, 0xF1, 0x6B, 0xA7,
    0x9D, 0x48, 0x92, 0x24, 0x49, 0x92, 0x24, 0xD9, 0xC6, 0x76, 0xEB, 0x75, 0x22, 0xCF, 0xB7, 0xB1, 0x6D, 0xA6, 0xFB, 0x1B, 0xC7, 0xF1, 0x6B, 0xA7,
    0x12, 0x82, 0x20, 0x02, 0x82, 0x20, 0xC3, 0x30, 0x0C, 0xC3, 0x00, 0x18, 0xDE, 0x34, 0x4D, 0x5A, 0x27, 0xA6, 0xF2, 0x3D, 0x8A, 0x26, 0xD9, 0x75,
    0x1E, 0x29, 0x92, 0xA4, 0x36, 0x3D, 0xD3, 0x34, 0x69, 0x9D, 0x98, 0x92, 0x62, 0xD7, 0x79, 0xE2, 0x38, 0x8E, 0x2E, 0xCF, 0xDB, 0xA9, 0xEF, 0xFB,
    0x7D, 0x4E, 0xE7, 0xB8, 0xDE, 0xD3, 0x1B, 0xB8, 0x65, 0xD9, 0x96, 0x65, 0x59, 0xD3, 0xAC, 0x6A, 0x68, 0xAA, 0x74, 0x9F, 0xE7, 0xFD, 0xDF, 0xE7,
    0xB3, 0x18, 0x46, 0xA1, 0x79, 0x1E, 0x01, 0xB6, 0xF6, 0xBA, 0x36, 0x41, 0x07, 0x24, 0xB9, 0x3D, 0xDD, 0x71, 0x50, 0x30, 0x85, 0x96, 0x99, 0x4B,
    0x00, 0x55, 0x61, 0x07, 0x10, 0x61, 0x01, 0x80, 0x41, 0x40, 0xA0, 0xD1, 0x39, 0x9D, 0xF7, 0xBA, 0x74, 0x9C, 0x5A, 0x27, 0x6A, 0x5A, 0x59, 0x96,
    0x2C, 0x2C, 0x49, 0x5D, 0xA9, 0xA7, 0x54, 0x14, 0x51, 0x15, 0x15, 0x55, 0xD4, 0x75, 0x51, 0x14, 0x76, 0x1C, 0x58, 0x04, 0x61, 0x18, 0x86, 0x55,
    0x54, 0x55, 0x45, 0x93, 0xDF, 0x92, 0x72, 0xDB, 0xBE, 0x71, 0x1C, 0xC7, 0x6F, 0x1B, 0xC7, 0x71, 0x1C, 0xC7, 0x71, 0x1C, 0xC7, 0xF1, 0x6B, 0xA7,
    0x9D, 0x48, 0x92, 0x24, 0x49, 0x92, 0x29, 0x99, 0xB6, 0x76, 0xDA, 0x75, 0xA2, 0xEC, 0xDB, 0xF6, 0xE8, 0xED, 0x7C, 0x1B, 0xC7, 0x71, 0xFC, 0xDA,
    0xAD, 0x84, 0x20, 0x02, 0x82, 0x20, 0xC3, 0x30, 0x0C, 0xC3, 0x20, 0x20, 0xDE, 0x34, 0x4D, 0xCF, 0x94, 0xF2, 0xBC, 0x9F, 0x7A, 0x24, 0x29, 0x7A,
    0xCF, 0x33, 0x4D, 0xDA, 0x34, 0x69, 0x9A, 0xD6, 0x79, 0x9D, 0x98, 0xF2, 0x75, 0xDB, 0xB6, 0xF6, 0xEE, 0xFB, 0xFC, 0x6E, 0xB7, 0x29, 0xEF, 0xFB,
    0xE1, 0xE8, 0xCD, 0x7D, 0x7F, 0xAE, 0xF9, 0xFF, 0xF7, 0xFD, 0xFF, 0xFF, 0x7F, 0x7E, 0xAE, 0x6A, 0xA8, 0xAE, 0xF8, 0x8C, 0xE3, 0xFD, 0xDF, 0xD3,
    0x2B, 0x07, 0x45, 0x9D, 0xAA, 0x01, 0x47, 0x45, 0xE7, 0x7A, 0x38, 0xD2, 0x78, 0xDE, 0xFF, 0x79, 0x4F, 0x6B, 0x91, 0x36, 0x5A, 0x58, 0x38, 0x1F,
    0xC0, 0x55, 0x61, 0x07, 0x10, 0x61, 0x01, 0x00, 0x61, 0x01, 0xD0, 0xAD, 0x79, 0x9E, 0xF7, 0xB5, 0xE7, 0x69, 0x07, 0x12, 0x04, 0x00, 0x62, 0x18,
    0x46, 0x10, 0x18, 0x86, 0x61, 0x1C, 0x55, 0xD7, 0x69, 0x57, 0x55, 0x55, 0x57, 0x45, 0x55, 0xD4, 0x15, 0x41, 0x17, 0x75, 0x45, 0xC7, 0x71, 0x5C,
    0x57, 0x55, 0x51, 0x58, 0x9B, 0xA6, 0xEF, 0x1B, 0xC7, 0x71, 0x1C, 0xC7, 0x71, 0x1C, 0xC7, 0x71, 0x1C, 0xC7, 0x71, 0x1C, 0xC7, 0xF1, 0x6B, 0xA7,
    0x9D, 0x48, 0x92, 0x24, 0x49, 0x92, 0x64, 0x9A, 0xB6, 0x76, 0xEB, 0x75, 0x62, 0xEB, 0xDB, 0x7B, 0x97, 0xFE, 0xFB, 0x1B, 0xC7, 0x71, 0x1C, 0xBF,
    0x76, 0x2B, 0x21, 0x02, 0x82, 0x20, 0xC3, 0x30, 0x0C, 0xC3, 0x20, 0x20, 0x9E, 0xF6, 0x68, 0x5E, 0xBA, 0xF3, 0xF6, 0xCB, 0xF3, 0x3C, 0xF9, 0x3C,
    0xCF, 0xA4, 0x69, 0x9A, 0xA6, 0x4D, 0xD3, 0x34, 0x69, 0x5D, 0xC7, 0xF3, 0xF6, 0xBE, 0xC7, 0xF1, 0xDB, 0xB6, 0x6D, 0x1B, 0xA7, 0xBC, 0xEF, 0xFB,
    0xA1, 0x65, 0x59, 0x61, 0x4F, 0x43, 0x41, 0xD7, 0xE7, 0x79, 0xFF, 0xFF, 0x7F, 0x9F, 0xAB, 0x61, 0xA4, 0x85, 0x33, 0x9E, 0xFF, 0xFF, 0xDF, 0xD3,
    0xAB, 0x76, 0x04, 0x53, 0xDE, 0x05, 0xD0, 0xF7, 0xE1, 0x73, 0x68, 0xAA, 0x6A, 0xDE, 0xF7, 0xFA, 0xDF, 0xE3, 0xB3, 0x19, 0x86, 0x16, 0xA6, 0x42,
    0xC0, 0x71, 0x45, 0x01, 0x10, 0x5C, 0x10, 0x00, 0x04, 0x40, 0x30, 0xE1, 0x7A, 0x9E, 0xF7, 0xB7, 0x87, 0x76, 0xC7, 0x81, 0x68, 0x81, 0x24, 0x21,
    0x86, 0x74, 0x04, 0x92, 0x84, 0x20, 0xD4, 0x07, 0x6A, 0x18, 0x55, 0x55, 0x50, 0x74, 0x55, 0x15, 0x16, 0x41, 0x17, 0x55, 0x1D, 0x00, 0x10, 0x04,
    0x07, 0x56, 0x51, 0x58, 0x6C, 0xDB, 0x71, 0x1C, 0xC7, 0x71, 0x1C, 0xC7, 0x71, 0x1C, 0xC7, 0x71, 0x1C, 0xC7, 0x71, 0x1C, 0xC7, 0x71, 0x6C, 0xA7,
    0x9D, 0x48, 0x92, 0x24, 0x49, 0x92, 0x24, 0x99, 0xC6, 0x36, 0xD9, 0x75, 0xA2, 0xEB, 0xDB, 0xB6, 0xD8, 0xF2, 0x6D, 0x1C, 0xC7, 0x71, 0x1C, 0xC7,
    0xAF, 0x0D, 0x77, 0x02, 0x82, 0x20, 0xC8, 0x30, 0x0C, 0xC3, 0x00, 0x18, 0x9F, 0x36, 0x4D, 0xDD, 0x4B, 0xA6, 0xA9, 0xDD, 0x8A, 0xE4, 0xAE, 0x4D,
    0x93, 0xA6, 0x4D, 0xD3, 0x34, 0x4D, 0xD3, 0x34, 0x4D, 0x93, 0xC6, 0xDF, 0x69, 0xFB, 0xBE, 0xAF, 0x7D, 0xEF, 0xBC, 0xEF, 0xFB, 0xBE, 0xEF, 0xFB,
    0xA1, 0x15, 0x59, 0xEA, 0x9F, 0x9F, 0x07, 0x44, 0x83, 0x6B, 0xDE, 0xFF, 0x7F, 0x8F, 0x8B, 0xE1, 0xA9, 0xD2, 0x78, 0xDE, 0xFF, 0xFF, 0xDF, 0xE3,
    0xEB, 0x5A, 0x1D, 0xD1, 0xD9, 0x05, 0xD5, 0xA7, 0xE5, 0x21, 0x16, 0x9A, 0x2A, 0x8D, 0xF7, 0xF9, 0xDF, 0xE7, 0xAB, 0x1A, 0x86, 0x98, 0x35, 0x7B,
    0x00, 0x10, 0x04, 0x00, 0x70, 0x54, 0x17, 0x14, 0x1C, 0x07, 0xA4, 0xE5, 0x7D, 0xDE, 0xFF, 0x77, 0x87, 0xAE, 0xE7, 0xA8, 0x95, 0x11, 0xCB, 0x7A,
    0x68, 0x3F, 0x42, 0x6C, 0x79, 0xB3, 0x51, 0x04, 0x45, 0x15, 0x75, 0x45, 0x01, 0x74, 0x55, 0x94, 0x76, 0x51, 0xD5, 0x55, 0x51, 0x15, 0x16, 0x01,
    0xC0, 0x71, 0x45, 0x58, 0x1C, 0xC7, 0x71, 0x1C, 0xC7, 0x71, 0x1C, 0xC7, 0x71, 0x1C, 0xC7, 0x71, 0x1C, 0xC7, 0x71, 0x1C, 0xC7, 0x71, 0x6C, 0xB7,
    0x9E, 0x48, 0x92, 0x24, 0x49, 0x92, 0x24, 0x99, 0xC6, 0x76, 0xDA, 0x75, 0xA2, 0xEC, 0xF3, 0x36, 0xF9, 0xF2, 0x6F, 0x1C, 0xC7, 0x71, 0x1C, 0xC7,
    0x71, 0x6C, 0xEF, 0xC8, 0x80, 0x20, 0xC3, 0x30, 0x0C, 0xC3, 0x20, 0x20, 0x9E, 0xE8, 0x3D, 0x5E, 0xDA, 0xF2, 0x6F, 0x4A, 0xA6, 0x30, 0x37, 0x69,
    0xD3, 0xF3, 0x4C, 0xD3, 0x34, 0x4D, 0xD3, 0x34, 0x4D, 0x8F, 0xC6, 0xFB, 0x7C, 0xBD, 0xDF, 0xFC, 0x5E, 0xA7, 0x69, 0xBB, 0xF3, 0xBE, 0xEF, 0xFB,
    0x16, 0x24, 0x61, 0x61, 0x9F, 0xD3, 0xD5, 0x04, 0x56, 0xD8, 0x99, 0xFF, 0x7F, 0xBE, 0x86, 0x58, 0x68, 0xAA, 0x2B, 0xDE, 0xEB, 0xFD, 0xFF, 0xF7,
    0xF4, 0xFA, 0x1D, 0xD1, 0xC7, 0x05, 0x11, 0x04, 0xF6, 0x61, 0xA8, 0xAA, 0xEB, 0xBA, 0xE2, 0xFD, 0xDF, 0xE3, 0xAB, 0x19, 0x86, 0xD8, 0xD9, 0xAF,
    0x53, 0x00, 0x00, 0x41, 0x50, 0x61, 0x55, 0x14, 0x61, 0x07, 0xC4, 0xE5, 0xEB, 0xD9, 0xFF, 0x77, 0xA9, 0x45, 0x62, 0x87, 0x20, 0xC1, 0x21, 0x21,
    0x90, 0x64, 0x00, 0x07, 0x52, 0x8A, 0x14, 0x05, 0x5D, 0x55, 0x55, 0x5D, 0x14, 0x16, 0x05, 0x81, 0x76, 0x51, 0x54, 0x44, 0x5D, 0x55, 0x55, 0x1D,
    0x00, 0x10, 0x5D, 0x18, 0x0D, 0xCB, 0x71, 0x1C, 0xC7, 0x71, 0x1C, 0xC7, 0x71, 0x1C, 0xC7, 0x71, 0x1C, 0xC7, 0x71, 0x1C, 0xC7, 0x71, 0x1C, 0xBF,
    0xA2, 0x48, 0x92, 0x24, 0x49, 0x92, 0x24, 0x99, 0xBE, 0x76, 0xDB, 0x89, 0xE4, 0xEB, 0xF3, 0x76, 0x9A, 0xFA, 0xFB, 0x1B, 0xC7, 0x71, 0x1C, 0xC7,
    0x71, 0xFC, 0xEE, 0x08, 0x82, 0x0C, 0xC3, 0x30, 0x0C, 0xC3, 0x20, 0x20, 0x5E, 0xD7, 0x3D, 0x2D, 0x7F, 0xEF, 0x3E, 0xCF, 0xFB, 0xFE, 0xA3, 0x79,
    0x53, 0xA7, 0x75, 0xDD, 0xA4, 0x4D, 0xDA, 0x34, 0x4D, 0xD3, 0x24, 0x92, 0x64, 0x4A, 0x92, 0xA9, 0x28, 0x7A, 0x9A, 0x77, 0xF3, 0xBE, 0xEF, 0xFB,
    0x61, 0x88, 0x61, 0x98, 0xFA, 0xE3, 0x9C, 0x47, 0x43, 0x90, 0xB6, 0xFE, 0x7F, 0x7E, 0x86, 0x61, 0x68, 0xAA, 0x2B, 0x9D, 0xF7, 0xFF, 0xDF, 0xF7,
    0x39, 0xBE, 0x56, 0xD1, 0x39, 0x1D, 0x57, 0xB5, 0xF6, 0x13, 0x16, 0x86, 0xAA, 0xBA, 0xF7, 0xFF, 0xFF, 0xEB, 0xF9, 0x3C, 0xCF, 0xEA, 0xBC, 0x82,
    0xDF, 0x74, 0x04, 0xD4, 0x75, 0x1C, 0x18, 0x75, 0x1C, 0x47, 0xF4, 0xE5, 0x67, 0x74, 0xFE, 0x37, 0x82, 0xA0, 0xA5, 0x24, 0x49, 0x08, 0x10, 0x00,
    0xC1, 0x01, 0x04, 0x92, 0x24, 0x89, 0x55, 0x55, 0x55, 0x55, 0x55, 0x1D, 0xC7, 0x01, 0x1D, 0x54, 0xA7, 0x5D, 0x11, 0x10, 0x54, 0x15, 0x45, 0x5D,
    0x10, 0x10, 0x1C, 0x17, 0x2D, 0xC7, 0x71, 0x1C, 0xC7, 0x71, 0x1C, 0xC7, 0x71, 0x1C, 0xC7, 0x71, 0x1C, 0xC7, 0x71, 0x1C, 0xC7, 0x71, 0x1C, 0xDB,
    0xA2, 0x48, 0x92, 0x24, 0x49, 0x92, 0x24, 0x99, 0xA6, 0x6D, 0xEB, 0x89, 0x24, 0xEF, 0xDB, 0xF0, 0x4B, 0xF2, 0x7C, 0x1B, 0xC7, 0x71, 0x1C, 0xC7,
    0x71, 0xFC, 0xEE, 0xDA, 0x80, 0x20, 0xC3, 0x30, 0x0C, 0xC3, 0x20, 0x20, 0xDE, 0xF4, 0x78, 0x7B, 0x9A, 0x92, 0xE9, 0x6D, 0xA6, 0xBE, 0x37, 0x79,
    0x9D, 0xD7, 0x69, 0xDA, 0xF4, 0x3C, 0xD3, 0x33, 0x75, 0x1E, 0x99, 0xA6, 0xA6, 0x29, 0xA6, 0x72, 0x7B, 0xFB, 0x3C, 0xCF, 0xFB, 0xBE, 0xEF, 0xFB,
    0xE1, 0xA9, 0x86, 0x56, 0xD8, 0xE3, 0xE0, 0x9A, 0x23, 0xDA, 0xC5, 0xF5, 0x7F, 0x3E, 0x8B, 0x61, 0x38, 0xAB, 0x2A, 0x9D, 0xFF, 0xFF, 0xDF, 0xE7,
    0x79, 0x9E, 0xE7, 0x39, 0x1D, 0x1C, 0x18, 0xB7, 0xF6, 0xAA, 0xA7, 0xC2, 0x7D, 0xDE, 0xFF, 0xFD, 0xFF, 0xFF, 0x7D, 0x4E, 0x9B, 0x21, 0xA6, 0x82,
    0xDC, 0x87, 0x1D, 0xD4, 0x75, 0x04, 0x41, 0x00, 0x04, 0x87, 0xC6, 0xD1, 0xB8, 0xA6, 0xF5, 0x63, 0x20, 0xB1, 0xA5, 0x24, 0x49, 0x12, 0x82, 0x18,
    0xC1, 0x61, 0x48, 0x92, 0x24, 0x75, 0x51, 0x55, 0x55, 0x55, 0x75, 0x05, 0xC0, 0x51, 0x61, 0xC7, 0x01, 0x51, 0xD7, 0x01, 0x40, 0x18, 0x76, 0x61,
    0x54, 0x00, 0x00, 0x07, 0x6D, 0xBF, 0x71, 0x1C, 0xC7, 0x71, 0x1C, 0xC7, 0x71, 0x1C, 0xC7, 0x71, 0x1C, 0xC7, 0x71, 0x1C, 0xC7, 0x71, 0x1C, 0xDB,
    0xA2, 0x98, 0xA6, 0x29, 0x99, 0xA6, 0x6D, 0x9A, 0xB6, 0x72, 0xEA, 0xA5, 0x29, 0xEF, 0xDB, 0xB1, 0x2D, 0xA6, 0xBC, 0xFD, 0xC6, 0x71, 0x1C, 0xC7,
    0x71, 0x1C, 0xDB, 0xA3, 0x34, 0x20, 0xC3, 0x30, 0x0C, 0xC3, 0x20, 0x20, 0x9E, 0x36, 0xF2, 0x3B, 0x9C, 0xA6, 0x6F, 0x4B, 0xA6, 0xFE, 0xFD, 0x4C,
    0xDA, 0x34, 0x69, 0x93, 0xE6, 0x89, 0xAE, 0x5C, 0xDF, 0xBC, 0xEF, 0xF3, 0xFB, 0x6D, 0xEF, 0x7B, 0x1C, 0xDB, 0x6F, 0x9B, 0xF2, 0xBE, 0xEF, 0xFB,
    0x79, 0xBE, 0x8A, 0x21, 0xB6, 0xF7, 0x74, 0x9F, 0x1F, 0x5A, 0xF5, 0xE1, 0x7F, 0x1E, 0x85, 0x21, 0x14, 0x61, 0xA1, 0x66, 0xAA, 0xF3, 0xBE, 0xE7,
    0xEA, 0x9A, 0xEB, 0xFE, 0x18, 0x54, 0x17, 0x47, 0xC3, 0x90, 0x15, 0xAA, 0x3D, 0xDE, 0xF7, 0xF9, 0xFF, 0xFF, 0x39, 0xBD, 0xAA, 0x61, 0x18, 0x8E,
    0x9F, 0x76, 0x1C, 0x15, 0x85, 0x41, 0x01, 0x00, 0x04, 0xD0, 0x87, 0x81, 0x7D, 0x8E, 0xFF, 0xA3, 0xD4, 0x4B, 0x92, 0x24, 0x49, 0x92, 0x34, 0x49,
    0x92, 0x24, 0x49, 0x92, 0x24, 0x21, 0x07, 0x46, 0x55, 0x15, 0x75, 0x51, 0x07, 0x16, 0x41, 0xD7, 0x11, 0x04, 0x17, 0x15, 0x00, 0xC7, 0x71, 0x1C,
    0x01, 0x00, 0x00, 0x81, 0x6D, 0xBF, 0x71, 0x1C, 0xC7, 0x71, 0x1C, 0xC7, 0x71, 0x1C, 0xC7, 0x71, 0x1C, 0xC7, 0x71, 0x1C, 0xC7, 0x71, 0x1C, 0xDB,
    0xA2, 0xE8, 0xFB, 0xFC, 0xBB, 0xEF, 0x36, 0xEF, 0xFB, 0xBE, 0x9C, 0xDA, 0xB1, 0xCD, 0xDB, 0xAF, 0xDD, 0xA6, 0xFE, 0xFE, 0xC6, 0x71, 0x1C, 0xC7,
    0x71, 0x1C, 0xDB, 0xA2, 0xA8, 0x09, 0xC2, 0x20, 0x0C, 0x83, 0x20, 0x20, 0x5D, 0x67, 0xC6, 0xED, 0x5E, 0xEF, 0x3C, 0x6F, 0xEF, 0xBC, 0xBF, 0x8F,
    0xA4, 0x98, 0xF2, 0xB6, 0xCD, 0xF3, 0xBB, 0xDD, 0xA6, 0x32, 0xCF, 0xBF, 0xEF, 0x1B, 0xB7, 0xA9, 0x6D, 0xC7, 0xB6, 0x1D, 0xF3, 0xBE, 0xEF, 0xFB,
    0x5A, 0xA8, 0x8A, 0x1A, 0x26, 0xE6, 0x38, 0x9D, 0x1F, 0x01, 0xF4, 0xD1, 0xFF, 0xC8, 0x1D, 0x98, 0x75, 0x1C, 0x58, 0x04, 0x85, 0x16, 0x74, 0x58,
    0x58, 0x34, 0x85, 0x96, 0x75, 0x44, 0xDA, 0x87, 0xCF, 0x07, 0x14, 0x9A, 0x78, 0xDE, 0xF7, 0xFD, 0xFF, 0xFF, 0x7D, 0xBE, 0xAE, 0x6A, 0x18, 0x9E,
    0x10, 0x14, 0x1D, 0x54, 0x75, 0x45, 0x51, 0x74, 0x1C, 0x98, 0x76, 0xAD, 0xF9, 0xFF, 0xFF, 0x6C, 0x59, 0x4B, 0x92, 0x24, 0x49, 0x92, 0x34, 0x49,
    0x12, 0x4D, 0x4A, 0x92, 0x24, 0x21, 0x07, 0x46, 0x51, 0x55, 0x15, 0x45, 0xD7, 0x15, 0x01, 0x07, 0x14, 0x00, 0x41, 0x00, 0x00, 0x00, 0x00, 0x00,
    0x00, 0x70, 0x40, 0x90, 0x6C, 0xC7, 0x71, 0x1C, 0xC7, 0x71, 0x1C, 0xC7, 0x71, 0x1C, 0xC7, 0x71, 0x1C, 0xC7, 0x71, 0x1C, 0xC7, 0x71, 0xFC, 0xDA,
    0x62, 0xE7, 0xF3, 0x6F, 0xFC, 0xB6, 0xEF, 0xBB, 0xDB, 0xBC, 0x7F, 0x7B, 0x24, 0x79, 0xEF, 0x6F, 0x6C, 0xFB, 0xBE, 0xFD, 0xC6, 0x71, 0x1C, 0xC7,
    0x71, 0x1C, 0xDB, 0x22, 0xD9, 0x8A, 0x08, 0x32, 0x08, 0x83, 0x10, 0x20, 0xDE, 0x34, 0xF2, 0xBE, 0xEF, 0xFB, 0xBC, 0xCF, 0xF3, 0xBE, 0xCF, 0xF3,
    0xFC, 0x6E, 0xB7, 0x69, 0x4A, 0x92, 0x24, 0x29, 0x92, 0x24, 0xC9, 0xFB, 0xFC, 0xBE, 0xF3, 0x32, 0x2F, 0xB7, 0xB2, 0xCC, 0xFB, 0xBE, 0xEF, 0xFB,
    0x11, 0x04, 0x75, 0xD0, 0x34, 0x75, 0x64, 0xDE, 0x43, 0xC0, 0x14, 0x9D, 0xF8, 0x8A, 0x43, 0x9E, 0x1A, 0x5A, 0x56, 0x88, 0x4D, 0x22, 0x66, 0x61,
    0x61, 0x78, 0x84, 0x61, 0x18, 0x1C, 0xDF, 0xA7, 0xEB, 0xA1, 0x15, 0xAA, 0x73, 0xDE, 0xEB, 0xF8, 0xFF, 0xFF, 0x7F, 0x9E, 0xE3, 0xB4, 0x8A, 0x83,
    0x07, 0x75, 0x45, 0x54, 0x55, 0x55, 0x14, 0x06, 0x41, 0xD4, 0xA1, 0xE5, 0x79, 0xFE, 0xFF, 0x6C, 0xCD, 0x22, 0x92, 0x24, 0x49, 0x12, 0x02, 0x49,
    0xD2, 0x88, 0x4B, 0x92, 0x24, 0x21, 0x41, 0x84, 0x61, 0x14, 0x76, 0x00, 0x14, 0x76, 0x00, 0xC0, 0x11, 0x00, 0x00, 0x00, 0x1C, 0xC7, 0x71, 0x04,
    0x41, 0x84, 0x51, 0x10, 0x6C, 0xC7, 0x71, 0x1C, 0xC7, 0x71, 0x1C, 0xC7, 0x71, 0x1C, 0xC7, 0x71, 0x1C, 0xC7, 0x71, 0x1C, 0xBF, 0x6F, 0xFC, 0xDA,
    0xA2, 0xC7, 0xBF, 0x71, 0x1C, 0xB7, 0x6F, 0xFC, 0xBE, 0x2F, 0xDF, 0x8A, 0xA4, 0xC8, 0xEF, 0x6D, 0xFC, 0xDE, 0xBE, 0xFD, 0xC6, 0x71, 0x1C, 0xC7,
    0x71, 0x1C, 0xC7, 0x31, 0xCF, 0xF3, 0xB6, 0x28, 0x75, 0x5E, 0xD7, 0x91, 0x3E, 0xCF, 0xF3, 0xFC, 0xFE, 0xB6, 0x6D, 0x6C, 0xC7, 0xED, 0xDB, 0xBE,
    0x71, 0x9A, 0x92, 0x24, 0x49, 0x92, 0x24, 0x49, 0x92, 0x24, 0xD9, 0x9A, 0xA6, 0xE8, 0x89, 0x9D, 0xD6, 0x69, 0x62, 0xED, 0xFB, 0xBE, 0xEF, 0xFB,
    0xE1, 0x21, 0xD1, 0x9F, 0x06, 0x6A, 0x87, 0x74, 0x72, 0x47, 0x74, 0xAC, 0xEB, 0xF7, 0x7D, 0x50, 0x18, 0x86, 0x61, 0x18, 0x5A, 0x5E, 0x18, 0x86,
    0x61, 0x18, 0x4E, 0xB3, 0x19, 0x4C, 0xE7, 0xA7, 0xF7, 0x6A, 0x18, 0x86, 0x23, 0x4D, 0xD3, 0xFD, 0xFF, 0xFF, 0x7F, 0x9F, 0xE7, 0xEA, 0x3E, 0x06,
    0xD1, 0x45, 0x55, 0x55, 0x55, 0x55, 0xD5, 0x05, 0x45, 0xD8, 0x31, 0xE5, 0x2B, 0xFE, 0xFF, 0x6C, 0xA9, 0x6B, 0x92, 0x24, 0x49, 0xD2, 0x11, 0x1C,
    0x92, 0x24, 0x49, 0x92, 0x24, 0x21, 0x00, 0xA4, 0x69, 0xD4, 0x15, 0x05, 0x41, 0x00, 0x00, 0xC1, 0x01, 0x41, 0xD1, 0x71, 0x60, 0xD8, 0x85, 0x45,
    0xD1, 0x55, 0x45, 0xC7, 0xB8, 0xBF, 0x71, 0x1C, 0xC7, 0x71, 0x1C, 0xC7, 0x71, 0x1C, 0xC7, 0x71, 0x1C, 0xBF, 0xEF, 0x1B, 0xEF, 0x7B, 0x1C, 0xDB,
    0xA6, 0x67, 0xDB, 0x71, 0x1C, 0xC7, 0x71, 0x1C, 0xC7, 0x31, 0xDC, 0x92, 0xA4, 0xC8, 0xF3, 0x6F, 0x1C, 0xC7, 0xFC, 0xFE, 0xC6, 0x71, 0x1C, 0xC7,
    0x71, 0x1C, 0xC7, 0x71, 0xFB, 0xBE, 0x6D, 0x2A, 0x21, 0x88, 0x24, 0x79, 0x76, 0xFC, 0xB6, 0x6D, 0x1C, 0xC7, 0x71, 0x1C, 0xC7, 0xB6, 0x6D, 0xB7,
    0xAD, 0x28, 0x92, 0x24, 0x49, 0x92, 0x24, 0x49, 0x92, 0x24, 0xE9, 0x89, 0xB2, 0x6C, 0xA6, 0xA9, 0x2B, 0xBB, 0xBC, 0xEF, 0xFB, 0xBE, 0xEF, 0xFB,
    0x16, 0x44, 0xF7, 0x2B, 0x74, 0x51, 0x87, 0x36, 0x8D, 0x41, 0x14, 0x69, 0x39, 0xC8, 0x81, 0x90, 0x68, 0xE6, 0xF8, 0xAA, 0x86, 0xA7, 0x1A, 0x86,
    0x61, 0x18, 0x5E, 0x33, 0x14, 0x7C, 0xDF, 0xF7, 0xEB, 0xB4, 0xAA, 0xAA, 0x7B, 0xAE, 0xFF, 0xFD, 0xFF, 0xFF, 0xFF, 0x8F, 0xE3, 0xB8, 0x6A, 0x1D,
    0x57, 0x55, 0x55, 0x55, 0x55, 0x55, 0x55, 0x55, 0x55, 0x57, 0xA4, 0xE5, 0x2B, 0xDE, 0xFF, 0x6C, 0x79, 0x97, 0x92, 0x24, 0x49, 0x92, 0x84, 0x1C,
    0x12, 0x82, 0x48, 0x92, 0x24, 0x21, 0xC0, 0xF1, 0x69, 0x54, 0x75, 0x1D, 0x00, 0x00, 0x00, 0xC7, 0xA7, 0x61, 0x58, 0x04, 0x5D, 0x54, 0x15, 0x1D,
    0xC7, 0x55, 0x55, 0x87, 0xB4, 0xBF, 0x71, 0x1C, 0xC7, 0x71, 0x1C, 0xC7, 0x71, 0x1C, 0xC7, 0xB1, 0xFD, 0xEE, 0xFC, 0xFD, 0xF2, 0x7C, 0x1C, 0xDB,
    0xA9, 0xD7, 0xDA, 0x71, 0x1C, 0xC7, 0x71, 0x1C, 0xC7, 0xB1, 0x9D, 0x8A, 0xA4, 0xC8, 0xFB, 0x71, 0x1C, 0xC7, 0x6F, 0x1C, 0xC7, 0x71, 0x1C, 0xC7,
    0x71, 0x1C, 0xC7, 0x6F, 0xFA, 0xC6, 0xB2, 0xDD, 0x4A, 0x08, 0x82, 0x20, 0xE5, 0x2E, 0xC7, 0x69, 0x1B, 0xC7, 0xAF, 0x1D, 0xC7, 0x69, 0x9A, 0x8A,
    0x24, 0x49, 0x92, 0x24, 0x49, 0x92, 0x24, 0x49, 0x92, 0x24, 0xC9, 0xFB, 0xFE, 0x6E, 0xDB, 0xF6, 0xBE, 0xBF, 0xBB, 0xEF, 0xFB, 0xBE, 0xEF, 0xFB,
    0x1F, 0xF8, 0x69, 0x01, 0x54, 0x55, 0x54, 0xA4, 0x69, 0x81, 0x76, 0x45, 0xF9, 0xA7, 0x71, 0xD1, 0x8A, 0xE3, 0x61, 0x18, 0x86, 0x33, 0x6E, 0x86,
    0x61, 0x18, 0x86, 0x79, 0x70, 0xAC, 0x1C, 0xF8, 0xD3, 0x6A, 0x18, 0xEE, 0xFD, 0xFF, 0xF7, 0xF9, 0xFF, 0xF7, 0xFF, 0xDF, 0xE3, 0xF9, 0xAC, 0x41,
    0x57, 0x55, 0x55, 0x55, 0x55, 0x55, 0x55, 0x55, 0x55, 0x55, 0xA4, 0xAD, 0x74, 0xAE, 0xFF, 0xF5, 0xCD, 0x22, 0x86, 0x24, 0x49, 0x92, 0x24, 0x49,
    0x92, 0x24, 0x49, 0x92, 0x24, 0x49, 0x01, 0xC0, 0x69, 0x54, 0x85, 0x45, 0xC0, 0x11, 0x1D, 0x50, 0x17, 0x41, 0x55, 0x14, 0x5D, 0xD4, 0x15, 0x01,
    0x41, 0x74, 0x55, 0xC7, 0xB4, 0xBF, 0x71, 0x1C, 0xC7, 0x71, 0x1C, 0xC7, 0xB6, 0x1D, 0xC7, 0xED, 0x7B, 0xF3, 0xBC, 0x1D, 0xBF, 0x6F, 0x1C, 0xDB,
    0xA9, 0xD7, 0xDA, 0x71, 0x1C, 0xC7, 0x71, 0x1C, 0xC7, 0xB1, 0x9D, 0x8A, 0xA4, 0x78, 0xFB, 0x71, 0x1C, 0xC7, 0x71, 0x1C, 0xC7, 0x71, 0x1C, 0xC7,
    0x71, 0x1C, 0xC7, 0x6F, 0xFA, 0xC6, 0xF1, 0x6B, 0xC3, 0x1D, 0x82, 0x20, 0x25, 0x4C, 0x92, 0x24, 0xF9, 0xDA, 0x76, 0xDB, 0x92, 0x22, 0x49, 0x92,
    0x24, 0x49, 0x92, 0x24, 0x49, 0x92, 0x24, 0x49, 0x92, 0x64, 0xCA, 0xDB, 0xF1, 0x1B, 0xC7, 0xF1, 0x1B, 0xB7, 0xAE, 0xEF, 0xFB, 0xBE, 0xEF, 0xFB,
    0xD3, 0x77, 0x1D, 0x01, 0x75, 0x45, 0x11, 0xA5, 0x61, 0x81, 0xF6, 0x69, 0xBA, 0x87, 0x69, 0x13, 0xAD, 0x86, 0x58, 0x38, 0x8A, 0xB8, 0x1A, 0x86,
    0x61, 0x38, 0x9A, 0xF9, 0x71, 0x7C, 0xDA, 0xFA, 0xE7, 0x6B, 0x68, 0x85, 0x78, 0xDE, 0xF7, 0xF9, 0xDF, 0xE7, 0xFD, 0xDF, 0xE7, 0x79, 0xAE, 0x41,
    0x57, 0x55, 0x55, 0x55, 0x55, 0x55, 0x55, 0x55, 0x55, 0x57, 0xA4, 0xAD, 0x78, 0x9F, 0xFF, 0x2C, 0xCA, 0x22, 0x92, 0x24, 0x49, 0x92, 0x24, 0x49,
    0x92, 0x24, 0x49, 0x92, 0x24, 0x49, 0x10, 0x70, 0x5C, 0x17, 0x06, 0x01, 0x40, 0x84, 0x45, 0x91, 0x07, 0x01, 0xD0, 0x11, 0x44, 0x55, 0x45, 0x05,
    0x07, 0x46, 0x55, 0x87, 0xB4, 0xC7, 0xF1, 0xFB, 0xC6, 0x71, 0x1C, 0xBF, 0x3B, 0x9F, 0xA6, 0x64, 0x1B, 0xC7, 0xEF, 0x1B, 0xC7, 0x71, 0x1C, 0xC7,
    0xB1, 0xD8, 0xDA, 0x71, 0x1C, 0xC7, 0x71, 0x1C, 0xC7, 0xF6, 0xDB, 0x92, 0x24, 0x79, 0xEF, 0x6F, 0x1C, 0xC7, 0x71, 0x1C, 0xC7, 0x71, 0x1C, 0xC7,
    0x71, 0x1C, 0xC7, 0x6F, 0xFA, 0xC6, 0x71, 0xFC, 0xDA, 0x71, 0x87, 0x20, 0xA5, 0x27, 0x92, 0x24, 0x99, 0xA6, 0xA9, 0x48, 0x92, 0x24, 0x49, 0x92,
    0x24, 0x49, 0x92, 0x24, 0x49, 0x92, 0x24, 0x99, 0xA6, 0x71, 0xCC, 0xEF, 0xED, 0xFB, 0xBE, 0xEF, 0xFB, 0xC6, 0x2D, 0xEF, 0xFB, 0xBE, 0xEF, 0xF3,
    0x10, 0x56, 0x1D, 0xC7, 0x15, 0x05, 0x00, 0x85, 0x69, 0xC1, 0xB4, 0x72, 0x39, 0x88, 0x71, 0x9E, 0xBE, 0xAA, 0x27, 0xDE, 0xCF, 0x33, 0x4D, 0xE3,
    0x38, 0x8E, 0xAB, 0x3D, 0x74, 0x60, 0x1D, 0xFE, 0xF7, 0xB4, 0x1A, 0x86, 0x79, 0xDE, 0xF7, 0xF9, 0x9F, 0xD3, 0x6B, 0xDE, 0xE7, 0x7D, 0x0F, 0x46,
    0x57, 0x55, 0x55, 0x55, 0x55, 0x55, 0x55, 0x55, 0x55, 0x15, 0xA5, 0xAD, 0x78, 0xDE, 0xFF, 0xAC, 0xC7, 0x22, 0x92, 0x24, 0x49, 0x92, 0x24, 0x49,
    0x92, 0x24, 0x49, 0x92, 0x24, 0x49, 0xD7, 0x71, 0x04, 0x41, 0x00, 0x04, 0xD1, 0x45, 0x55, 0x55, 0x17, 0x1D, 0xD5, 0x71, 0x54, 0x15, 0x85, 0x1D,
    0x07, 0x46, 0x5D, 0x10, 0xF4, 0xBE, 0xB1, 0x6D, 0xC7, 0xAF, 0xCD, 0xDB, 0xAD, 0xCC, 0xFB, 0xB7, 0xD8, 0xDA, 0x71, 0x1C, 0xC7, 0x71, 0x1C, 0xC7,
    0xB1, 0xD8, 0xDA, 0x71, 0x1C, 0xC7, 0x71, 0x1C, 0xB7, 0xED, 0xFE, 0x92, 0xA4, 0xC8, 0xF3, 0x6F, 0x1C, 0xC7, 0x71, 0x1C, 0xC7, 0x71, 0x1C, 0xC7,
    0x71, 0x1C, 0xC7, 0x6F, 0xFA, 0xC6, 0x71, 0x1C, 0xC7, 0xB2, 0x2D, 0x22, 0xA2, 0x48, 0x92, 0x24, 0x49, 0x92, 0x22, 0x49, 0x92, 0x24, 0x49, 0x92,
    0x24, 0x49, 0x92, 0x24, 0x49, 0xA6, 0xED, 0x6B, 0xC7, 0x71, 0xEC, 0xFB, 0xFC, 0xBE, 0xEF, 0xFB, 0xBE, 0xEF, 0xB7, 0xEF, 0xFB, 0x3E, 0xCF, 0xDF,
    0x13, 0x16, 0x41, 0xD0, 0x11, 0x41, 0xD2, 0x01, 0x69, 0x11, 0xB4, 0x5E, 0xEB, 0xF9, 0x9D, 0x5F, 0x8F, 0xD3, 0x2B, 0x8D, 0xCF, 0x39, 0x8E, 0xE3,
    0x38, 0x3E, 0xCF, 0xF8, 0x71, 0x40, 0x27, 0xFE, 0xF7, 0x39, 0xAD, 0xCE, 0xF9, 0xBE, 0xEB, 0x7F, 0x0E, 0x7E, 0xDF, 0x4A, 0xE7, 0xF8, 0xBE, 0x46,
    0x51, 0x54, 0x55, 0x55, 0x55, 0x55, 0x55, 0x55, 0x55, 0x54, 0xA4, 0xD1, 0x79, 0xFE, 0xFF, 0x6C, 0xC9, 0x22, 0x92, 0x24, 0x49, 0x92, 0x24, 0x49,
    0x92, 0x24, 0x49, 0x92, 0x24, 0x49, 0xD4, 0x01, 0x05, 0x00, 0x10, 0x50, 0x17, 0x55, 0x55, 0x15, 0x76, 0x5D, 0x18, 0x04, 0x5D, 0x54, 0x55, 0x45,
    0x51, 0x45, 0x5D, 0x91, 0x94, 0xB6, 0xBC, 0xCF, 0xC7, 0x71, 0x6C, 0xC7, 0x6F, 0xEB, 0xFF, 0xBB, 0xF8, 0xDA, 0x71, 0x1C, 0xC7, 0x71, 0x6C, 0xBF,
    0xB1, 0xD8, 0xDA, 0x71, 0x1C, 0xC3, 0x6D, 0x2A, 0xDF, 0x37, 0x2F, 0x93, 0xA4, 0xC8, 0xFB, 0xB6, 0xFD, 0xBE, 0x6F, 0x6C, 0xDB, 0x76, 0x1C, 0xC7,
    0x71, 0x6C, 0xC7, 0x6F, 0xFA, 0xC6, 0x71, 0x1C, 0xC7, 0x71, 0x6C, 0x8B, 0x65, 0x4A, 0x92, 0x24, 0x49, 0x92, 0x24, 0x49, 0x92, 0x24, 0x49, 0x92,
    0x24, 0x49, 0x92, 0x24, 0xD9, 0xC2, 0x71, 0x1C, 0xC7, 0xB6, 0xCD, 0xF3, 0x3C, 0xCF, 0xF3, 0x3C, 0xCF, 0xF3, 0x3C, 0xCF, 0xDF, 0xF7, 0x7D, 0xDF,
    0x34, 0x85, 0x51, 0xC7, 0x71, 0x8C, 0x12, 0x20, 0xE1, 0xD2, 0x11, 0x1D, 0x2B, 0xBD, 0x82, 0xFA, 0x9F, 0xE7, 0x2B, 0x3E, 0xCF, 0x7D, 0x8E, 0xE3,
    0x79, 0x3E, 0xE7, 0x5E, 0x00, 0x69, 0x67, 0xDE, 0xD3, 0xAA, 0x39, 0x9A, 0xB3, 0x4A, 0xF7, 0x38, 0xB8, 0x6D, 0x1F, 0x08, 0xAE, 0x74, 0xBE, 0x6A,
    0x13, 0x15, 0x45, 0xD7, 0x55, 0x55, 0x55, 0x55, 0x55, 0x18, 0xA6, 0xD1, 0x7D, 0xFF, 0xEB, 0xEB, 0x79, 0x7A, 0xDE, 0x38, 0xD2, 0xA5, 0x24, 0x69,
    0x92, 0x24, 0x49, 0x9A, 0xD4, 0x69, 0x14, 0xC4, 0x55, 0xD1, 0x71, 0x60, 0x54, 0x55, 0x55, 0x15, 0x55, 0x51, 0x57, 0x04, 0x5D, 0x55, 0x55, 0x55,
    0x55, 0x55, 0x55, 0x91, 0x46, 0xC6, 0xFB, 0x1E, 0xC7, 0x71, 0x1C, 0xC7, 0xF1, 0xEB, 0xFF, 0x3C, 0x99, 0xC6, 0x71, 0x1C, 0xC7, 0xF6, 0xDB, 0xDA,
    0x75, 0x1D, 0xC7, 0x71, 0xFC, 0xBE, 0xFC, 0xCD, 0xEF, 0x77, 0xDC, 0x92, 0x24, 0x79, 0xDF, 0x69, 0x2B, 0xB7, 0x6D, 0xDB, 0xB6, 0x6D, 0x6B, 0xDB,
    0xF6, 0xDB, 0xDA, 0x6D, 0x1A, 0xC7, 0x71, 0x1C, 0xC7, 0x71, 0x1C, 0xEF, 0x36, 0x49, 0x92, 0x24, 0x49, 0x92, 0x24, 0x49, 0x92, 0x24, 0x49, 0x92,
    0x69, 0x9A, 0x92, 0x62, 0xBB, 0xEF, 0xB6, 0x7D, 0xF3, 0x7C, 0xED, 0xBA, 0x28, 0xCB, 0xB2, 0xAE, 0x8B, 0xB2, 0x28, 0x7B, 0xDF, 0x37, 0xCF, 0xF3,
    0x3D, 0x5D, 0x61, 0xD1, 0x71, 0x54, 0x11, 0xC4, 0xE5, 0xD2, 0x11, 0x40, 0x2B, 0xBE, 0x7A, 0xFD, 0xDF, 0xF7, 0xFD, 0x3E, 0xFF, 0xFF, 0xDF, 0xF7,
    0x7D, 0x9E, 0xF7, 0x10, 0x10, 0x69, 0x60, 0x8F, 0x6F, 0x20, 0x08, 0xAE, 0x2B, 0xF8, 0x7D, 0x9B, 0xB3, 0x6D, 0xDB, 0xB6, 0x7D, 0xE0, 0x07, 0xE2,
    0xEB, 0xFA, 0x69, 0x10, 0x14, 0x51, 0x55, 0x75, 0x5D, 0x11, 0xF6, 0xE5, 0x39, 0x7D, 0x7E, 0x5A, 0x74, 0x1C, 0xC7, 0x71, 0x7C, 0xAB, 0xF6, 0x8D,
    0xDA, 0x77, 0xD2, 0x38, 0xDE, 0xD3, 0x11, 0x85, 0x69, 0x58, 0x04, 0x5D, 0x55, 0x55, 0x55, 0x55, 0x55, 0x55, 0x55, 0x55, 0x55, 0x55, 0x55, 0x55,
    0x55, 0x55, 0x55, 0x91, 0x46, 0xA6, 0x30, 0x1C, 0xC7, 0x71, 0x1C, 0xC7, 0xF1, 0xEB, 0xFB, 0x7E, 0x4A, 0xDA, 0xF1, 0x0B, 0xA7, 0x69, 0x5A, 0xBA,
    0x35, 0x6F, 0xC7, 0xF1, 0x1B, 0xDF, 0xB6, 0x1D, 0xB7, 0xED, 0xDB, 0x8A, 0xE9, 0xEB, 0xF3, 0xAE, 0xCB, 0xF3, 0xBC, 0xDB, 0xCA, 0x72, 0x9B, 0xA6,
    0xA9, 0x2D, 0xA7, 0x24, 0xD9, 0xB6, 0x76, 0x1C, 0xC7, 0x71, 0x1C, 0xC7, 0x2F, 0x49, 0x92, 0x24, 0x49, 0x92, 0x24, 0x49, 0x92, 0x24, 0xD9, 0xD6,
    0xBE, 0xEF, 0xF3, 0x6C, 0xCD, 0xF3, 0xF5, 0x5D, 0xA3, 0xAE, 0xEB, 0xA2, 0x28, 0x8A, 0xA2, 0x28, 0x8A, 0xA2, 0x28, 0xEA, 0xA2, 0xA8, 0xEB, 0xBA,
    0x7D, 0x4F, 0x4B, 0x53, 0x05, 0x41, 0xD1, 0x0A, 0x82, 0xD2, 0x11, 0x7D, 0x6B, 0xBF, 0xAE, 0x7A, 0x8E, 0xE7, 0xB9, 0x8A, 0xE7, 0x39, 0x8D, 0xE3,
    0x2B, 0x9E, 0xE3, 0x52, 0x70, 0x7D, 0x2B, 0x0E, 0x7E, 0xDF, 0xF7, 0x71, 0xDB, 0xF7, 0x7D, 0xDB, 0xB6, 0x6D, 0xCE, 0xE6, 0x6C, 0xDB, 0x06, 0x7E,
    0x9A, 0xF6, 0x7D, 0x1C, 0x17, 0x45, 0x54, 0x14, 0x45, 0x11, 0x04, 0x7D, 0xE0, 0xD7, 0x5D, 0xC7, 0x21, 0x75, 0xDA, 0xA4, 0x1D, 0x40, 0x10, 0x40,
    0xC7, 0x51, 0x5D, 0x47, 0x04, 0x9E, 0x58, 0xA4, 0x61, 0x11, 0x04, 0x5D, 0x55, 0x55, 0x55, 0x55, 0x55, 0x55, 0x55, 0x55, 0x51, 0x55, 0x55, 0x55,
    0x55, 0x55, 0x55, 0x94, 0x96, 0x92, 0x69, 0x1C, 0xC7, 0x71, 0x1C, 0xC7, 0x71, 0xEB, 0xFB, 0xBE, 0x4C, 0xC6, 0xF6, 0x8B, 0xBA, 0x2E, 0x5A, 0xBB,
    0xEE, 0xCD, 0xDF, 0x37, 0xCF, 0xDF, 0xB5, 0x6D, 0xDB, 0xF6, 0x2E, 0xB7, 0x36, 0x7F, 0xDF, 0xB5, 0x7B, 0xDF, 0xF7, 0xCD, 0xDF, 0x3C, 0xEF, 0xF2,
    0xF5, 0xED, 0xF3, 0x37, 0xCF, 0xCB, 0xED, 0x1B, 0xC7, 0x71, 0x1C, 0xC7, 0x2F, 0x49, 0xA6, 0x69, 0x7A, 0xF3, 0x7C, 0x9B, 0x92, 0xE9, 0xCD, 0xF3,
    0x77, 0x5D, 0xDF, 0xF7, 0x7D, 0xDF, 0xF7, 0x7D, 0xDF, 0x37, 0x5F, 0xD7, 0x75, 0x5D, 0xD7, 0x6E, 0xED, 0xD6, 0x37, 0xCB, 0xDE, 0x2C, 0x5B, 0xBB,
    0x2B, 0x4D, 0xD3, 0xDC, 0x34, 0x71, 0xE0, 0xC7, 0x81, 0xCF, 0xA1, 0xAD, 0x6B, 0xBF, 0x82, 0x20, 0xF8, 0x81, 0xE0, 0x07, 0x7E, 0x1C, 0xF7, 0x71,
    0xDC, 0x07, 0x82, 0x0F, 0xE4, 0x81, 0x6B, 0xBE, 0x6D, 0xDF, 0xF7, 0x7D, 0xDF, 0xF7, 0x7D, 0xDF, 0xB6, 0x39, 0xDB, 0xE6, 0x2C, 0x8B, 0xB3, 0x6D,
    0x1C, 0x87, 0x79, 0x2B, 0x4D, 0x9F, 0x5E, 0x37, 0x41, 0x54, 0x74, 0x40, 0x57, 0x05, 0x1D, 0x10, 0xBD, 0x7E, 0xDF, 0x07, 0x7E, 0x10, 0x84, 0x00,
    0x00, 0x00, 0x04, 0xC7, 0x48, 0xE3, 0xF4, 0xC7, 0x7D, 0xDD, 0x71, 0x40, 0x15, 0x15, 0x51, 0x55, 0x54, 0x55, 0x57, 0x14, 0x5D, 0x55, 0x55, 0x55,
    0x55, 0x55, 0x55, 0xD1, 0x94, 0x92, 0x64, 0x6B, 0xC7, 0x71, 0x1C, 0xDB, 0x2D, 0xC9, 0xF3, 0xFB, 0xEE, 0xDE, 0xF7, 0x7D, 0xDF, 0x3C, 0x7F, 0xDF,
    0xF7, 0x7D, 0xDF, 0x77, 0x5D, 0xBB, 0xF7, 0xCD, 0xDF, 0x3C, 0xCF, 0xF3, 0xF7, 0x7D, 0xDF, 0xF7, 0x7D, 0xDF, 0xF7, 0x7D, 0xDF, 0xF7, 0xCD, 0xF3,
    0xF7, 0x7D, 0xF3, 0xB7, 0xEF, 0xFB, 0x7C, 0xDB, 0xDA, 0x76, 0x1C, 0xC7, 0xB7, 0xCC, 0xFB, 0xBE, 0xEF, 0xFB, 0x3E, 0xCF, 0xDF, 0xFC, 0xED, 0xD6,
    0x77, 0x5D, 0xBB, 0xEE, 0x7D, 0xDF, 0x75, 0x7D, 0xF3, 0xF7, 0x7D, 0xF3, 0x3C, 0xCF, 0xF3, 0x3C, 0x7F, 0xDF, 0xF7, 0x7D, 0xF3, 0xFC, 0xCD, 0xDF,
    0xDB, 0xB6, 0x6D, 0x1F, 0x08, 0x7E, 0xDB, 0xB6, 0x6D, 0x99, 0x76, 0xE6, 0x7D, 0xBE, 0x6D, 0xDB, 0xB6, 0x6D, 0xDB, 0xB6, 0x7D, 0xDF, 0xB7, 0x7D,
    0xDF, 0xF7, 0x81, 0x18, 0xB6, 0xAE, 0x78, 0xBE, 0x6D, 0xDF, 0xF7, 0x7D, 0xDB, 0xB6, 0x7D, 0xDB, 0xB6, 0x6D, 0xDB, 0xE6, 0x38, 0x8E, 0x92, 0x38,
    0x89, 0x92, 0x34, 0x5B, 0xB6, 0x6D, 0x1B, 0x08, 0x82, 0xE0, 0xF9, 0x71, 0x5D, 0x04, 0x8D, 0xEB, 0xBA, 0x7E, 0x1F, 0x08, 0xAE, 0x38, 0x9E, 0x4B,
    0x41, 0x10, 0x04, 0x1D, 0xFE, 0x71, 0xDF, 0x8A, 0x83, 0xDF, 0xE7, 0x69, 0xA0, 0x06, 0x45, 0xD0, 0x11, 0x5D, 0xD1, 0x71, 0x44, 0x54, 0x55, 0x55,
    0x55, 0x55, 0x61, 0x10, 0x94, 0x92, 0x64, 0x6A, 0xC7, 0xB1, 0x1D, 0xB7, 0x24, 0xCA, 0xBF, 0xEE, 0x7D, 0xDF, 0xF7, 0x7D, 0xDF, 0xF7, 0x7D, 0xD7,
    0xAE, 0xEB, 0xD6, 0x2C, 0x8A, 0xA2, 0xEE, 0x7D, 0xDF, 0xF7, 0x7D, 0xDF, 0xF7, 0x7D, 0xDF, 0x37, 0x7F, 0xDF, 0xF7, 0x7D, 0xDF, 0xF7, 0x7D, 0xDF,
    0xF7, 0x7D, 0xBB, 0x6C, 0xCD, 0xD6, 0xAE, 0x5B, 0xDF, 0xFC, 0x8D, 0xB2, 0x3C, 0x7F, 0xDF, 0xF7, 0x7D, 0xDF, 0xF7, 0x7D, 0xDF, 0xF7, 0x7D, 0xDF,
    0xF7, 0x7D, 0xDF, 0xF7, 0x7D, 0xD7, 0x2E, 0x8A, 0xA2, 0x28, 0xCA, 0xB2, 0x6C, 0x7D, 0xDF, 0x77, 0x7D, 0xDF, 0xF7, 0x7D, 0xDF, 0xF7, 0x7D, 0xBB,
    0xDF, 0xB6, 0x71, 0xDB, 0xB6, 0x6D, 0xDB, 0xB6, 0x6D, 0xE0, 0x9A, 0xFF, 0x39, 0xF8, 0x7D, 0xDF, 0xB6, 0x6D, 0xDB, 0xB6, 0x81, 0xDF, 0xB6, 0x7D,
    0xDF, 0xF7, 0x7D, 0xDF, 0x47, 0xF7, 0xF4, 0xF7, 0x7D, 0xDF, 0xF7, 0x7D, 0xDF, 0xB7, 0x6D, 0xDB, 0xB6, 0x6D, 0x99, 0xE3, 0x38, 0x8E, 0xE3, 0x38,
    0x8B, 0x92, 0x10, 0x44, 0x42, 0x10, 0x49, 0xA2, 0x28, 0x4D, 0xB3, 0x6D, 0xDB, 0xC7, 0x6D, 0xDB, 0xB6, 0x81, 0x20, 0xB8, 0xAE, 0x20, 0x08, 0xD2,
    0x38, 0xDE, 0xE3, 0xEB, 0xBA, 0x9E, 0xE0, 0x8A, 0x7B, 0x50, 0x75, 0x71, 0x1C, 0x07, 0x82, 0xDA, 0x34, 0x61, 0xC7, 0x51, 0x4D, 0x18, 0x45, 0x5D,
    0x15, 0x55, 0x41, 0x07, 0x36, 0x96, 0x24, 0xF9, 0xDA, 0x6D, 0x9A, 0x92, 0x2D, 0x8A, 0xA2, 0x28, 0xEA, 0xD6, 0x35, 0x5F, 0xD7, 0x75, 0x5D, 0xDF,
    0x75, 0xED, 0xBA, 0xAE, 0xEB, 0xBA, 0x28, 0x8A, 0xBA, 0xEE, 0x7D, 0xD7, 0x7C, 0x5D, 0xF3, 0xB7, 0xEB, 0xA2, 0xAC, 0x8B, 0xB2, 0xF7, 0x7D, 0xF3,
    0xB5, 0x7B, 0xB3, 0xAC, 0xCB, 0xB2, 0x2E, 0xEB, 0xDE, 0x2E, 0xEA, 0xB2, 0x6E, 0x8D, 0xA2, 0xA8, 0xEB, 0xDE, 0xAE, 0x7B, 0xF3, 0xB7, 0x7B, 0xDF,
    0xF7, 0x7D, 0xDF, 0xF7, 0x7D, 0xF3, 0x77, 0xED, 0xBA, 0x2E, 0x8B, 0xA2, 0x28, 0x8A, 0xA2, 0x28, 0xEB, 0xBA, 0xFC, 0xED, 0xBA, 0x6C, 0x7D, 0xDF,
    0xDB, 0xB6, 0x6D, 0xDB, 0xB6, 0x6D, 0xDB, 0xB6, 0x6D, 0xDB, 0x06, 0x82, 0xDB, 0xB6, 0x6D, 0xDB, 0xB6, 0x6D, 0xDB, 0xB6, 0x6D, 0xDB, 0x07, 0x6E,
    0xDB, 0xB6, 0x6D, 0xDF, 0x07, 0xAE, 0xDF, 0xB6, 0x6D, 0xDB, 0xB6, 0x65, 0x59, 0xE6, 0x28, 0x89, 0xE2, 0x28, 0x89, 0xA2, 0x28, 0x8A, 0xE2, 0x38,
    0x8E, 0xE3, 0x38, 0x8C, 0xA3, 0x28, 0x8A, 0x92, 0x24, 0x4A, 0xA2, 0x2C, 0x8B, 0xC3, 0x28, 0x8C, 0xE3, 0x38, 0x8E, 0xE3, 0x38, 0x8D, 0xE3, 0x38,
    0xDB, 0xB6, 0x6D, 0xCD, 0xB6, 0x6D, 0xDB, 0x07, 0xAE, 0xEB, 0x79, 0x82, 0xE7, 0xB9, 0xE2, 0x38, 0xBE, 0x7E, 0x1A, 0xD7, 0x71, 0x1D, 0x56, 0x41,
    0x07, 0x74, 0x61, 0xD8, 0xE5, 0x91, 0x24, 0x49, 0x92, 0x64, 0x5A, 0xD7, 0x7C, 0x5D, 0xD7, 0x75, 0x7D, 0xDF, 0xF7, 0x7D, 0xDF, 0xF7, 0x7D, 0xDF,
    0x37, 0x7F, 0xDF, 0x3C, 0xCF, 0xF3, 0xF7, 0x5D, 0xBB, 0xF5, 0x8D, 0xA2, 0xB5, 0x7B, 0xDF, 0x2C, 0x8B, 0xBA, 0x77, 0x7D, 0xBB, 0x28, 0x5A, 0xD7,
    0xA8, 0x5B, 0xA3, 0xF5, 0x8D, 0xB2, 0x2E, 0x5A, 0xDF, 0x28, 0xCA, 0xA2, 0xF5, 0xED, 0xD6, 0xAE, 0x7B, 0xD7, 0x28, 0xCB, 0xA2, 0x2E, 0x5A, 0x96,
    0x25, 0x5A, 0xA2, 0x28, 0x8A, 0xA2, 0xAE, 0xEB, 0xD6, 0x37, 0xEB, 0xD6, 0x28, 0x8A, 0xBA, 0x28, 0xCB, 0xB2, 0x2C, 0xCB, 0xB2, 0xA8, 0x7B, 0xDF,
    0x4E, 0xA2, 0x6C, 0xDB, 0xB6, 0x39, 0xDB, 0xB6, 0x6D, 0x8D, 0xE2, 0x38, 0xDB, 0xB6, 0x6D, 0xDB, 0xB6, 0x6D, 0x8E, 0x42, 0x10, 0x49, 0xD3, 0x38,
    0xDB, 0xB6, 0x39, 0x4E, 0xE3, 0x64, 0x8D, 0x92, 0x24, 0x49, 0x92, 0x10, 0x04, 0x41, 0x10, 0x04, 0x41, 0x10, 0x04, 0x41, 0x10, 0x44, 0x92, 0x24,
    0x49, 0x92, 0x24, 0x8A, 0xE3, 0x30, 0x8E, 0xE3, 0x38, 0x8E, 0xE3, 0x38, 0x8C, 0xE3, 0x30, 0x8B, 0xE3, 0x38, 0x8E, 0xC2, 0x24, 0x8A, 0x92, 0x24,
    0x49, 0x42, 0x10, 0x44, 0x42, 0x10, 0x44, 0x92, 0x28, 0x4D, 0xD6, 0x34, 0xDB, 0xB6, 0xAD, 0xF4, 0x4A, 0xD3, 0x79, 0x4E, 0x9F, 0x20, 0x0D, 0x4E,
    0x1D, 0x08, 0x82, 0x1D, 0x26, 0xA6, 0x69, 0x8A, 0xA2, 0x37, 0xCF, 0xF3, 0x3C, 0xCF, 0xF3, 0x3C, 0xCF, 0xDF, 0xF7, 0x7D, 0xDF, 0xF7, 0x7D, 0xDF,
    0x77, 0x5D, 0xBB, 0xB7, 0xEB, 0xBA, 0xAE, 0x8B, 0xA2, 0x68, 0x8D, 0xA2, 0x28, 0xEB, 0xA2, 0xA8, 0x8B, 0xA2, 0x35, 0x7F, 0xA3, 0x2E, 0x8B, 0xA2,
    0xA8, 0xEB, 0xB2, 0x2C, 0x8A, 0xA2, 0x28, 0x8A, 0xA2, 0x28, 0x8A, 0xA2, 0x28, 0x8A, 0xA2, 0x28, 0x8A, 0xA2, 0x68, 0x89, 0x96, 0x65, 0x59, 0x96,
    0x65, 0x59, 0x96, 0x65, 0x59, 0x96, 0x65, 0x29, 0x96, 0x65, 0x29, 0x96, 0xA5, 0x28, 0x96, 0x65, 0x59, 0x96, 0x65, 0x59, 0x96, 0x65, 0x89, 0xA2,
    0x5B, 0x93, 0x28, 0xDB, 0xF6, 0x6D, 0x5B, 0xE6, 0x38, 0x09, 0xC1, 0x30, 0x8E, 0xB3, 0x6D, 0xDB, 0x96, 0x39, 0x09, 0x41, 0x10, 0x04, 0x41, 0x28,
    0x8C, 0xE3, 0x24, 0x04, 0xA1, 0x10, 0x04, 0x41, 0x10, 0x04, 0x91, 0x10, 0x04, 0x41, 0x10, 0x04, 0x41, 0x10, 0x04, 0x41, 0x28, 0xCC, 0x42, 0x10,
    0x04, 0x41, 0x10, 0x04, 0x91, 0x24, 0x0C, 0xC3, 0x30, 0x4A, 0xA2, 0x24, 0x0C, 0xA3, 0x24, 0x8D, 0xB3, 0x24, 0x0A, 0x93, 0x10, 0x04, 0x41, 0x10,
    0x04, 0x41, 0x10, 0x04, 0x41, 0x10, 0x04, 0x41, 0x10, 0x04, 0x41, 0x10, 0x04, 0x41, 0x24, 0x89, 0xD2, 0x24, 0x4D, 0xD3, 0x34, 0x4D, 0xD3, 0x64,
    0xCD, 0xB6, 0x39, 0x4B, 0xF3, 0x3C, 0xCF, 0x93, 0x65, 0xDC, 0x0A, 0x9E, 0x65, 0x59, 0xA2, 0x28, 0x5A, 0xDF, 0x37, 0x5F, 0xBB, 0xB7, 0xEB, 0xA2,
    0x2C, 0x8A, 0xA2, 0x28, 0x8A, 0xA2, 0x28, 0x8A, 0xA2, 0x28, 0x8A, 0xA2, 0x28, 0x8A, 0xA2, 0x28, 0xCA, 0xA2, 0x28, 0x8A, 0xA2, 0x2C, 0x8A, 0xD6,
    0xAE, 0x7B, 0xDF, 0xF7, 0xED, 0xA2, 0x2C, 0xCB, 0xB2, 0x68, 0xCD, 0xA2, 0x28, 0x8A, 0xA2, 0xA8, 0x8B, 0xA2, 0x28, 0x8A, 0xA2, 0x28, 0x8A, 0xA2,
    0x28, 0x8A, 0xA2, 0x28, 0x8A, 0xA2, 0x28, 0x5A, 0x96, 0x65, 0x89, 0xA2, 0x28, 0x5A, 0x96, 0x25, 0x5A, 0xA2, 0x65, 0x59, 0x96, 0x65, 0x29, 0x96,
    0x9B, 0xE3, 0x30, 0x8E, 0xB3, 0x6D, 0x9B, 0xA3, 0x28, 0xC4, 0xB6, 0x39, 0x0C, 0xC3, 0x28, 0x8C, 0x93, 0x24, 0x89, 0xE2, 0x30, 0x4E, 0xA2, 0x30,
    0xC9, 0xC2, 0x28, 0x44, 0xB3, 0x31, 0x49, 0x42, 0x10, 0x44, 0x92, 0x24, 0xC9, 0xE2, 0x38, 0x4C, 0xA2, 0x30, 0x89, 0xE3, 0x30, 0x4C, 0x92, 0x38,
    0x49, 0x92, 0x24, 0x49, 0x92, 0x30, 0x0C, 0xC3, 0x30, 0x0C, 0xA3, 0x28, 0x8C, 0xA3, 0x34, 0x1B, 0xC3, 0x30, 0x0E, 0xC3, 0x30, 0x0C, 0xC3, 0x30,
    0x8E, 0xE3, 0x38, 0x8E, 0x92, 0x24, 0x49, 0xE2, 0x28, 0x45, 0xB6, 0x25, 0x49, 0x42, 0x10, 0x44, 0x92, 0x24, 0x89, 0xA2, 0x2C, 0x09, 0xA1, 0x24,
    0xC9, 0xB2, 0x24, 0x49, 0xD3, 0x10, 0x04, 0x41, 0x10, 0xC4, 0xB2, 0x2C, 0x8A, 0xA2, 0x34, 0x4D, 0xD3, 0x6C, 0x1B, 0xC7, 0x79, 0x9E, 0x47, 0xB6,
    0x2C, 0xCB, 0xA2, 0x28, 0x8A, 0xA2, 0xAE, 0x8B, 0xBA, 0x28, 0xEA, 0xBA, 0x6E, 0x7D, 0xD7, 0xF7, 0x7D, 0xDF, 0xB5, 0xEB, 0xBA, 0x2E, 0x8B, 0xDE,
    0x75, 0xCD, 0xF3, 0x3C, 0xCF, 0xF3, 0x3C, 0x7F, 0xBB, 0x35, 0x7F, 0xBB, 0x2E, 0x8A, 0xA2, 0xAE, 0xEB, 0xBA, 0xF5, 0x7D, 0xDF, 0x75, 0x7D, 0xD7,
    0x77, 0xED, 0xBA, 0xAE, 0xEB, 0xBA, 0xAE, 0xEB, 0xBA, 0x28, 0x8A, 0xB2, 0x2E, 0xEB, 0xD6, 0x2E, 0x8A, 0xDE, 0xB7, 0x8B, 0xA2, 0x28, 0x8A, 0x96,
    0x0E, 0xA3, 0x28, 0x8A, 0x92, 0x28, 0x8A, 0xB2, 0x28, 0xCA, 0xB6, 0x6D, 0x8C, 0x92, 0x10, 0x89, 0xC2, 0x2C, 0x0A, 0xC3, 0x30, 0x0C, 0xC3, 0x30,
    0x0C, 0xE3, 0x28, 0xC4, 0xF6, 0x65, 0x8B, 0x92, 0x24, 0x8A, 0xC3, 0x2C, 0x8C, 0xA2, 0x28, 0xCA, 0xA2, 0x28, 0xCC, 0xA2, 0x38, 0x8C, 0xA2, 0x30,
    0x8C, 0xE3, 0x30, 0x8C, 0xC3, 0x30, 0x0C, 0xC3, 0x38, 0x8E, 0xE3, 0x38, 0x8E, 0xE3, 0x38, 0x8A, 0xC3, 0x30, 0x0E, 0xE3, 0x38, 0x0E, 0xE3, 0x30,
    0x0C, 0xA3, 0x28, 0x8A, 0xB2, 0x2C, 0x8B, 0xC2, 0x24, 0xCF, 0xB7, 0x39, 0x8B, 0x42, 0x10, 0x0A, 0xE3, 0x28, 0x8A, 0xE3, 0x38, 0x8E, 0xC3, 0x38,
    0x0E, 0xE3, 0x24, 0x4F, 0xF6, 0x34, 0x4B, 0x92, 0x10, 0xCB, 0xB2, 0x2C, 0xCB, 0xB2, 0x2C, 0xCB, 0xB2, 0x24, 0x4B, 0xA2, 0x2C, 0xCB, 0xE2, 0x38,
    0x8E, 0xF3, 0x3C, 0x19, 0xB7, 0x8A, 0x65, 0x59, 0x96, 0x28, 0x8A, 0xBA, 0xAE, 0xEB, 0xDE, 0xFC, 0xCD, 0xF3, 0x37, 0xCF, 0xF3, 0xFC, 0x7D, 0xDF,
    0xF7, 0x7D, 0xDF, 0x77, 0x7D, 0xDF, 0xF7, 0x7D, 0xDF, 0xFC, 0x7D, 0xDF, 0xB7, 0x8B, 0xBA, 0xF7, 0x7D, 0xDF, 0xF7, 0x7D, 0xDF, 0xF7, 0x7D, 0xDF,
    0xF7, 0xCD, 0xF3, 0x3C, 0xCF, 0xF3, 0xF7, 0xCD, 0xDF, 0x75, 0xED, 0xD6, 0x77, 0x7D, 0xDF, 0x77, 0x7D, 0xDF, 0xF7, 0x7D, 0xD7, 0x2C, 0xEA, 0xDE,
    0x8C, 0x92, 0x10, 0x04, 0x91, 0x10, 0x04, 0x41, 0x24, 0x49, 0x42, 0x10, 0x04, 0x41, 0x10, 0x04, 0x91, 0x24, 0x89, 0xE2, 0x30, 0x0C, 0xC3, 0x30,
    0x0C, 0xC3, 0x30, 0xCC, 0xB2, 0x30, 0x4B, 0xA2, 0x30, 0x09, 0x43, 0x10, 0x04, 0x41, 0x10, 0x04, 0x41, 0x10, 0x04, 0x41, 0x24, 0x8A, 0xA3, 0x30,
    0x0C, 0xC3, 0x38, 0x8E, 0xC3, 0x30, 0x8C, 0xC3, 0x30, 0x8E, 0xA2, 0x38, 0x0A, 0x91, 0x24, 0x49, 0x42, 0x10, 0x89, 0x92, 0x24, 0x49, 0x92, 0x28,
    0x4C, 0x42, 0x10, 0x04, 0x41, 0x10, 0x04, 0x41, 0x24, 0x49, 0x42, 0x10, 0x04, 0x41, 0x10, 0x44, 0x92, 0x24, 0x09, 0xC3, 0x30, 0x0C, 0xC3, 0x30,
    0x0C, 0xC3, 0x30, 0xCC, 0xC2, 0x38, 0x4A, 0xE2, 0x28, 0x8A, 0x42, 0x10, 0x04, 0x41, 0x10, 0x04, 0x41, 0x10, 0x09, 0x41, 0x24, 0x8E, 0xA2, 0x2C,
    0xCB, 0xB2, 0x38, 0x8E, 0xE3, 0x38, 0xCD, 0xD3, 0x3C, 0xD9, 0x96, 0x49, 0x92, 0xE6, 0x79, 0xDE, 0x28, 0x96, 0x28, 0xCB, 0xB2, 0x6E, 0x5D, 0xD7,
    0x37, 0x8B, 0xA2, 0xA8, 0x8B, 0xA2, 0x28, 0xEA, 0xBA, 0x2E, 0x8B, 0xA2, 0x28, 0x8A, 0xA2, 0xA8, 0xEB, 0xBA, 0xF5, 0x7D, 0xDF, 0xF7, 0x7D, 0xDF,
    0xF7, 0x7D, 0xDF, 0xF7, 0x7D, 0xDF, 0x6E, 0x7D, 0xD7, 0xBC, 0x8B, 0xA2, 0x28, 0x8A, 0xA2, 0x28, 0x8A, 0xA2, 0x2E, 0xEA, 0xD6, 0x77, 0x7D, 0xDF,
    0x8C, 0x42, 0x10, 0x04, 0x41, 0x10, 0x04, 0x41, 0x10, 0x04, 0x41, 0x10, 0x04, 0x41, 0x10, 0x04, 0x41, 0x10, 0x09, 0x91, 0x10, 0x89, 0xA2, 0x28,
    0x8B, 0xC2, 0x30, 0x0C, 0xC3, 0x30, 0x8E, 0xB3, 0x30, 0x4A, 0x42, 0x10, 0x04, 0x41, 0x10, 0x04, 0x41, 0x10, 0x04, 0x41, 0x24, 0x8A, 0x92, 0x28,
    0x8A, 0xE2, 0x38, 0x0E, 0xA3, 0x28, 0x8A, 0x92, 0x10, 0x09, 0x41, 0x10, 0x04, 0x41, 0x10, 0x09, 0x41, 0x10, 0x04, 0x41, 0x10, 0x04, 0x91, 0x28,
    0x4B, 0x42, 0x24, 0x04, 0x41, 0x10, 0x04, 0x41, 0x10, 0x04, 0x41, 0x10, 0x04, 0x41, 0x10, 0x04, 0x41, 0x24, 0x44, 0x92, 0x10, 0x8A, 0xA2, 0x28,
    0xCA, 0xC2, 0x30, 0x0C, 0xC3, 0x30, 0xCE, 0xB2, 0x30, 0x09, 0x41, 0x10, 0x04, 0x41, 0x10, 0x04, 0x41, 0x10, 0x04, 0x41, 0x24, 0x4A, 0xA2, 0x2C,
    0x0A, 0xD3, 0x38, 0x8E, 0xA2, 0x28, 0x8A, 0x42, 0x10, 0x8B, 0xE3, 0x28, 0x4A, 0x93, 0x65, 0x4D, 0xF6, 0x3C, 0x99, 0x94, 0x69, 0x5C, 0xD7, 0x79,
    0x63, 0x89, 0xA2, 0xA8, 0xCB, 0xB2, 0x2E, 0xEA, 0xA2, 0xA8, 0x8B, 0xA2, 0x28, 0x8A, 0xA2, 0x28, 0xCA, 0xBA, 0x6C, 0x8D, 0xBA, 0xF7, 0x7D, 0xDF,
    0xF7, 0x7D, 0xDF, 0xF7, 0x7D, 0xDF, 0xFC, 0x7D, 0xDF, 0x2E, 0x8B, 0xA2, 0x2C, 0xCA, 0xA2, 0x28, 0x8A, 0xA2, 0x28, 0xCA, 0xA2, 0x6E, 0x7D, 0xDF,
    0x09, 0x41, 0x10, 0x04, 0x41, 0x10, 0x09, 0x41, 0x24, 0x04, 0x91, 0x24, 0x09, 0x91, 0x24, 0x09, 0x41, 0x10, 0x44, 0x92, 0x10, 0x04, 0x41, 0x24,
    0x8A, 0xC2, 0x30, 0x0C, 0xC3, 0x30, 0x89, 0xB2, 0x39, 0x0B, 0xC3, 0x30, 0xCC, 0x92, 0x38, 0x04, 0x41, 0x24, 0x49, 0x92, 0x24, 0x04, 0xA1, 0x28,
    0x8A, 0x92, 0x10, 0x89, 0x92, 0x10, 0x04, 0x41, 0x10, 0x04, 0x41, 0x24, 0x09, 0x41, 0x10, 0x04, 0x41, 0x24, 0x89, 0x92, 0x10, 0x49, 0x92, 0x24,
    0x04, 0x41, 0x24, 0x04, 0x41, 0x10, 0x09, 0x41, 0x10, 0x04, 0x91, 0x24, 0x04, 0x91, 0x24, 0x09, 0x41, 0x10, 0x49, 0x92, 0x10, 0x04, 0x41, 0x24,
    0xCA, 0xC2, 0x30, 0x0C, 0xC3, 0x2C, 0x49, 0xB3, 0x39, 0x0B, 0xC3, 0x30, 0x8E, 0xA2, 0x28, 0x04, 0x91, 0x24, 0x49, 0x92, 0x24, 0x04, 0xA1, 0x28,
    0x8A, 0x42, 0x10, 0x4A, 0x42, 0x10, 0x04, 0x41, 0x10, 0x44, 0xB2, 0x30, 0x4C, 0x92, 0x28, 0x8E, 0xE3, 0x38, 0x4D, 0xD3, 0x6C, 0x4D, 0x51, 0x3C,
    0xCF, 0x93, 0x65, 0x4F, 0xA6, 0x69, 0x1C, 0xE7, 0x8D, 0xE3, 0x38, 0x8A, 0x25, 0x59, 0xA2, 0x28, 0x5A, 0x96, 0x28, 0xEA, 0xA2, 0x28, 0x8A, 0xBA,
    0xAC, 0xEB, 0xDE, 0xFC, 0xCD, 0xD7, 0x2E, 0xCF, 0xF3, 0x37, 0xCF, 0xF3, 0x77, 0xCD, 0xBB, 0x28, 0xEB, 0xBA, 0xAE, 0x5B, 0xB3, 0x28, 0x8A, 0xA2,
    0x8A, 0xA2, 0x2C, 0x09, 0xA1, 0x28, 0x8B, 0xB2, 0x30, 0x8A, 0xE2, 0x28, 0x49, 0xB2, 0x2C, 0x0C, 0xC3, 0x28, 0x8B, 0xC3, 0x38, 0x8A, 0xA2, 0x30,
    0xCE, 0xC2, 0x38, 0x0C, 0xC3, 0x38, 0x44, 0x02, 0x6E, 0x0E, 0xC3, 0x30, 0x0E, 0xC3, 0x30, 0x09, 0xC1, 0x38, 0x0E, 0xA3, 0x28, 0x8A, 0xC2, 0x30,
    0x8C, 0xA3, 0x28, 0x8E, 0xB3, 0x24, 0x8A, 0xB2, 0x2C, 0xCB, 0xC2, 0x38, 0x8E, 0xA2, 0x28, 0x89, 0xC2, 0x2C, 0x0E, 0xA3, 0x28, 0x8B, 0xA2, 0x28,
    0x8A, 0xA2, 0x2C, 0x44, 0xA2, 0x28, 0xCB, 0xB2, 0x2C, 0x8A, 0xE2, 0x24, 0x44, 0xC2, 0x2C, 0xCC, 0xC2, 0x28, 0x0C, 0xE3, 0x30, 0x8A, 0xA2, 0x38,
    0x8C, 0xE2, 0x30, 0x0C, 0xC3, 0x28, 0x44, 0xF6, 0x6D, 0x0E, 0xC3, 0x38, 0x0E, 0xE3, 0x28, 0x44, 0xE2, 0x38, 0x0E, 0xA3, 0x28, 0xCA, 0xC2, 0x30,
    0x0C, 0xA3, 0x30, 0x8E, 0x93, 0x24, 0xCA, 0xB2, 0x2C, 0x8B, 0xC2, 0x38, 0x4B, 0xA2, 0x24, 0xC9, 0xB2, 0x2C, 0xCB, 0xA2, 0x14, 0x45, 0x53, 0x14,
    0x4F, 0xD3, 0x34, 0xCD, 0xF3, 0x64, 0xCF, 0x93, 0x65, 0x59, 0x96, 0x3D, 0x99, 0xA6, 0x75, 0x9E, 0x37, 0x96, 0x25, 0x49, 0x96, 0x28, 0x8A, 0x96,
    0x28, 0x8A, 0xD6, 0xF5, 0xCD, 0xD7, 0xAE, 0xEF, 0xDF, 0x77, 0x5D, 0xD7, 0xA8, 0xEB, 0xB2, 0x6C, 0xCD, 0xDF, 0xF7, 0x5D, 0xD7, 0xF7, 0x5D, 0xD7,
    0x8E, 0x92, 0x38, 0x0C, 0xC3, 0x30, 0x8E, 0xC3, 0x30, 0x8E, 0xC3, 0x30, 0x8C, 0x42, 0x10, 0x84, 0xC3, 0x30, 0x8E, 0x92, 0x6C, 0x0E, 0xE3, 0x30,
    0x8C, 0xE2, 0x38, 0x0B, 0xC3, 0x2C, 0x8B, 0xE3, 0x38, 0x0E, 0xC3, 0x28, 0x89, 0xC2, 0x30, 0x0C, 0xC3, 0x30, 0x4E, 0x42, 0x28, 0x0C, 0xC3, 0x30,
    0x0C, 0xC3, 0x30, 0x49, 0xB2, 0x30, 0x0E, 0xC3, 0x30, 0x0C, 0xC3, 0x24, 0x8A, 0xE3, 0x30, 0x0C, 0xC3, 0x38, 0x8E, 0xE3, 0x38, 0x8E, 0xE3, 0x30,
    0x4C, 0xC2, 0x38, 0x0B, 0xC3, 0x38, 0x8E, 0xC3, 0x30, 0x8E, 0xB3, 0x2C, 0x4C, 0x42, 0x10, 0x89, 0xC3, 0x30, 0x4E, 0xD2, 0x6C, 0x8E, 0xC3, 0x30,
    0x8B, 0xE2, 0x30, 0x0C, 0xB3, 0x2C, 0x8B, 0xE3, 0x38, 0xCE, 0xC2, 0x24, 0x09, 0xC3, 0x30, 0x0C, 0xC3, 0x30, 0x0C, 0x91, 0x34, 0x0E, 0xC3, 0x30,
    0x0C, 0xE3, 0x28, 0x49, 0xC2, 0x30, 0x0E, 0xC3, 0x30, 0x8C, 0xA3, 0x24, 0x8E, 0xC3, 0x38, 0x0C, 0xE3, 0x38, 0x8E, 0x93, 0x65, 0xDB, 0xD3, 0x34,
    0x45, 0xF1, 0x3C, 0x4D, 0x93, 0x3D, 0xCF, 0xF3, 0x64, 0x4F, 0xF6, 0x3C, 0xD9, 0xF3, 0x64, 0x99, 0xE6, 0x79, 0x5E, 0xE7, 0x79, 0x9E, 0xE8, 0x69,
    0xDE, 0x58, 0x96, 0x65, 0x89, 0xBA, 0xAE, 0xEB, 0xA2, 0x65, 0x59, 0xA2, 0x6E, 0x8D, 0xBA, 0xAE, 0x7B, 0xF3, 0x35, 0xEA, 0xDE, 0x77, 0x7D, 0xBB,
    0x8C, 0xA2, 0x6C, 0x0B, 0xC3, 0x30, 0x8E, 0xC3, 0x30, 0x8B, 0xC2, 0x38, 0x0C, 0xA3, 0x28, 0x0A, 0xC3, 0x30, 0x0C, 0xA3, 0x38, 0x0A, 0x91, 0x38,
    0x49, 0xC2, 0x2C, 0x89, 0xE2, 0x28, 0x8A, 0xB3, 0x2C, 0x0B, 0xE3, 0x24, 0x89, 0xC3, 0x30, 0x0C, 0xC3, 0x30, 0x8C, 0xA2, 0x38, 0x0E, 0xC3, 0x30,
    0x0C, 0x93, 0x24, 0x8A, 0xC2, 0x30, 0x0C, 0xC3, 0x30, 0x0C, 0xC3, 0x10, 0xC9, 0xE6, 0x2C, 0x0C, 0xE3, 0x38, 0xCE, 0xB6, 0x39, 0x8E, 0xC3, 0x30,
    0x4C, 0xD2, 0x38, 0x0B, 0xC3, 0x38, 0x8E, 0xC3, 0x30, 0x8A, 0xE2, 0x30, 0x8C, 0xA2, 0x28, 0x0B, 0xC3, 0x30, 0x8C, 0xC2, 0x38, 0x09, 0xA1, 0x28,
    0xC9, 0xC2, 0x2C, 0x09, 0xE3, 0x24, 0x8E, 0xB3, 0x2C, 0x0B, 0xC3, 0x24, 0x0C, 0xC3, 0x30, 0x0C, 0xC3, 0x30, 0x8C, 0xE2, 0x38, 0x0C, 0xC3, 0x30,
    0x0C, 0x93, 0x24, 0x8A, 0xC2, 0x30, 0x0C, 0xC3, 0x30, 0x8C, 0xA3, 0x10, 0x8E, 0xB3, 0x30, 0x0C, 0xE3, 0x6C, 0x5B, 0xF6, 0x3C, 0xCD, 0xD3, 0x14,
    0x45, 0xF2, 0x3C, 0x4D, 0xB3, 0x35, 0x4D, 0x96, 0x3D, 0xCF, 0xF3, 0x64, 0x59, 0xA6, 0x69, 0xDA, 0xE8, 0x69, 0x5D, 0xE7, 0x75, 0x59, 0xD6, 0x75,
    0x5A, 0xD7, 0x75, 0x9D, 0x57, 0x96, 0x25, 0x59, 0x96, 0x9E, 0xE7, 0x91, 0x25, 0x5A, 0x96, 0x25, 0xCA, 0xB2, 0x77, 0x5D, 0xBB, 0x28, 0x8A, 0xA2,
    0x8C, 0xE3, 0x38, 0x0C, 0xC3, 0x38, 0x0C, 0xC3, 0x38, 0x49, 0xB2, 0x31, 0x0C, 0xC3, 0x30, 0x0C, 0xC3, 0x30, 0x0C, 0xC3, 0x30, 0x49, 0xA2, 0x30,
    0x8B, 0xE3, 0x38, 0x8E, 0xB3, 0x6D, 0xDB, 0xE6, 0x38, 0xCE, 0xE2, 0x38, 0x0C, 0xC3, 0x30, 0x0C, 0xC3, 0x30, 0x8C, 0xC3, 0x2C, 0x0C, 0xC3, 0x30,
    0x0C, 0xC3, 0x30, 0x8E, 0xB3, 0x30, 0xCC, 0xB2, 0x30, 0x0C, 0xC3, 0x30, 0x0C, 0xC3, 0x30, 0x8C, 0x92, 0x24, 0x49, 0x92, 0x24, 0x0A, 0xC3, 0x38,
    0x8E, 0xE3, 0x30, 0x0C, 0xE3, 0x30, 0x0C, 0xC3, 0x38, 0x49, 0xE3, 0x2C, 0x8C, 0xC3, 0x30, 0x0C, 0xC3, 0x30, 0x0C, 0xC3, 0x28, 0x49, 0xB2, 0x30,
    0x8C, 0xE3, 0x38, 0x8E, 0xB3, 0x6D, 0xDB, 0xE6, 0x38, 0xCE, 0xE2, 0x38, 0x0C, 0xC3, 0x30, 0x0C, 0xC3, 0x30, 0x8C, 0xC3, 0x2C, 0x0C, 0xC3, 0x30,
    0x0C, 0xC3, 0x30, 0x0E, 0xC3, 0x30, 0xCC, 0xC2, 0x30, 0x0C, 0xC3, 0x38, 0xCB, 0xC2, 0x30, 0xCB, 0x92, 0x24, 0x4C, 0x53, 0x14, 0x45, 0x51, 0x34,
    0xCF, 0xD3, 0x3C, 0xCF, 0xD3, 0x34, 0x4D, 0xD3, 0x14, 0x8F, 0x96, 0x3D, 0x99, 0xA6, 0x75, 0x9E, 0xE7, 0x71, 0x9A, 0xD6, 0x69, 0xD9, 0x93, 0x69,
    0x9E, 0xE7, 0x79, 0x1E, 0x59, 0x96, 0xE5, 0x58, 0x96, 0x9E, 0xE7, 0x69, 0xDE, 0xE8, 0x79, 0x64, 0x59, 0x96, 0x25, 0x5A, 0x96, 0x68, 0x89, 0xA2,
    0x8A, 0xA2, 0x28, 0x09, 0xA1, 0x28, 0x8A, 0x92, 0x24, 0x8A, 0xE3, 0x28, 0x8C, 0xC2, 0x2C, 0x09, 0xC3, 0x30, 0x0C, 0xC3, 0x30, 0x0C, 0xB3, 0x2C,
    0x8B, 0xE3, 0x38, 0x8E, 0xE3, 0x38, 0x8E, 0xE3, 0x38, 0x0E, 0xE3, 0x38, 0x0C, 0xC3, 0x2C, 0x0A, 0xC3, 0x30, 0x8C, 0xB2, 0x30, 0x4C, 0xB2, 0x30,
    0x0B, 0xE3, 0x30, 0x8A, 0xE3, 0x10, 0x84, 0xE3, 0x2C, 0x0C, 0xC3, 0x30, 0x0C, 0xC3, 0x30, 0x0C, 0xA3, 0x28, 0x4A, 0x42, 0x24, 0x4A, 0x92, 0x28,
    0x8A, 0xA2, 0x28, 0x44, 0xA2, 0x28, 0x8A, 0x92, 0x28, 0x8C, 0xA3, 0x30, 0x8B, 0xC2, 0x28, 0x09, 0xC3, 0x30, 0x0C, 0xC3, 0x30, 0xCE, 0xB2, 0x30,
    0x8C, 0xE3, 0x38, 0x8E, 0xE3, 0x38, 0x8E, 0xE3, 0x38, 0xCE, 0xE2, 0x38, 0x0C, 0xC3, 0x28, 0x0A, 0xC3, 0x30, 0x8A, 0xC2, 0x38, 0x4A, 0xC2, 0x30,
    0x8A, 0xE3, 0x30, 0x8A, 0x93, 0x10, 0xC9, 0xE6, 0x2C, 0x0C, 0xC3, 0x30, 0x8C, 0x93, 0x28, 0x8E, 0xD3, 0x30, 0x0C, 0xE3, 0x38, 0x49, 0x91, 0x34,
    0x0D, 0xC3, 0x34, 0x4D, 0xD3, 0x34, 0x4D, 0x53, 0x34, 0xCF, 0xF3, 0x3C, 0xCF, 0xF3, 0x3C, 0xD2, 0xF3, 0x3C, 0xCF, 0xF3, 0x64, 0x59, 0x96, 0x3D,
    0x99, 0xE6, 0x8D, 0x9E, 0xE7, 0x79, 0x9E, 0xE7, 0x79, 0x5D, 0xE7, 0x75, 0x9D, 0xE7, 0x69, 0x9D, 0x57, 0x92, 0xA5, 0x97, 0x79, 0x65, 0x89, 0x96,
    0x04, 0x41, 0x10, 0x04, 0x41, 0x10, 0x04, 0x41, 0x10, 0x49, 0x42, 0x24, 0x4E, 0xC2, 0x30, 0x0C, 0xC3, 0x30, 0x0C, 0xA3, 0x28, 0x0E, 0xA3, 0x38,
    0x8E, 0xE3, 0x38, 0x8B, 0xE3, 0x2C, 0xCB, 0xB2, 0x2C, 0x0B, 0xC3, 0x30, 0x8A, 0xC2, 0x10, 0xC4, 0xC2, 0x38, 0x49, 0xC2, 0x30, 0x0C, 0xC3, 0x30,
    0x8A, 0xE2, 0x30, 0x49, 0xE3, 0x24, 0x89, 0xE3, 0x2C, 0x0C, 0xC3, 0x30, 0x8A, 0xA2, 0x30, 0x8A, 0xA2, 0x28, 0x89, 0xC3, 0x28, 0x09, 0x41, 0x10,
    0x04, 0x41, 0x10, 0x04, 0x41, 0x10, 0x04, 0x41, 0x10, 0x49, 0x42, 0x28, 0x4A, 0xC2, 0x30, 0x0C, 0xC3, 0x30, 0x0C, 0xA3, 0x28, 0x8E, 0xE2, 0x38,
    0x8E, 0xE3, 0x38, 0x8B, 0xE3, 0x2C, 0xCB, 0xB2, 0x2C, 0x0C, 0xC3, 0x2C, 0x0A, 0x93, 0x10, 0x89, 0xC3, 0x30, 0x49, 0xC2, 0x30, 0x0C, 0xC3, 0x30,
    0x8A, 0xE3, 0x2C, 0x89, 0xC3, 0x10, 0x8A, 0xE3, 0x2C, 0x0C, 0xC3, 0x30, 0x8A, 0xA2, 0x38, 0x8E, 0xE3, 0x38, 0x0C, 0xD3, 0x34, 0x45, 0x92, 0x14,
    0x4D, 0xD3, 0x34, 0x4C, 0x93, 0x24, 0x4D, 0xB6, 0x6D, 0x4E, 0xD3, 0x6C, 0x4D, 0xD3, 0x34, 0x4D, 0xD3, 0x3C, 0xCF, 0xF3, 0x3C, 0x59, 0xA7, 0x65,
    0x9A, 0xA6, 0x69, 0x9E, 0xD7, 0x75, 0x5D, 0xD7, 0x75, 0x5D, 0xD7, 0x69, 0x5A, 0xD7, 0x69, 0x9A, 0x58, 0x96, 0xE5, 0xC8, 0x95, 0x25, 0x5A, 0x96,
};

// Golden Dome Watchtower (desert watchtower, golden dome, stone parapets)
static const uint16_t BG_STAGE_FORTRESS_PAL[64] PROGMEM = {
    0x9B2C, 0x82CC, 0x8A88, 0x6A8D, 0x8269, 0x6A6A, 0x5A4F, 0x5A4F,
    0x5A4D, 0x7A29, 0x6A07, 0x69C9, 0x61C8, 0x522E, 0x51EB, 0x59C9,
    0x49A9, 0x618A, 0x618A, 0x5188, 0x5969, 0x4968, 0x4966, 0x4947,
    0x4127, 0x4147, 0x4127, 0x3947, 0x3126, 0x3906, 0x3905, 0x3105,
    0x2906, 0x38E6, 0x3906, 0x3905, 0x38E6, 0x30E5, 0x30E5, 0x30E5,
    0x28E4, 0x28E5, 0x28C5, 0x28E5, 0x28C5, 0x28C5, 0x28C5, 0x28C5,
    0x28C4, 0x28A5, 0x20E5, 0x20C4, 0x20A4, 0x20A4, 0x20C5, 0x20C4,
    0x20A4, 0x10C5, 0x20A4, 0x1883, 0x1883, 0x0883, 0x1063, 0x0042,
};
static const uint8_t BG_STAGE_FORTRESS_PACKED[12288] PROGMEM = {
    0x52, 0x02, 0x00, 0x40, 0x90, 0x10, 0x44, 0x12, 0x51, 0x52, 0x54, 0x65, 0xD9, 0x06, 0x82, 0x79, 0x2F, 0x43, 0x10, 0x04, 0x41, 0xD0, 0x06, 0x82,
    0xDB, 0xB6, 0x2C, 0x54, 0x06, 0xD2, 0xDC, 0xB3, 0x10, 0x41, 0xB2, 0x3D, 0x44, 0x92, 0x2C, 0x1D, 0xAD, 0x77, 0x55, 0x06, 0xCA, 0x5C, 0x46, 0x45,
    0x0B, 0x41, 0x24, 0xC9, 0x42, 0x55, 0x15, 0x97, 0xE7, 0x32, 0x08, 0x82, 0x79, 0x9E, 0xE7, 0x32, 0x08, 0x82, 0x20, 0x08, 0x82, 0x5B, 0x96, 0x65,
    0x59, 0x96, 0x65, 0xDD, 0x28, 0x8A, 0xA2, 0x28, 0x8A, 0xA2, 0x28, 0x8A, 0xA2, 0x28, 0x8A, 0xA2, 0x28, 0x8A, 0x26, 0x00, 0x00, 0x00, 0xB0, 0xF3,
    0x7C, 0xFD, 0xA6, 0xA2, 0x58, 0x86, 0x38, 0xBC, 0xFF, 0xFF, 0xFF, 0xFF, 0x7F, 0x55, 0x5D, 0xD7, 0x55, 0x55, 0xD0, 0x53, 0x3D, 0xCF, 0xF3, 0x3C,
    0x57, 0x89, 0x5D, 0x5A, 0x28, 0x9A, 0xBA, 0x27, 0x08, 0x82, 0x20, 0x28, 0xCA, 0x64, 0x59, 0x29, 0xAD, 0xB2, 0xB4, 0x29, 0x9A, 0xA2, 0x28, 0x8A,
    0x62, 0x87, 0xFB, 0xFE, 0xDF, 0x62, 0x5D, 0x29, 0x8A, 0xA2, 0x28, 0x96, 0x9E, 0xA9, 0xA6, 0xA9, 0x99, 0xA6, 0xE2, 0xFB, 0xFF, 0xFF, 0xBF, 0x8B,
    0xE9, 0x9E, 0x8A, 0x6D, 0x7A, 0x9A, 0x69, 0x5A, 0x8A, 0xE5, 0xFF, 0xFF, 0xBF, 0x6F, 0x8A, 0x78, 0x1D, 0x9A, 0xA9, 0xA9, 0x7A, 0x82, 0x20, 0x08,
    0x0B, 0x41, 0x10, 0x44, 0x92, 0x24, 0x0B, 0x25, 0x2D, 0x51, 0x54, 0x65, 0x59, 0x06, 0x82, 0x79, 0x9F, 0x6F, 0x50, 0x55, 0x55, 0x4F, 0x26, 0x83,
    0x1B, 0x97, 0x45, 0x14, 0x55, 0x71, 0x5B, 0x05, 0x15, 0x44, 0xC4, 0x71, 0x13, 0x11, 0x2C, 0x3A, 0xEC, 0x31, 0x52, 0x06, 0xE6, 0x32, 0x08, 0x56,
    0x92, 0x54, 0x55, 0x55, 0x55, 0x65, 0x1B, 0x28, 0xE7, 0x39, 0x08, 0x82, 0x20, 0x08, 0x82, 0x20, 0x08, 0x82, 0x32, 0x08, 0x82, 0x20, 0x97, 0x65,
    0x59, 0x96, 0x65, 0xA6, 0x29, 0x8A, 0xA2, 0x28, 0x8A, 0xA2, 0x28, 0x8A, 0xA2, 0x28, 0x8A, 0xA2, 0x28, 0x8A, 0x26, 0x03, 0x00, 0x00, 0xB0, 0xF3,
    0x7C, 0xDD, 0xA6, 0xA2, 0x18, 0x6A, 0x38, 0xCC, 0xFF, 0xFF, 0xFF, 0xFF, 0x7F, 0x76, 0x5D, 0xD7, 0x55, 0x55, 0xD0, 0xF3, 0x3C, 0xCF, 0xF3, 0x3C,
    0x5A, 0xD7, 0x5D, 0x58, 0x27, 0x86, 0xAD, 0x27, 0x08, 0x8A, 0x32, 0x59, 0x96, 0x65, 0x79, 0xB4, 0xFB, 0xBA, 0xB4, 0xF6, 0x54, 0xA5, 0x28, 0x96,
    0x5A, 0xE7, 0xFF, 0x3B, 0x4D, 0xBF, 0x5D, 0x27, 0x96, 0x65, 0x69, 0x96, 0x57, 0x67, 0x8A, 0xA5, 0x99, 0x9A, 0x9D, 0xFA, 0xFF, 0xFF, 0xBF, 0x9B,
    0xEA, 0xCE, 0x9A, 0xAA, 0x59, 0x9A, 0xA9, 0x28, 0x8A, 0xDD, 0xFF, 0xFF, 0xBF, 0x9F, 0x9A, 0xBB, 0x2E, 0xA6, 0xA6, 0xD9, 0x5A, 0x82, 0x22, 0x08,
    0x51, 0x92, 0x10, 0x4C, 0xB6, 0x50, 0x52, 0x12, 0x45, 0x51, 0x44, 0x65, 0x59, 0x06, 0xE6, 0x19, 0x93, 0x2C, 0x54, 0x25, 0x49, 0xD4, 0xB2, 0x54,
    0x1B, 0x08, 0x6E, 0xE0, 0x13, 0x24, 0x52, 0x54, 0x51, 0x11, 0x95, 0x71, 0x60, 0x95, 0x2C, 0x18, 0xB6, 0x00, 0x00, 0x94, 0xC9, 0x3D, 0x57, 0x24,
    0x4B, 0x95, 0x65, 0xD1, 0x42, 0x65, 0xA0, 0x0C, 0xE6, 0xB9, 0x0C, 0x82, 0x20, 0x08, 0x82, 0x20, 0xB8, 0x65, 0xD9, 0x26, 0x83, 0x20, 0x08, 0x66,
    0x59, 0x96, 0x85, 0x6A, 0x29, 0x8A, 0xA2, 0x28, 0x8A, 0xA2, 0x28, 0x8A, 0xA2, 0x28, 0x8A, 0xA2, 0x28, 0x8A, 0x26, 0x06, 0x00, 0x00, 0xC0, 0xF3,
    0x7C, 0xDD, 0x9A, 0xA2, 0x18, 0x6A, 0x2C, 0xCB, 0xFB, 0xBE, 0xEF, 0xFB, 0xFE, 0x75, 0x5D, 0xD7, 0x75, 0x55, 0xCF, 0xF3, 0x3C, 0xCF, 0xF3, 0x3C,
    0x0F, 0x74, 0x5D, 0x98, 0x26, 0x8A, 0xAA, 0xA7, 0x58, 0x96, 0x65, 0x59, 0x96, 0x65, 0x79, 0xB4, 0xFB, 0xB6, 0x7A, 0xE6, 0x54, 0xA3, 0x28, 0x8A,
    0x98, 0xFE, 0xFB, 0x75, 0xFB, 0xD6, 0x5D, 0x68, 0x76, 0x9D, 0x77, 0x55, 0x59, 0xAA, 0x8A, 0xA2, 0x29, 0x8A, 0xA2, 0xB6, 0xFF, 0xFF, 0xCF, 0xA7,
    0x35, 0xDF, 0x9E, 0x35, 0x6B, 0x96, 0xA2, 0x28, 0x8A, 0x9A, 0xFE, 0xFF, 0xBF, 0xCF, 0xA6, 0xB8, 0x9E, 0xB2, 0xA6, 0x69, 0x29, 0x8A, 0x22, 0x08,
    0xC9, 0x12, 0x25, 0x85, 0xBC, 0x05, 0x41, 0x92, 0x24, 0xC9, 0xB2, 0x2C, 0xCB, 0xC3, 0x81, 0x32, 0x78, 0x2D, 0x41, 0x50, 0x24, 0x00, 0x41, 0x10,
    0xC5, 0x03, 0xE6, 0x32, 0x97, 0x11, 0x00, 0xB1, 0x2C, 0x51, 0x92, 0x2C, 0x15, 0xB8, 0x15, 0x09, 0x11, 0x51, 0x0B, 0x51, 0x3C, 0x79, 0x5E, 0x31,
    0x04, 0x41, 0x2C, 0x49, 0x92, 0x10, 0xCB, 0xB4, 0xC9, 0xBD, 0x0C, 0x72, 0x20, 0xB8, 0x5D, 0x59, 0x05, 0xAE, 0xD9, 0x26, 0x83, 0x20, 0x08, 0x82,
    0x5B, 0x96, 0x71, 0xA9, 0x69, 0x8A, 0xA2, 0x28, 0x8A, 0xA2, 0x28, 0x8A, 0xA2, 0x28, 0x8A, 0xA2, 0x28, 0x7A, 0xA5, 0x05, 0x00, 0x00, 0xC0, 0xF3,
    0xFC, 0xCC, 0xA6, 0xA6, 0x69, 0x6A, 0xAA, 0xEE, 0xFF, 0xBE, 0xEF, 0xFB, 0xFC, 0x75, 0x61, 0x18, 0x86, 0x55, 0xCF, 0xF3, 0x3C, 0xCF, 0xF3, 0x3C,
    0x0F, 0x84, 0x5D, 0x17, 0x26, 0x8A, 0x6C, 0x6A, 0x59, 0x96, 0x65, 0x59, 0x96, 0x65, 0x79, 0xB4, 0xFB, 0xD2, 0x6C, 0xF5, 0x3C, 0x59, 0x29, 0x76,
    0xA5, 0xFF, 0xF3, 0xEC, 0xFB, 0xC2, 0x69, 0x55, 0x3D, 0xCF, 0xF3, 0x64, 0xA5, 0x5A, 0xA7, 0xA2, 0x58, 0x9A, 0x25, 0xA6, 0xEA, 0x29, 0xCB, 0xAA,
    0x34, 0x8F, 0xA7, 0xFB, 0x9E, 0x96, 0xA2, 0x28, 0x8A, 0x5D, 0xF7, 0xFB, 0x3B, 0xCF, 0xAA, 0x3C, 0xAF, 0xCE, 0xAC, 0x69, 0x29, 0x8A, 0x22, 0x28,
    0x01, 0x41, 0x24, 0xC9, 0x92, 0x73, 0x04, 0x00, 0x10, 0x44, 0x42, 0x24, 0x04, 0x10, 0x14, 0x0C, 0x28, 0xE7, 0x79, 0x01, 0x00, 0x40, 0x00, 0x00,
    0x00, 0x40, 0x2C, 0x1B, 0x07, 0x6E, 0x4F, 0x02, 0x00, 0x44, 0x92, 0x10, 0x09, 0xB1, 0x54, 0x10, 0x53, 0x24, 0x4B, 0x94, 0x04, 0xCB, 0x05, 0xE6,
    0x79, 0xC6, 0x10, 0x40, 0x90, 0x24, 0x01, 0x41, 0x2C, 0x57, 0x06, 0xCA, 0x72, 0xDE, 0xE7, 0xB9, 0x9C, 0xCB, 0xB2, 0x0C, 0x82, 0x20, 0x08, 0x82,
    0x20, 0x98, 0x55, 0xA9, 0x2A, 0x8A, 0xA2, 0x69, 0x8A, 0xA2, 0x28, 0x8A, 0xA2, 0x28, 0x8A, 0xA2, 0x68, 0xA6, 0xB1, 0x08, 0x00, 0x80, 0xF0, 0xFF,
    0xFE, 0xAE, 0x7B, 0x9A, 0x65, 0x4D, 0x9E, 0x37, 0xA2, 0x28, 0x8A, 0xA2, 0xA7, 0x35, 0x4D, 0xD3, 0x34, 0x4D, 0xD3, 0xF3, 0x3C, 0xCB, 0xF3, 0x3C,
    0x0E, 0x74, 0x5D, 0x58, 0x57, 0x8E, 0x6F, 0x6A, 0x59, 0x96, 0x65, 0x59, 0x96, 0x65, 0x79, 0xB4, 0xDB, 0xD6, 0xDC, 0xF3, 0x38, 0x99, 0x69, 0x6A,
    0xB8, 0xEF, 0xF3, 0xEF, 0xFB, 0xC2, 0x34, 0xE4, 0x3C, 0xCF, 0x53, 0x79, 0xA6, 0xCA, 0x9A, 0x62, 0x4A, 0xEB, 0xAA, 0x98, 0xC2, 0x7B, 0xDD, 0xD2,
    0xFA, 0xEF, 0xAB, 0x30, 0xBB, 0xEF, 0xA2, 0xC9, 0xA6, 0x5D, 0xC7, 0xA6, 0x69, 0xCA, 0xD2, 0xFB, 0x7D, 0xC2, 0xB8, 0xA6, 0x28, 0x8A, 0xA2, 0x28,
    0x01, 0x01, 0x04, 0x40, 0x90, 0x48, 0x20, 0x58, 0x00, 0x00, 0xB0, 0x04, 0x44, 0x00, 0x00, 0x00, 0x00, 0x14, 0x45, 0xB1, 0x31, 0x00, 0x90, 0x04,
    0x00, 0x00, 0x00, 0xC0, 0xC2, 0x81, 0x39, 0xC8, 0x10, 0x00, 0x10, 0x04, 0x00, 0x00, 0x10, 0xC9, 0xB3, 0x24, 0x49, 0x12, 0x24, 0x09, 0x41, 0x2C,
    0xD0, 0x96, 0xDB, 0x56, 0x01, 0x00, 0x44, 0x00, 0x04, 0x00, 0xF1, 0xC8, 0xF2, 0x05, 0x82, 0xA0, 0x0C, 0x56, 0x1B, 0x08, 0x82, 0x20, 0x08, 0x82,
    0x20, 0x98, 0x55, 0x1C, 0x2B, 0x8A, 0x62, 0x59, 0x8A, 0xA2, 0x28, 0x8A, 0xA2, 0x28, 0x8A, 0xA2, 0x69, 0x29, 0x8A, 0x00, 0x00, 0x00, 0xA0, 0x58,
    0x8A, 0xA2, 0x08, 0x82, 0x20, 0x08, 0x82, 0x20, 0x00, 0x96, 0x65, 0x59, 0x96, 0x65, 0x59, 0x96, 0x65, 0x59, 0x96, 0x65, 0x31, 0x8A, 0x20, 0x08,
    0x55, 0xF5, 0x40, 0x0F, 0xA4, 0x69, 0x69, 0x39, 0x59, 0x96, 0x65, 0x59, 0x96, 0x65, 0xB1, 0xEF, 0xDB, 0xD6, 0xDC, 0xF3, 0x3C, 0x55, 0x77, 0x69,
    0xFC, 0xEF, 0xD7, 0xED, 0xFB, 0xC2, 0x2F, 0xF4, 0x3C, 0xCF, 0xF3, 0x30, 0x96, 0x56, 0x8A, 0x62, 0xA9, 0xAA, 0xEF, 0x5E, 0xC3, 0x30, 0xAB, 0xA6,
    0xF8, 0xFE, 0x9A, 0xA2, 0x9A, 0xBA, 0x6C, 0xFA, 0xD2, 0xAA, 0xD8, 0xD2, 0x3B, 0x4D, 0x8F, 0x8A, 0x22, 0x08, 0x8A, 0xA2, 0x28, 0x8A, 0xC2, 0x28,
    0x00, 0x00, 0x24, 0x04, 0x00, 0x00, 0x00, 0x00, 0xD9, 0x0C, 0x01, 0x00, 0x00, 0x41, 0x24, 0x45, 0x01, 0x00, 0x40, 0x92, 0xF7, 0x19, 0x00, 0x10,
    0x09, 0x01, 0x00, 0x00, 0x41, 0x30, 0x59, 0x9E, 0x83, 0xE0, 0x12, 0x00, 0x00, 0x00, 0x00, 0x00, 0x00, 0x10, 0x00, 0xC1, 0x10, 0x00, 0x11, 0x00,
    0x00, 0x40, 0x14, 0x59, 0x0E, 0x11, 0x00, 0x10, 0x24, 0x01, 0x00, 0x00, 0xCC, 0x46, 0x70, 0xE0, 0xB6, 0x55, 0x15, 0x08, 0x82, 0x20, 0x08, 0x82,
    0x20, 0x98, 0x65, 0x99, 0x39, 0x8A, 0xA2, 0x28, 0x8A, 0xA5, 0x28, 0x8A, 0xA5, 0x58, 0x8A, 0xA2, 0x29, 0x00, 0x00, 0x00, 0x00, 0x80, 0x20, 0x08,
    0x82, 0x20, 0x28, 0x8A, 0xA2, 0x28, 0x8A, 0x92, 0x08, 0x3C, 0xAF, 0xB7, 0xAD, 0x4E, 0xB7, 0x34, 0xAD, 0xEB, 0x3A, 0x4D, 0xA7, 0xA2, 0xA5, 0x08,
    0xA7, 0x5A, 0x76, 0xD9, 0x03, 0x55, 0xD9, 0x55, 0x55, 0xD3, 0x64, 0x59, 0x96, 0xA5, 0xD1, 0xEF, 0xDB, 0xD6, 0xDC, 0xF3, 0x3C, 0xCF, 0xE3, 0x5C,
    0xFC, 0xEF, 0xC3, 0x2D, 0xCB, 0xB2, 0x34, 0xF4, 0x3C, 0xCF, 0xF3, 0x3C, 0x8B, 0x65, 0x8A, 0xA2, 0x28, 0xA6, 0x66, 0x9A, 0x96, 0x9A, 0xD6, 0x89,
    0xA2, 0xD8, 0x85, 0xA5, 0x58, 0x76, 0x5D, 0x9A, 0xAA, 0x34, 0xAC, 0x97, 0xA2, 0x69, 0x5A, 0x8A, 0xA5, 0x58, 0xA6, 0xA5, 0x28, 0x0A, 0xA3, 0x30,
    0x32, 0x01, 0x00, 0x15, 0xB7, 0x01, 0xC5, 0x52, 0xF5, 0x39, 0xB8, 0x29, 0x00, 0x00, 0x14, 0x0B, 0x06, 0x2E, 0xE0, 0xDF, 0xF7, 0xF9, 0x56, 0x01,
    0x40, 0xB1, 0x14, 0x00, 0x00, 0x00, 0xC4, 0xD2, 0xE7, 0x20, 0x08, 0x6E, 0x45, 0x01, 0x00, 0x00, 0xC1, 0x70, 0x15, 0xF8, 0x83, 0x05, 0x00, 0x00,
    0x00, 0x00, 0x00, 0x01, 0xB0, 0xF5, 0x19, 0x00, 0x04, 0x59, 0x55, 0x15, 0xCB, 0xB3, 0x80, 0x59, 0xB6, 0x81, 0x20, 0x08, 0x82, 0xA0, 0x2C, 0x83,
    0x20, 0x98, 0x65, 0x59, 0xD7, 0x85, 0xA2, 0x16, 0x96, 0x9D, 0x28, 0x6A, 0x61, 0xD9, 0x89, 0xA2, 0x26, 0x08, 0x02, 0x00, 0x00, 0x80, 0x22, 0x08,
    0x8A, 0xA2, 0x28, 0x8A, 0x20, 0x08, 0x82, 0x20, 0x08, 0x78, 0xCD, 0xB2, 0x2A, 0xCD, 0x76, 0xE6, 0x69, 0xA6, 0xA9, 0x69, 0xA6, 0xA5, 0x69, 0x29,
    0x9D, 0x59, 0x8A, 0x69, 0x99, 0xB2, 0x6F, 0xAA, 0xAA, 0xA9, 0xD6, 0x75, 0x96, 0xA5, 0xD1, 0xEF, 0xDB, 0xD2, 0xDD, 0xF3, 0x3C, 0xCF, 0xF3, 0x5C,
    0xFC, 0xEF, 0xB3, 0x65, 0xE7, 0x89, 0xE2, 0xF3, 0x3C, 0xCF, 0xF3, 0x3C, 0x8F, 0x66, 0x96, 0x9D, 0xA6, 0x75, 0x9D, 0xD6, 0x75, 0xA2, 0xD8, 0x95,
    0x5D, 0x57, 0x8A, 0x5D, 0x59, 0x76, 0x5A, 0x57, 0x96, 0x62, 0xAA, 0x9B, 0x5D, 0xD7, 0x61, 0x0A, 0x63, 0x79, 0xA2, 0xC2, 0x28, 0x0A, 0x33, 0x29,
    0xB9, 0xBC, 0x14, 0x55, 0x25, 0x83, 0x5C, 0x75, 0xF5, 0x7D, 0x0E, 0xCA, 0x60, 0xB5, 0x50, 0xCB, 0x02, 0xCA, 0xBD, 0x9C, 0xF7, 0xBD, 0xCD, 0x81,
    0x05, 0x00, 0x64, 0x60, 0xB4, 0x5C, 0x9C, 0xDD, 0xF7, 0xBD, 0x0D, 0x82, 0x60, 0x0E, 0x56, 0x0B, 0x07, 0xCA, 0x60, 0xFF, 0xF7, 0x39, 0xB8, 0x11,
    0xC0, 0x03, 0x51, 0x92, 0xD6, 0xF7, 0x39, 0x58, 0x44, 0x59, 0x55, 0x55, 0x95, 0x0C, 0x82, 0x19, 0xB7, 0x65, 0x9B, 0x6D, 0x9B, 0x5C, 0x05, 0x65,
    0x20, 0x98, 0x65, 0x99, 0x29, 0x76, 0x9D, 0xA6, 0x75, 0x5A, 0xD8, 0x69, 0x5A, 0xA7, 0x85, 0x5D, 0x97, 0x08, 0x82, 0x00, 0x00, 0x80, 0x22, 0x08,
    0x89, 0xA2, 0x24, 0x82, 0xA0, 0x08, 0x42, 0x92, 0x58, 0xBC, 0x4E, 0xB3, 0xAA, 0xCE, 0x8A, 0xA9, 0x59, 0xAA, 0x66, 0x99, 0xA6, 0xA5, 0x68, 0x29,
    0xDE, 0x59, 0x8A, 0xA2, 0x99, 0xA6, 0x6D, 0xC9, 0xC2, 0x34, 0x4B, 0x9B, 0x96, 0xA5, 0xD1, 0xEF, 0x4B, 0xAB, 0xD0, 0xF3, 0x3C, 0xCF, 0xF3, 0x5C,
    0x3C, 0xEF, 0xEB, 0xBE, 0xCF, 0xFB, 0x7E, 0x05, 0x5D, 0x57, 0xF5, 0x3C, 0x8C, 0x65, 0x76, 0x9A, 0xD6, 0x69, 0x5A, 0xA7, 0x69, 0x9D, 0xD6, 0x85,
    0x9A, 0xD6, 0x69, 0x5D, 0xA8, 0x75, 0x9D, 0xA6, 0x89, 0x9A, 0xA6, 0x08, 0x8A, 0x92, 0x28, 0x8C, 0xA6, 0x95, 0x1A, 0xC3, 0x30, 0x8A, 0x35, 0x59,
    0x7F, 0xBE, 0x4D, 0xD5, 0x96, 0xFF, 0xBD, 0x56, 0x81, 0x7D, 0xDF, 0xF7, 0xB9, 0x3C, 0x55, 0xB2, 0x9C, 0xDB, 0x59, 0xB5, 0x6D, 0x60, 0x2E, 0x6F,
    0x60, 0x14, 0x55, 0xB2, 0x9C, 0xDB, 0x7D, 0x9E, 0xDB, 0x79, 0xDF, 0xE7, 0x79, 0x9E, 0xCB, 0xCB, 0xC7, 0xF7, 0x7D, 0x9E, 0xD9, 0x79, 0xDE, 0x83,
    0x0B, 0xB5, 0xE5, 0x79, 0xDF, 0xF7, 0xBD, 0x3C, 0x4D, 0xAB, 0x2D, 0xE7, 0xB9, 0xCC, 0x55, 0x98, 0xFC, 0x81, 0x9C, 0xFD, 0xF2, 0xBE, 0x46, 0x68,
    0x60, 0xB6, 0x04, 0xC1, 0x74, 0x69, 0x22, 0xA6, 0x69, 0x9A, 0xA6, 0x61, 0x9A, 0xA6, 0x69, 0xDA, 0x25, 0x00, 0x02, 0x00, 0x00, 0x82, 0x20, 0x08,
    0x89, 0x20, 0x08, 0x82, 0x20, 0x08, 0x82, 0x20, 0x58, 0x7C, 0xCD, 0xB6, 0xAF, 0x9A, 0x8A, 0x65, 0x6A, 0x96, 0xA5, 0x99, 0x9A, 0xA2, 0x28, 0x5A,
    0x5A, 0x57, 0x96, 0x62, 0x5A, 0x9A, 0xA6, 0xCA, 0xBE, 0xAE, 0x4B, 0x9B, 0x96, 0xA5, 0xD1, 0xEF, 0x4B, 0xAB, 0xCF, 0xF3, 0x3C, 0x0F, 0xE4, 0x5C,
    0x3C, 0xCF, 0xFF, 0xFF, 0xFF, 0xFF, 0xBF, 0x76, 0x55, 0xD5, 0xF3, 0x3C, 0x8F, 0x16, 0x6A, 0x18, 0xA6, 0x69, 0x9A, 0x86, 0x61, 0x9A, 0xA6, 0x69,
    0x18, 0xA6, 0x69, 0x9A, 0x86, 0x5D, 0x9A, 0xA6, 0x69, 0x98, 0x96, 0x08, 0x9A, 0x65, 0x59, 0x8A, 0x65, 0x95, 0x96, 0x32, 0x59, 0x8C, 0x65, 0x59,
    0x32, 0x28, 0xE7, 0x7D, 0xCE, 0x81, 0x57, 0x05, 0x82, 0x20, 0xC8, 0x6D, 0x59, 0xC6, 0x65, 0xDB, 0x96, 0x5D, 0x5B, 0x6E, 0x83, 0xA0, 0x9C, 0xE7,
    0x36, 0x97, 0x6D, 0xA6, 0xDC, 0xF7, 0x79, 0xDE, 0xFF, 0x39, 0x97, 0xE7, 0xB6, 0x9D, 0xCB, 0xB2, 0xDC, 0x83, 0xFD, 0x1A, 0x64, 0x60, 0xDE, 0xE7,
    0x20, 0x98, 0xE7, 0x20, 0x27, 0x83, 0x60, 0xDE, 0xF7, 0x7D, 0x6E, 0x83, 0x3B, 0x8F, 0xD7, 0x74, 0x5D, 0xD7, 0xBA, 0x6B, 0xE6, 0x3E, 0xDE, 0xB5,
    0x7A, 0x7A, 0x2D, 0x04, 0xB6, 0x55, 0xCA, 0x84, 0x61, 0xD8, 0x75, 0x61, 0x1A, 0x86, 0x5D, 0x9A, 0x22, 0x08, 0x02, 0x00, 0x00, 0x82, 0x20, 0x08,
    0x82, 0x20, 0x08, 0x82, 0x20, 0x08, 0x82, 0x20, 0x08, 0x35, 0x9D, 0x9A, 0x65, 0x17, 0x8A, 0xA2, 0x29, 0x76, 0x5A, 0x67, 0x96, 0xA2, 0x58, 0x9A,
    0xD7, 0xA5, 0x89, 0xA1, 0x28, 0x8A, 0x62, 0xA9, 0xB6, 0xAF, 0x4B, 0x9B, 0x96, 0xA5, 0xD1, 0xEF, 0x4B, 0xAB, 0xCF, 0xF3, 0x3C, 0x15, 0x06, 0x69,
    0x3C, 0xCF, 0xF3, 0xFF, 0xFF, 0xFF, 0x3C, 0xF6, 0x3C, 0xCF, 0xF3, 0x3C, 0x4F, 0xD6, 0x5D, 0x97, 0x86, 0x61, 0xD7, 0x75, 0x69, 0x18, 0x76, 0x5D,
    0x97, 0x86, 0x61, 0xD7, 0x75, 0x75, 0x18, 0x76, 0x5D, 0x57, 0xA7, 0x28, 0x96, 0x56, 0x9A, 0xA2, 0x99, 0xBA, 0xD6, 0x64, 0x31, 0x93, 0x65, 0x31,
    0x57, 0xB6, 0x81, 0x36, 0xB8, 0x55, 0x15, 0x37, 0x3D, 0x93, 0x7C, 0x72, 0x9B, 0xDD, 0xF7, 0x79, 0x9E, 0xE7, 0x79, 0x9E, 0xE7, 0x79, 0x9F, 0xE7,
    0x79, 0x2E, 0x53, 0x53, 0x9F, 0xE7, 0x32, 0xD8, 0xE7, 0x72, 0xB6, 0x54, 0x1C, 0xB8, 0x6D, 0x59, 0x95, 0xD9, 0x79, 0xB5, 0xC9, 0x20, 0x98, 0x71,
    0x1B, 0x97, 0x51, 0x9C, 0x2C, 0x83, 0xB2, 0x2C, 0x83, 0x20, 0x08, 0xCA, 0x3B, 0xDD, 0xB6, 0x6E, 0xDB, 0xB6, 0x2D, 0x9D, 0xEE, 0xBF, 0x2E, 0xB2,
    0x3A, 0x6B, 0x8A, 0x53, 0xAA, 0xCB, 0x9E, 0x76, 0x5D, 0x97, 0x76, 0x5D, 0xD7, 0x75, 0x61, 0x98, 0x22, 0x08, 0x00, 0x00, 0x08, 0x82, 0x20, 0x08,
    0x82, 0x20, 0x08, 0xCA, 0xA4, 0x08, 0x82, 0x20, 0x08, 0x3A, 0xDD, 0xAA, 0xA6, 0x59, 0x9A, 0xAD, 0x6A, 0x92, 0x24, 0xF9, 0xAA, 0xA6, 0xDA, 0x9A,
    0xD0, 0x85, 0x5D, 0x5A, 0x29, 0x8A, 0xA2, 0x68, 0xB2, 0xAF, 0x4B, 0x9B, 0x96, 0x65, 0xD2, 0xEF, 0x4B, 0xAB, 0x55, 0xF5, 0x40, 0xD7, 0x75, 0x91,
    0x3C, 0xCF, 0xEB, 0xFF, 0xFF, 0xFF, 0x34, 0xF4, 0x3C, 0xCF, 0xF3, 0x3C, 0x0F, 0xD6, 0x61, 0xD7, 0x75, 0x5D, 0x98, 0x76, 0x5D, 0xD7, 0xA5, 0x69,
    0xD7, 0x75, 0x5D, 0x18, 0x86, 0x4D, 0xD3, 0x74, 0x61, 0xD8, 0x35, 0x59, 0x96, 0x35, 0x69, 0x65, 0x68, 0x8E, 0x96, 0x65, 0x59, 0x16, 0x01, 0x00,
    0xDB, 0x06, 0x3D, 0xDC, 0xF5, 0x4C, 0x19, 0x68, 0xE7, 0x79, 0xFF, 0xF7, 0x7D, 0x9F, 0xCB, 0x32, 0x28, 0x83, 0x20, 0x98, 0xCB, 0x72, 0x6E, 0x83,
    0x20, 0x28, 0x83, 0x4B, 0x25, 0x83, 0x5B, 0x65, 0xE7, 0x60, 0x15, 0x54, 0x55, 0xB6, 0x65, 0x19, 0xB8, 0x71, 0x59, 0xC6, 0x6D, 0x4F, 0xB6, 0x72,
    0x19, 0x98, 0x83, 0xB2, 0x0C, 0x82, 0x20, 0x08, 0x82, 0x20, 0x08, 0x6E, 0x34, 0xFD, 0xBE, 0xEF, 0xFB, 0xBE, 0xEF, 0xCB, 0xF2, 0xBF, 0x1E, 0xB2,
    0x78, 0x2D, 0x8A, 0x9A, 0x4A, 0xBB, 0x7A, 0x7A, 0x5D, 0xD7, 0x85, 0x61, 0x18, 0x86, 0x69, 0x93, 0x20, 0x08, 0x82, 0x00, 0x08, 0x82, 0x20, 0x24,
    0x8C, 0x22, 0x08, 0x8A, 0x25, 0x08, 0x82, 0x20, 0x08, 0x5E, 0xEA, 0x8D, 0x9E, 0xE7, 0x79, 0x9E, 0x67, 0x69, 0x96, 0xE5, 0x79, 0x96, 0xE7, 0xA5,
    0x9D, 0xA6, 0x69, 0x5D, 0x17, 0x8A, 0x62, 0xA9, 0xA6, 0x2F, 0x4D, 0x9F, 0x96, 0xC5, 0xD2, 0xEF, 0x0B, 0xB3, 0xD7, 0xF3, 0x3C, 0x0F, 0x54, 0xA5,
    0x3C, 0xBF, 0xD7, 0xFF, 0xFF, 0xFF, 0x5B, 0xF4, 0x3C, 0xCF, 0xF3, 0x3C, 0x4F, 0x46, 0x5E, 0xD7, 0x75, 0x5D, 0xD7, 0x75, 0x5D, 0x17, 0xA3, 0x68,
    0x66, 0xA7, 0x5D, 0x17, 0xC6, 0x24, 0x8A, 0x25, 0x08, 0x8A, 0x32, 0x79, 0x9E, 0x65, 0x75, 0x62, 0xA7, 0x6A, 0x96, 0x65, 0x59, 0x96, 0x65, 0x29,
    0x20, 0x98, 0x45, 0x11, 0x41, 0x44, 0x15, 0x95, 0x81, 0x79, 0xDF, 0xE7, 0xB9, 0x0C, 0x82, 0x20, 0x08, 0x82, 0x20, 0x28, 0x83, 0xA0, 0x0C, 0x82,
    0x20, 0x08, 0xCA, 0xD1, 0x92, 0x83, 0x59, 0x55, 0x81, 0xDC, 0xB4, 0x81, 0xA0, 0x0C, 0x6E, 0x60, 0x96, 0x81, 0x60, 0xB5, 0xE5, 0xE0, 0x06, 0xCA,
    0x32, 0x08, 0x82, 0x20, 0x08, 0x82, 0x20, 0x08, 0x82, 0x20, 0xB8, 0x55, 0x29, 0xFD, 0xBE, 0xEF, 0xFB, 0xBE, 0x2F, 0x6D, 0xF2, 0xBF, 0x1E, 0xB2,
    0x38, 0x1B, 0x6A, 0x1A, 0x0B, 0xBB, 0x6F, 0x8A, 0x5D, 0xD7, 0x35, 0x4D, 0x53, 0x35, 0x4D, 0x53, 0x22, 0x08, 0x82, 0x20, 0x08, 0x8A, 0x20, 0x08,
    0x82, 0x20, 0x08, 0x82, 0x20, 0x08, 0x82, 0x20, 0x08, 0x82, 0x22, 0x08, 0x82, 0x20, 0x08, 0x82, 0x20, 0x00, 0x82, 0xA2, 0x28, 0x8A, 0xA2, 0x78,
    0xA2, 0xA6, 0x75, 0x5D, 0x27, 0x8A, 0x65, 0xA7, 0x89, 0x69, 0xAA, 0xD2, 0x9A, 0xA5, 0xAA, 0x2C, 0x4D, 0x67, 0xCF, 0xF3, 0x3C, 0xCF, 0xE3, 0x7C,
    0x3E, 0xAF, 0xD3, 0xFF, 0xFF, 0xFF, 0x5B, 0xF4, 0x3C, 0xCF, 0xF3, 0x3C, 0x8F, 0x32, 0x59, 0xA4, 0x76, 0x5D, 0xD7, 0x75, 0x5D, 0x97, 0xA2, 0x58,
    0x3A, 0xCD, 0x6A, 0x17, 0xA6, 0x58, 0x9A, 0xE8, 0x75, 0x9E, 0x69, 0x89, 0x96, 0xE2, 0x59, 0x96, 0x75, 0x6A, 0x96, 0x65, 0x59, 0x96, 0x65, 0x59,
    0x3D, 0x58, 0x51, 0x09, 0x00, 0x24, 0x92, 0x54, 0x71, 0x60, 0xDE, 0xCB, 0x20, 0x08, 0x82, 0x20, 0x08, 0x82, 0x20, 0x08, 0x82, 0x20, 0x08, 0x82,
    0x20, 0x08, 0x82, 0x5B, 0xB0, 0xC9, 0xDB, 0x06, 0x82, 0x1B, 0x27, 0x6F, 0x50, 0x95, 0x65, 0xB2, 0x0C, 0xCA, 0xB2, 0x0C, 0x82, 0x20, 0x45, 0x6D,
    0x20, 0x08, 0x82, 0x20, 0x08, 0x82, 0xE0, 0xC6, 0x65, 0x55, 0x45, 0x49, 0x26, 0xED, 0xBE, 0xEF, 0xFB, 0xBE, 0x2F, 0x9D, 0xBE, 0x7B, 0xAA, 0xBE,
    0x7A, 0xDA, 0x69, 0x1A, 0x0B, 0xBF, 0x2F, 0xAD, 0x5D, 0xD8, 0x24, 0x08, 0x82, 0x20, 0x08, 0x82, 0x20, 0x08, 0x82, 0xA0, 0x28, 0x82, 0x60, 0x29,
    0x82, 0x20, 0x08, 0x82, 0x20, 0x08, 0x82, 0x20, 0x08, 0x82, 0x20, 0x08, 0x8A, 0x92, 0x08, 0x0A, 0xC3, 0x08, 0xC2, 0xAE, 0xA6, 0x24, 0x59, 0x76,
    0x9A, 0xA6, 0x89, 0xA5, 0x28, 0x8A, 0x1D, 0xA6, 0x5D, 0x55, 0x57, 0x9A, 0x9D, 0xD6, 0x75, 0x98, 0xE6, 0x42, 0xCF, 0xF3, 0x3C, 0xCF, 0xF3, 0xA4,
    0x3E, 0x5F, 0xD3, 0xFF, 0xEC, 0xD5, 0x66, 0xF5, 0x3C, 0xCF, 0xF3, 0x3C, 0x8F, 0xA0, 0x58, 0x3A, 0xAC, 0x6A, 0x17, 0x86, 0x61, 0xD8, 0xC4, 0x58,
    0xB5, 0xCA, 0x6A, 0x55, 0x65, 0x59, 0x96, 0xD5, 0x99, 0x65, 0x29, 0xD2, 0x96, 0x15, 0x7B, 0x5E, 0xEA, 0x59, 0x96, 0x65, 0x59, 0x96, 0x65, 0x59,
    0x32, 0x98, 0x3D, 0x55, 0x44, 0x10, 0x0B, 0x45, 0x71, 0x60, 0x9F, 0x83, 0x20, 0x07, 0x82, 0x20, 0x08, 0x82, 0x20, 0x08, 0x82, 0x20, 0x08, 0x82,
    0x20, 0x08, 0x82, 0xF9, 0x02, 0x80, 0xE0, 0x55, 0x81, 0xD9, 0x53, 0x71, 0x1C, 0x68, 0xCB, 0x5C, 0x75, 0x81, 0x20, 0x08, 0x82, 0x60, 0xB6, 0x81,
    0x20, 0x08, 0x82, 0x1C, 0x98, 0x55, 0x95, 0x24, 0x49, 0x51, 0x24, 0x45, 0x62, 0xFD, 0xBE, 0xEF, 0xFB, 0xBE, 0xED, 0x9B, 0xA6, 0x6A, 0xFB, 0xAA,
    0x78, 0x8D, 0x61, 0x98, 0x0A, 0xBF, 0x2F, 0xAD, 0x5D, 0x97, 0x66, 0x29, 0x8A, 0xA0, 0x28, 0x8A, 0xA2, 0x28, 0x8A, 0x20, 0x08, 0x82, 0x92, 0x32,
    0x89, 0x20, 0x08, 0x82, 0x20, 0x08, 0x82, 0x20, 0x08, 0x82, 0x20, 0x08, 0x42, 0xA2, 0x28, 0x8A, 0xA2, 0x24, 0x4A, 0xEA, 0x69, 0xD8, 0x75, 0x5D,
    0xD7, 0xA5, 0x89, 0x65, 0x19, 0x76, 0x65, 0x28, 0x8A, 0xDA, 0x85, 0x69, 0xA1, 0x99, 0x9A, 0x65, 0x57, 0x42, 0x0F, 0xC3, 0x4C, 0x59, 0x95, 0xED,
    0xBC, 0xAE, 0xEE, 0xBF, 0x25, 0x58, 0xFA, 0x9B, 0x56, 0xCF, 0xF3, 0x3C, 0x0E, 0x33, 0x59, 0xB4, 0xFA, 0x6A, 0xD5, 0xC4, 0x30, 0x93, 0x65, 0x89,
    0xFA, 0x39, 0x5A, 0x96, 0xE2, 0x79, 0x9A, 0x27, 0x76, 0x62, 0x27, 0xD2, 0x7A, 0xD7, 0x95, 0x26, 0x6D, 0x5A, 0x96, 0x65, 0x69, 0x96, 0x26, 0x8A,
    0x54, 0x14, 0x51, 0x55, 0x11, 0x30, 0x51, 0x96, 0x81, 0x72, 0x6F, 0x83, 0x60, 0x95, 0x81, 0x20, 0x08, 0x82, 0x20, 0x08, 0x82, 0x20, 0x08, 0x82,
    0x20, 0x08, 0xE6, 0x1B, 0x93, 0x30, 0x19, 0xB8, 0xF6, 0x7D, 0x6F, 0x83, 0x20, 0x08, 0x82, 0x1C, 0x55, 0x81, 0x20, 0x08, 0x82, 0x20, 0x08, 0x82,
    0x5B, 0x75, 0x55, 0x94, 0x24, 0x45, 0x91, 0x24, 0x49, 0x92, 0x44, 0x15, 0x97, 0xAA, 0xD3, 0xAD, 0x4E, 0xD3, 0x3A, 0xAE, 0xA6, 0x38, 0x4E, 0xE3,
    0xFC, 0x8C, 0x55, 0x50, 0x4A, 0xBB, 0x2F, 0xDD, 0x5D, 0x57, 0x97, 0x7A, 0x8A, 0x20, 0x28, 0x8A, 0x20, 0x08, 0x82, 0x20, 0x08, 0x82, 0x20, 0x08,
    0x82, 0x20, 0x08, 0x82, 0x20, 0x08, 0x82, 0x20, 0x08, 0x82, 0x20, 0x08, 0x82, 0x90, 0x28, 0x8A, 0xA2, 0x28, 0x82, 0x58, 0x76, 0x98, 0x76, 0x5D,
    0xD7, 0x75, 0x69, 0x1A, 0x66, 0x9A, 0x66, 0x9D, 0x6A, 0x65, 0x89, 0x55, 0xDA, 0x28, 0x8A, 0x62, 0x59, 0x42, 0x4E, 0xA2, 0x58, 0x3A, 0xED, 0xB2,
    0x74, 0xAB, 0xFF, 0xBF, 0xC7, 0x58, 0xB4, 0xAA, 0x5F, 0xCE, 0xA3, 0x30, 0x8C, 0x65, 0x79, 0xFA, 0xE9, 0x59, 0x96, 0x65, 0x59, 0x9A, 0x27, 0xA6,
    0xEC, 0x6E, 0x09, 0x96, 0x65, 0x79, 0x9E, 0xE7, 0x79, 0x28, 0xBB, 0xFB, 0xFE, 0x39, 0x76, 0xE7, 0x0E, 0x77, 0x5E, 0x27, 0x96, 0x65, 0x59, 0x8A,
    0x04, 0x91, 0x3C, 0x8C, 0x65, 0xCB, 0xD1, 0x05, 0x82, 0x60, 0x0E, 0x82, 0x20, 0x45, 0x6D, 0x20, 0x08, 0x82, 0x20, 0x08, 0x82, 0x20, 0x08, 0x82,
    0x1B, 0x97, 0xF7, 0xF6, 0xFF, 0xF7, 0xFD, 0xDF, 0xF7, 0xFD, 0xFF, 0xFF, 0xB9, 0x0C, 0x82, 0xE0, 0x06, 0x82, 0x20, 0x08, 0x82, 0x59, 0x46, 0x51,
    0x52, 0x14, 0x45, 0x92, 0x24, 0x49, 0x92, 0x24, 0x49, 0x92, 0x24, 0x2D, 0x55, 0xFB, 0xBE, 0xEF, 0xDB, 0xD2, 0xBA, 0x5E, 0x8B, 0x5D, 0x79, 0xD6,
    0xBB, 0x7A, 0x55, 0x90, 0x4A, 0xBF, 0xEF, 0x7B, 0x5E, 0x57, 0x59, 0x96, 0x22, 0x23, 0x08, 0x82, 0x20, 0x08, 0x82, 0x20, 0x08, 0x82, 0x20, 0x08,
    0x82, 0x20, 0x08, 0x82, 0x20, 0x08, 0x82, 0x20, 0x08, 0x82, 0x20, 0x08, 0x82, 0xA0, 0x08, 0x82, 0xA2, 0x28, 0x82, 0xA2, 0x5D, 0xD7, 0x75, 0x5D,
    0xD7, 0x75, 0x55, 0x55, 0x57, 0x9A, 0x38, 0xCF, 0xBB, 0x9D, 0x58, 0x66, 0x97, 0x28, 0x8A, 0xA2, 0x58, 0x6A, 0x0E, 0xC3, 0x58, 0x74, 0xDB, 0xE2,
    0x3C, 0xEC, 0xA1, 0xF5, 0x68, 0x79, 0xFA, 0xE9, 0x59, 0x13, 0x63, 0x59, 0x96, 0x26, 0xA6, 0xAF, 0xAE, 0x93, 0x1A, 0x86, 0x61, 0x57, 0x27, 0xA6,
    0x6C, 0xAC, 0x28, 0x5A, 0x57, 0x8A, 0x9A, 0xA5, 0x99, 0xE2, 0xE7, 0x59, 0xAC, 0x8F, 0x9F, 0xE7, 0x0E, 0x8B, 0x65, 0x29, 0x8A, 0xA2, 0x28, 0x8A,
    0x59, 0xC6, 0xD9, 0x79, 0xDF, 0xE7, 0x55, 0x06, 0x82, 0x72, 0x0E, 0x82, 0x60, 0xC6, 0x81, 0x20, 0x08, 0x82, 0x20, 0x08, 0x72, 0x59, 0xB6, 0xE5,
    0x79, 0xDF, 0xF7, 0x79, 0x9F, 0xE7, 0xBD, 0x6C, 0xE7, 0x76, 0xDE, 0xDB, 0x7D, 0xDF, 0x83, 0xA0, 0x0C, 0x82, 0xDB, 0x55, 0x51, 0x51, 0x14, 0x49,
    0x92, 0x24, 0x49, 0x92, 0x24, 0x49, 0x92, 0x44, 0x49, 0x92, 0x44, 0x49, 0x14, 0x0B, 0xBF, 0xEF, 0xFB, 0xBE, 0x6D, 0xFB, 0xB2, 0x66, 0xAA, 0x9E,
    0x9D, 0xA8, 0x5D, 0x50, 0xAA, 0xB7, 0x2C, 0x5E, 0x63, 0x97, 0x69, 0x8A, 0xA2, 0x69, 0x29, 0x82, 0x20, 0x08, 0x82, 0x20, 0x08, 0x82, 0x20, 0x08,
    0x82, 0x20, 0x08, 0x82, 0x20, 0x08, 0x82, 0x20, 0x08, 0x82, 0x20, 0x08, 0x82, 0x20, 0x08, 0x82, 0xA2, 0x08, 0x82, 0xA2, 0x5D, 0xD7, 0x75, 0x5D,
    0xD7, 0xF5, 0x38, 0x66, 0x59, 0xFB, 0x3E, 0xCF, 0xF3, 0x7B, 0xDA, 0x95, 0x65, 0x27, 0x8A, 0xA2, 0x58, 0x8A, 0x4F, 0x65, 0x69, 0xFA, 0xE9, 0x79,
    0x96, 0xE5, 0x79, 0x9E, 0x27, 0x9E, 0xAF, 0xAE, 0x6B, 0x15, 0xF4, 0x3C, 0x8F, 0x56, 0x9A, 0x34, 0x4B, 0x6B, 0xD5, 0x75, 0x5D, 0x57, 0x27, 0x9E,
    0x74, 0x2D, 0x6A, 0x5D, 0x57, 0x9A, 0x29, 0x4D, 0xD3, 0x74, 0xAB, 0xA6, 0x2A, 0xAF, 0x69, 0xA9, 0x69, 0x99, 0xA2, 0x28, 0x8A, 0xA2, 0x28, 0x8A,
    0x24, 0x99, 0xCB, 0x60, 0x9E, 0xF7, 0x1B, 0x98, 0xE7, 0x7D, 0x0E, 0x82, 0x20, 0x08, 0x82, 0x5C, 0xB6, 0x55, 0x14, 0x45, 0x45, 0x91, 0xC4, 0xFD,
    0x7F, 0x9F, 0xE7, 0x79, 0x2F, 0x83, 0x20, 0x97, 0xF7, 0x20, 0x08, 0x6E, 0x79, 0x2F, 0x83, 0x59, 0x55, 0x51, 0x52, 0x14, 0x45, 0x92, 0x24, 0x49,
    0x92, 0x24, 0x49, 0x92, 0x24, 0x49, 0x92, 0x54, 0x49, 0x92, 0x14, 0x24, 0x8B, 0x4A, 0xBF, 0xEF, 0xFB, 0xBE, 0xEF, 0xFB, 0xBE, 0x2F, 0x4D, 0xD3,
    0xEF, 0x4B, 0xD3, 0xAC, 0x0A, 0xB7, 0x2C, 0x5E, 0x63, 0x97, 0x69, 0x8A, 0xA2, 0x68, 0x76, 0x8A, 0x20, 0x08, 0x82, 0x20, 0x08, 0x82, 0x20, 0x08,
    0x82, 0xA0, 0x28, 0x89, 0x22, 0x08, 0x82, 0x20, 0x08, 0x82, 0x20, 0x08, 0x82, 0x20, 0x08, 0x82, 0xA0, 0x28, 0x82, 0xA2, 0x8A, 0x1D, 0x76, 0x5D,
    0x57, 0xE5, 0x64, 0xA6, 0xF9, 0xFF, 0xFF, 0xEF, 0xF3, 0x3C, 0xAF, 0x76, 0x62, 0xA8, 0x89, 0xA2, 0x28, 0x8A, 0x96, 0x26, 0x9A, 0xAF, 0x5E, 0xB3,
    0xAA, 0xEA, 0xFF, 0x7F, 0xDD, 0x9D, 0x6F, 0x4A, 0x5F, 0xCE, 0xF3, 0x3C, 0x8C, 0x55, 0x9A, 0x34, 0x0D, 0x6B, 0x55, 0x35, 0x55, 0x93, 0x66, 0x9A,
    0xA5, 0x67, 0x79, 0x35, 0x5C, 0xD3, 0xF5, 0xFB, 0xBE, 0xEF, 0xFB, 0xBE, 0xEA, 0xCE, 0x9A, 0x3B, 0xEE, 0x89, 0xA5, 0x78, 0x96, 0x62, 0x69, 0x9A,
    0x24, 0x09, 0x82, 0x72, 0x9E, 0xF7, 0x72, 0x9E, 0x83, 0x20, 0x08, 0x66, 0x5B, 0x45, 0x55, 0x54, 0x24, 0x45, 0x51, 0x24, 0x45, 0xC5, 0xD6, 0xF7,
    0xBD, 0x9C, 0xE7, 0x36, 0x08, 0xCA, 0xB9, 0x2C, 0x73, 0x9B, 0xDC, 0xDB, 0xF2, 0xB6, 0xE5, 0xB9, 0x14, 0x45, 0x92, 0x24, 0x49, 0x92, 0x24, 0x49,
    0x92, 0x24, 0x49, 0x92, 0x24, 0x49, 0x92, 0x54, 0x51, 0x12, 0x01, 0x2C, 0x12, 0x0B, 0xBF, 0xEF, 0xFB, 0xBE, 0xEF, 0xFB, 0xBE, 0xEF, 0xFB, 0xBE,
    0xEF, 0xFB, 0xBE, 0xEF, 0xFB, 0xBE, 0xEF, 0xCB, 0x62, 0x97, 0xC9, 0x8A, 0xA2, 0x28, 0x96, 0xA5, 0x25, 0x08, 0x82, 0x20, 0x08, 0x82, 0x20, 0x08,
    0x82, 0xA2, 0x28, 0x8A, 0xA2, 0x08, 0x82, 0x20, 0x08, 0x82, 0x20, 0x08, 0x82, 0x20, 0x08, 0x82, 0x20, 0x08, 0x02, 0xD3, 0x75, 0x1D, 0x86, 0x5D,
    0x57, 0xE5, 0x98, 0x21, 0xFF, 0xFF, 0xFF, 0xEF, 0xF3, 0x3C, 0xCF, 0x9B, 0x5D, 0x57, 0x95, 0xA2, 0x58, 0x8A, 0x50, 0x56, 0x9A, 0x2F, 0xAD, 0xAA,
    0x74, 0xEB, 0xFF, 0x3F, 0xDD, 0x9D, 0x34, 0x5D, 0x57, 0xCF, 0xF3, 0x3C, 0x8C, 0x65, 0x9A, 0xA2, 0x66, 0x69, 0x96, 0x66, 0x59, 0xA9, 0xAA, 0xEA,
    0x96, 0x62, 0x79, 0xDE, 0x58, 0xEF, 0x35, 0x0B, 0xC3, 0x78, 0x8D, 0xEF, 0xFB, 0xEF, 0xEF, 0x3E, 0x7F, 0x9A, 0x69, 0x6A, 0x96, 0x67, 0x9A, 0xA6,
    0x24, 0x49, 0xDA, 0x39, 0x08, 0xF6, 0x60, 0x46, 0x2D, 0x8B, 0x44, 0x45, 0x52, 0x14, 0x45, 0x92, 0x24, 0x49, 0x92, 0x24, 0x25, 0x4B, 0xDE, 0xF7,
    0x79, 0x9E, 0xE7, 0x72, 0x6E, 0x83, 0x20, 0x28, 0xE7, 0x20, 0x28, 0x83, 0x72, 0x0E, 0x82, 0x72, 0x15, 0x49, 0x92, 0x24, 0x49, 0x92, 0x24, 0x49,
    0x92, 0x24, 0x49, 0x92, 0x24, 0x49, 0x12, 0x55, 0x41, 0x00, 0x90, 0x2C, 0x14, 0x0B, 0xBF, 0xEF, 0xFB, 0xBE, 0xEF, 0xFB, 0xBE, 0xEF, 0xFB, 0xBE,
    0xEF, 0xFB, 0xBE, 0xEF, 0xFB, 0xBE, 0x2F, 0xDC, 0x62, 0x17, 0x96, 0x96, 0xA2, 0x28, 0x8A, 0xA2, 0xA9, 0x29, 0x82, 0x20, 0x08, 0x82, 0x20, 0x08,
    0x49, 0xA2, 0x28, 0x8A, 0xA2, 0x28, 0x8A, 0xA2, 0x08, 0x82, 0x20, 0x08, 0x82, 0x20, 0x08, 0x82, 0x20, 0x08, 0x82, 0x30, 0x61, 0xD7, 0x75, 0x5D,
    0x57, 0xF5, 0x98, 0x22, 0xFF, 0xFF, 0xFF, 0xFF, 0xFB, 0x3C, 0xCF, 0xD7, 0x65, 0x57, 0x95, 0x62, 0x29, 0x9A, 0xD7, 0x65, 0x9A, 0x6D, 0xDA, 0xA5,
    0x6A, 0xBA, 0xFB, 0xB0, 0x57, 0x9A, 0x65, 0x67, 0x69, 0x96, 0x65, 0x59, 0xE6, 0xCB, 0x9A, 0xA5, 0x39, 0x96, 0x69, 0x9A, 0xAA, 0xA9, 0x19, 0xD6,
    0x9E, 0xC7, 0xA6, 0x66, 0x39, 0x7A, 0x9E, 0x57, 0x9A, 0x69, 0x3A, 0xEE, 0x2C, 0xAB, 0xD7, 0x33, 0x2B, 0x9A, 0x69, 0x6A, 0xA6, 0x69, 0x9A, 0xB2,
    0x55, 0xC6, 0x81, 0xF2, 0x96, 0xF5, 0xBD, 0x5C, 0x41, 0x4F, 0x24, 0x49, 0x92, 0x24, 0x49, 0x92, 0x24, 0x49, 0x92, 0x14, 0x55, 0x72, 0xDF, 0xF7,
    0xBD, 0x0C, 0x82, 0xA0, 0xBC, 0x55, 0xD5, 0xC6, 0x71, 0x59, 0x56, 0x65, 0xA0, 0xCC, 0x71, 0x60, 0x15, 0x49, 0x92, 0x24, 0x49, 0x92, 0x24, 0x49,
    0x92, 0x24, 0x49, 0x92, 0x24, 0x49, 0x51, 0x92, 0x04, 0x80, 0xB4, 0x2C, 0x14, 0x0B, 0xBF, 0xEF, 0xFB, 0xBE, 0xEF, 0xFB, 0xBE, 0xEF, 0xFB, 0xBE,
    0xEF, 0xFB, 0xBE, 0xEF, 0xFB, 0xBE, 0xEF, 0xEB, 0x6A, 0x17, 0x96, 0x8A, 0xA2, 0x28, 0x8A, 0xA2, 0x68, 0x8A, 0x8C, 0x20, 0x08, 0x82, 0x20, 0x28,
    0x8A, 0xA2, 0x28, 0xCA, 0xC4, 0x28, 0x8A, 0xA2, 0x08, 0x82, 0x20, 0x08, 0x82, 0x20, 0x08, 0x82, 0x20, 0x08, 0x82, 0x60, 0x61, 0xD7, 0x75, 0x5D,
    0x15, 0x04, 0xA5, 0x22, 0xFF, 0xFF, 0xFF, 0xFF, 0xFF, 0x3C, 0xEF, 0xEB, 0x5D, 0x57, 0x95, 0x25, 0xA6, 0x95, 0xD7, 0xA5, 0x5D, 0x50, 0xC6, 0xC1,
    0x9A, 0x65, 0x59, 0xE3, 0xA9, 0x9A, 0xA2, 0x68, 0xB6, 0x6A, 0x9A, 0xB2, 0xAA, 0x29, 0x8A, 0xA5, 0x59, 0x8A, 0xA2, 0x28, 0x8A, 0xA2, 0x28, 0xC2,
    0x69, 0xDB, 0xB6, 0xED, 0x4B, 0xD3, 0x2F, 0x4D, 0xD3, 0x2F, 0xCD, 0xD6, 0xDA, 0xA9, 0xAA, 0xAA, 0x9A, 0xEA, 0xF4, 0xAB, 0xA6, 0xF4, 0xFB, 0xBE,
    0x0B, 0x95, 0x65, 0x60, 0x56, 0xF5, 0x3D, 0x98, 0x81, 0x5C, 0x25, 0x49, 0x92, 0x24, 0x49, 0x92, 0x24, 0x49, 0x52, 0x94, 0xC9, 0x7D, 0xDF, 0xFF,
    0x7D, 0x6E, 0xCB, 0xB9, 0x0C, 0x82, 0x20, 0x07, 0x62, 0x20, 0xB8, 0x81, 0x20, 0x08, 0xCA, 0x79, 0x15, 0x49, 0x12, 0x25, 0x49, 0x92, 0x24, 0x49,
    0x92, 0x24, 0x49, 0x92, 0x24, 0x51, 0x09, 0x10, 0x04, 0x04, 0x45, 0x45, 0x0B, 0x4B, 0xBF, 0xEF, 0xFB, 0xBE, 0xEF, 0xFB, 0xBE, 0xEF, 0xFB, 0xBE,
    0xEF, 0xFB, 0xBE, 0xEF, 0xFB, 0xBE, 0xEF, 0x0B, 0x8B, 0x17, 0xA6, 0x8A, 0xA2, 0x28, 0x8A, 0xA2, 0x28, 0xA6, 0xAA, 0x95, 0x08, 0x82, 0xA0, 0x28,
    0x8A, 0xA2, 0x28, 0x8A, 0xA2, 0x28, 0x93, 0xA2, 0x28, 0x8A, 0x20, 0x08, 0x82, 0x20, 0x08, 0x82, 0x20, 0x08, 0x8A, 0x60, 0x99, 0xA2, 0x76, 0x5D,
    0x58, 0x55, 0xA5, 0x22, 0xFF, 0xFF, 0xFF, 0xFF, 0xFF, 0x3C, 0xEF, 0xCF, 0x5A, 0x07, 0x89, 0x9D, 0xD6, 0x69, 0x9D, 0x99, 0xB2, 0x69, 0x4D, 0xE3,
    0xAE, 0x69, 0xAA, 0x6A, 0x5A, 0x8A, 0xA5, 0x69, 0x8A, 0xA2, 0x28, 0x8A, 0xA2, 0x58, 0x96, 0xA5, 0x28, 0x8A, 0xA2, 0x28, 0x8A, 0xA5, 0x98, 0xEE,
    0x29, 0xBF, 0xEF, 0xFB, 0x8E, 0xE3, 0x7B, 0x4D, 0xC3, 0x35, 0xCB, 0xFB, 0x30, 0x4D, 0xC3, 0x70, 0xDB, 0xEE, 0x75, 0xFB, 0xBA, 0x2C, 0xFB, 0xBE,
    0x11, 0x95, 0x65, 0x59, 0x56, 0xF5, 0xBD, 0x5C, 0x51, 0x59, 0x15, 0x49, 0x92, 0x24, 0x49, 0x92, 0x24, 0x49, 0xD2, 0x52, 0x6D, 0xF2, 0xDF, 0xF7,
    0xFD, 0x8D, 0xF6, 0xFD, 0x6E, 0xF3, 0xB3, 0x7D, 0xF7, 0xFD, 0x8D, 0xDA, 0x36, 0x6A, 0xF7, 0xFD, 0x15, 0x49, 0xD1, 0x22, 0x49, 0x92, 0x44, 0x49,
    0x92, 0x24, 0x49, 0x92, 0x24, 0x51, 0x0B, 0xB0, 0x14, 0x00, 0xB0, 0x2C, 0x0B, 0x4B, 0xBF, 0xEF, 0xFB, 0xBE, 0xEF, 0xFB, 0xBE, 0xEF, 0xFB, 0xBE,
    0xEF, 0xFB, 0xBE, 0xEF, 0xFB, 0xBE, 0xEF, 0x4B, 0x9B, 0x17, 0x66, 0x8A, 0xA2, 0x28, 0x8A, 0xA2, 0x28, 0xAA, 0x2C, 0x2D, 0x2A, 0x82, 0xA0, 0x28,
    0x82, 0x62, 0x59, 0x8A, 0xA2, 0x28, 0x82, 0xA0, 0x28, 0x8A, 0xA2, 0x28, 0x82, 0x20, 0x08, 0x82, 0x20, 0x08, 0x8A, 0x60, 0x75, 0xDA, 0x75, 0x5D,
    0x17, 0xF4, 0xA4, 0x22, 0xFF, 0xFF, 0xFF, 0xFF, 0xFF, 0x3C, 0xEF, 0xCF, 0x5A, 0xE7, 0x68, 0x62, 0x29, 0x76, 0x25, 0xFD, 0xBE, 0xF4, 0x8B, 0xF3,
    0xA6, 0x58, 0x9A, 0xA5, 0x18, 0x8A, 0xA2, 0x28, 0x8A, 0xA2, 0x28, 0x8A, 0x62, 0x6A, 0x9A, 0xA2, 0x28, 0x8A, 0xA2, 0x58, 0x8A, 0x5D, 0xA8, 0xEE,
    0xEA, 0xEC, 0x8D, 0x23, 0x8A, 0xE3, 0x33, 0xAA, 0xEE, 0x3C, 0xFF, 0xFF, 0x3E, 0xCF, 0xE3, 0xF8, 0x5E, 0xF3, 0x3C, 0xDB, 0xD2, 0x2C, 0xFB, 0xBE,
    0x0B, 0x95, 0x55, 0x19, 0x55, 0xF5, 0x7D, 0xCE, 0x55, 0x20, 0x17, 0x49, 0x92, 0x24, 0x49, 0x92, 0x24, 0x49, 0x52, 0x94, 0x50, 0xF2, 0xDF, 0xF7,
    0x3D, 0xEA, 0xE5, 0xA8, 0xF7, 0x79, 0x9F, 0x65, 0x79, 0x96, 0xE5, 0x59, 0x96, 0x67, 0x31, 0x16, 0x23, 0x51, 0x12, 0x90, 0x50, 0x52, 0xB4, 0x48,
    0x92, 0x44, 0x51, 0x94, 0x24, 0x49, 0xCB, 0x52, 0x51, 0x09, 0x00, 0x00, 0x49, 0x4B, 0xBF, 0xEF, 0xFB, 0xBE, 0xEF, 0xFB, 0xBE, 0xEF, 0xFB, 0xBE,
    0xEF, 0xFB, 0xBE, 0xEF, 0xFB, 0xBE, 0xEF, 0x4B, 0xA7, 0xD7, 0x15, 0x8A, 0xA2, 0x28, 0x8A, 0x62, 0x99, 0xA6, 0xEC, 0x4B, 0xAB, 0x96, 0xA2, 0x78,
    0x28, 0xFF, 0xFB, 0x3F, 0xBF, 0xFB, 0x9E, 0xA7, 0x28, 0x82, 0xA2, 0x28, 0x8A, 0x20, 0x08, 0x82, 0x20, 0x08, 0x82, 0x20, 0x60, 0xD7, 0x75, 0x5D,
    0x57, 0xE5, 0x40, 0x29, 0xFD, 0xFF, 0xFF, 0xFF, 0xFF, 0x3C, 0xCF, 0xEF, 0x65, 0x59, 0x3D, 0x9D, 0xD8, 0x5D, 0x18, 0xAB, 0xEF, 0x3B, 0x5E, 0xB3,
    0xE9, 0xD9, 0x69, 0x18, 0x5B, 0xAB, 0xA6, 0x28, 0x8A, 0xA2, 0x99, 0x8A, 0x62, 0xD9, 0x75, 0x9D, 0x28, 0x8A, 0xA5, 0x88, 0x5D, 0xD5, 0x55, 0xEE,
    0xB4, 0xA6, 0x58, 0x96, 0x97, 0x9A, 0x9E, 0xA9, 0xB2, 0x27, 0xBA, 0x97, 0x69, 0x9A, 0xA6, 0xF0, 0x8E, 0xEF, 0x3C, 0x4F, 0xB7, 0xEF, 0xFB, 0xBE,
    0x4B, 0x95, 0x71, 0xB2, 0xAC, 0xF6, 0x79, 0x0E, 0x56, 0x19, 0x18, 0x49, 0x92, 0x24, 0x49, 0x92, 0x24, 0x49, 0x12, 0xB5, 0x24, 0x5C, 0xDF, 0xF7,
    0x3D, 0xFA, 0xF5, 0x28, 0x6A, 0x59, 0xBF, 0x65, 0xFD, 0x96, 0xF5, 0x5B, 0xD6, 0x6F, 0x29, 0x4A, 0xB2, 0x2C, 0x04, 0x00, 0x44, 0x14, 0x11, 0x48,
    0x54, 0x14, 0x04, 0x0B, 0x45, 0x49, 0x14, 0x55, 0x55, 0x0B, 0x00, 0x00, 0x49, 0x4B, 0xBF, 0xEF, 0xFB, 0xBE, 0xEF, 0xFB, 0xBE, 0xEF, 0xFB, 0xBE,
    0xEF, 0xFB, 0xBE, 0xEF, 0xFB, 0xBE, 0xEF, 0x4B, 0xA7, 0xD7, 0x25, 0x8A, 0xA2, 0x28, 0x8A, 0x62, 0x99, 0xBE, 0xEF, 0xFB, 0xB6, 0x29, 0xEE, 0xFB,
    0xBF, 0xCF, 0xEF, 0x6C, 0x7B, 0x6A, 0xDE, 0xE8, 0x79, 0x8A, 0xA0, 0x28, 0x8A, 0x20, 0x08, 0x82, 0x20, 0x08, 0x82, 0x20, 0x68, 0x18, 0x76, 0x5D,
    0xD7, 0xF3, 0x40, 0xA9, 0xE9, 0xFF, 0xFF, 0xFF, 0xFF, 0x3C, 0xCF, 0xF3, 0x69, 0x27, 0x5E, 0x9A, 0xA9, 0x5D, 0x58, 0xA9, 0xB2, 0x70, 0xD9, 0x69,
    0xD7, 0x95, 0x89, 0x69, 0xAD, 0xEB, 0x6C, 0x28, 0x8A, 0x62, 0x57, 0x96, 0xA2, 0x58, 0x96, 0xA5, 0x58, 0x96, 0xDA, 0xA5, 0x75, 0xEA, 0xBE, 0xE3,
    0xEF, 0xE9, 0xD1, 0x34, 0xFD, 0xBE, 0x34, 0xFD, 0xBE, 0x2A, 0x0B, 0xAB, 0x2C, 0xDB, 0xBE, 0x6A, 0x9A, 0xA6, 0x2A, 0x7D, 0xEA, 0xB4, 0xFB, 0xBE,
    0xA4, 0x9C, 0xCB, 0x79, 0x2F, 0xF7, 0xBD, 0x2C, 0xE7, 0x79, 0x15, 0x49, 0x92, 0x24, 0x49, 0x92, 0x24, 0x49, 0x92, 0x24, 0x2D, 0x57, 0xDF, 0xF7,
    0x3D, 0xFA, 0xF1, 0xB6, 0xA7, 0x58, 0xBF, 0x67, 0xFD, 0x96, 0xF5, 0x5B, 0xD6, 0xEF, 0x29, 0x4C, 0x02, 0x00, 0x04, 0x00, 0x04, 0xD4, 0x42, 0x10,
    0x89, 0x94, 0x00, 0x40, 0x90, 0x44, 0x4B, 0xB0, 0x2C, 0x00, 0x00, 0x10, 0x0B, 0x4B, 0xBF, 0xEF, 0xFB, 0xBE, 0xEF, 0xFB, 0xBE, 0xEF, 0xFB, 0xBE,
    0xEF, 0xFB, 0xBE, 0xEF, 0xFB, 0xBE, 0xEF, 0x4B, 0xA7, 0xD7, 0x25, 0x8A, 0xA2, 0x28, 0x8A, 0xA2, 0xC8, 0xBE, 0xEF, 0xAB, 0xC2, 0x3C, 0xEF, 0xFB,
    0x3C, 0x8F, 0xCF, 0xAE, 0xA5, 0x28, 0x8C, 0xA2, 0x28, 0x96, 0x22, 0x24, 0x4A, 0x22, 0x08, 0x82, 0x20, 0x08, 0x82, 0x20, 0x5C, 0xD7, 0x75, 0x5D,
    0xD5, 0x05, 0x55, 0x69, 0xE9, 0xFF, 0xFF, 0xFF, 0xFF, 0x3C, 0xCF, 0xFB, 0x66, 0xA7, 0x55, 0x9A, 0x86, 0x5D, 0x97, 0xC8, 0xB2, 0xBA, 0xAE, 0xD7,
    0x6D, 0x4B, 0xD3, 0xB4, 0xCA, 0xF2, 0x6C, 0x28, 0x8A, 0xA2, 0x28, 0x8A, 0xA2, 0x28, 0x8A, 0xA2, 0xD8, 0x75, 0xAF, 0xEE, 0xFF, 0xFF, 0xFF, 0xEF,
    0x2C, 0x4B, 0xD7, 0x30, 0xAD, 0xEB, 0x7A, 0x5D, 0xD3, 0x2F, 0xBF, 0xC3, 0x34, 0xDC, 0xB2, 0xEC, 0xFB, 0xBE, 0x2F, 0xCB, 0xEE, 0x74, 0xFB, 0xBE,
    0x18, 0x46, 0x92, 0x72, 0x1E, 0xF7, 0x7D, 0x9E, 0x83, 0x32, 0x15, 0x45, 0x92, 0x14, 0x49, 0x92, 0x24, 0x49, 0x92, 0x24, 0x49, 0x5B, 0x9E, 0xF7,
    0x3D, 0xFA, 0xF1, 0xB6, 0xA5, 0x58, 0x3F, 0x63, 0xFD, 0x8A, 0xF5, 0x2B, 0xD6, 0x6F, 0x29, 0x0C, 0x01, 0x10, 0xD4, 0x02, 0x00, 0x04, 0x25, 0x11,
    0xC0, 0x42, 0x2D, 0x00, 0x00, 0x00, 0x00, 0x40, 0x04, 0x81, 0xB4, 0x2C, 0xCB, 0x4A, 0xBF, 0xEF, 0xFB, 0xBE, 0xEF, 0xFB, 0xBE, 0xEF, 0xFB, 0xBE,
    0xEF, 0xFB, 0xBE, 0xEF, 0xFB, 0xBE, 0xEF, 0x4B, 0xA7, 0xD7, 0x25, 0x8A, 0xA2, 0x28, 0x9A, 0x26, 0xDB, 0xBA, 0xB0, 0xCA, 0xF2, 0x3B, 0xEF, 0xF3,
    0x3C, 0xCE, 0xFA, 0xBE, 0x42, 0x8C, 0xFF, 0xA9, 0x28, 0xFC, 0x6E, 0x29, 0x8A, 0x22, 0x08, 0x82, 0x20, 0x08, 0x82, 0x22, 0x60, 0xD7, 0x75, 0x55,
    0xD0, 0xE3, 0x40, 0x69, 0xE9, 0xFF, 0xFF, 0xFF, 0xFF, 0x3C, 0xCF, 0xF3, 0xAA, 0x98, 0x3D, 0xD7, 0x75, 0x5D, 0x10, 0xBB, 0xB7, 0x6C, 0xDB, 0xB6,
    0x74, 0x4D, 0xEB, 0x3C, 0xFF, 0xFB, 0x65, 0x59, 0x8A, 0xA2, 0x28, 0x8A, 0xA2, 0x28, 0x8A, 0xA2, 0x68, 0xF2, 0xFF, 0xFF, 0xFF, 0xFF, 0xEF, 0xF3,
    0x3C, 0xCF, 0xF3, 0x3B, 0x7E, 0xDF, 0xF8, 0xBE, 0xE3, 0xBB, 0xCF, 0xFB, 0x3E, 0x8F, 0xEF, 0x7C, 0x4D, 0xD3, 0xF5, 0xBB, 0xFB, 0x7B, 0xDB, 0xBE,
    0xE0, 0x45, 0x91, 0x72, 0x2E, 0xF7, 0x7D, 0xDF, 0xCB, 0x20, 0x15, 0x05, 0x11, 0x45, 0x49, 0x92, 0x24, 0x49, 0x92, 0x24, 0x49, 0x60, 0x9F, 0xE7,
    0x3D, 0xFA, 0xF1, 0xBD, 0xA5, 0x58, 0x0A, 0x61, 0x59, 0x8A, 0xA5, 0x10, 0x16, 0x43, 0x28, 0x0A, 0x01, 0x00, 0xCB, 0x02, 0x00, 0x40, 0x90, 0x10,
    0x41, 0x24, 0x51, 0x12, 0x01, 0x10, 0x49, 0x52, 0x65, 0x15, 0xB5, 0x2C, 0xCB, 0x56, 0xBB, 0xEF, 0xFB, 0xBE, 0xEF, 0xFB, 0xBE, 0xEF, 0xFB, 0xBE,
    0xEF, 0xFB, 0xBE, 0xEF, 0xFB, 0xBE, 0xEF, 0x4B, 0xA7, 0xD7, 0x25, 0x8A, 0xA2, 0x28, 0x96, 0x2E, 0xAD, 0xB6, 0x6F, 0xBA, 0xEF, 0x38, 0xEF, 0xF3,
    0x75, 0x0D, 0xFB, 0xBF, 0x96, 0x78, 0x3F, 0xAE, 0x28, 0xFE, 0x6F, 0x29, 0x82, 0x20, 0x08, 0x82, 0x20, 0x08, 0x82, 0x22, 0x4C, 0xD8, 0x75, 0x5D,
    0xD7, 0x55, 0x55, 0x69, 0xE9, 0xFF, 0xFF, 0xFF, 0xFF, 0x3E, 0xCF, 0xF3, 0x75, 0x57, 0x5E, 0x15, 0x56, 0x3D, 0x4F, 0xB9, 0xEF, 0xFB, 0x8E, 0xD7,
    0xFA, 0xAE, 0xB3, 0x69, 0xC7, 0x6D, 0x9A, 0x99, 0x96, 0xA5, 0x68, 0x8A, 0xA2, 0x29, 0x8A, 0x67, 0xA8, 0xFF, 0xFF, 0xFF, 0xFF, 0xFF, 0xCF, 0xB3,
    0x3A, 0xAF, 0xA6, 0xAD, 0xA5, 0x58, 0x96, 0xE7, 0x8D, 0x6A, 0x79, 0xB2, 0xEC, 0xC9, 0xDF, 0xD6, 0xC9, 0xB2, 0xFB, 0xEE, 0xFF, 0x7B, 0x5D, 0xB7,
    0x20, 0x87, 0x91, 0xA0, 0xDD, 0xF7, 0xFF, 0xFF, 0xF7, 0x39, 0x25, 0x05, 0xC4, 0x53, 0x45, 0x92, 0x24, 0x49, 0x92, 0x24, 0x2D, 0x60, 0x9E, 0xF7,
    0x3D, 0xFA, 0xF5, 0xBD, 0xA5, 0x28, 0x8A, 0xA2, 0x24, 0x8A, 0xA2, 0x30, 0x16, 0xA3, 0x28, 0x0C, 0x01, 0x00, 0x00, 0x00, 0x24, 0x09, 0x10, 0x24,
    0x92, 0x24, 0x45, 0xD4, 0x02, 0x24, 0x14, 0x55, 0x65, 0x94, 0xB4, 0x2C, 0xD1, 0xA4, 0xBB, 0xEF, 0xFB, 0xBE, 0xEF, 0xFB, 0xBE, 0xEF, 0xFB, 0xBE,
    0xEF, 0xFB, 0xBE, 0xEF, 0xFB, 0xBE, 0xEF, 0x4B, 0xA7, 0xD7, 0x25, 0x8A, 0xA2, 0x28, 0x8A, 0xA5, 0xFA, 0xD2, 0xAA, 0xB9, 0xEB, 0xF5, 0xEE, 0xF3,
    0x6F, 0x0B, 0xEF, 0xBF, 0xAF, 0xA1, 0xFF, 0xAC, 0x28, 0xFE, 0x6F, 0x29, 0x82, 0x20, 0x08, 0x82, 0x20, 0x08, 0x82, 0x20, 0x08, 0xD8, 0x75, 0x5D,
    0xD5, 0xF5, 0x40, 0x69, 0xE9, 0xFF, 0xFF, 0xFF, 0xFF, 0x3E, 0xCF, 0xF3, 0xBC, 0x26, 0x5E, 0xD5, 0xF5, 0x3C, 0xCF, 0x05, 0x9B, 0xA5, 0x29, 0x6A,
    0x57, 0x56, 0x55, 0xDD, 0x55, 0x65, 0x19, 0x07, 0xB3, 0x62, 0xFA, 0xA6, 0x6D, 0x7A, 0xA6, 0xA5, 0xE9, 0xFF, 0xFF, 0xFF, 0xFF, 0xFF, 0xCF, 0xAB,
    0xEC, 0xFE, 0xC2, 0xBA, 0x65, 0xB5, 0x34, 0x4D, 0xBF, 0x2F, 0xED, 0xAA, 0xA7, 0x97, 0x7A, 0x53, 0xAB, 0xB2, 0xA9, 0x97, 0xA6, 0x5E, 0x8A, 0xD6,
    0x32, 0xC8, 0x91, 0x79, 0x0E, 0x5E, 0x50, 0x55, 0xD9, 0xB9, 0x24, 0x2D, 0x40, 0x10, 0x49, 0x92, 0x24, 0x51, 0x92, 0x24, 0x2D, 0x5C, 0x9E, 0xF7,
    0x3D, 0xFA, 0xE5, 0xA8, 0xA5, 0x30, 0x09, 0x90, 0x24, 0x01, 0xA3, 0xA0, 0xA8, 0xA2, 0x28, 0x4A, 0x02, 0x10, 0x49, 0xB4, 0x2C, 0x52, 0x54, 0x55,
    0x12, 0x45, 0x49, 0x54, 0x04, 0x00, 0x91, 0x44, 0x55, 0x91, 0x14, 0x49, 0x0B, 0xA3, 0xBB, 0xEF, 0xFB, 0xBE, 0xEF, 0xFB, 0xBE, 0xEF, 0xFB, 0xBE,
    0xEF, 0xFB, 0xBE, 0xEF, 0xFB, 0xBE, 0xEF, 0xFB, 0xB2, 0xDA, 0x25, 0x8A, 0xA2, 0x28, 0x8A, 0xA2, 0xAA, 0xA6, 0xA2, 0x48, 0xB3, 0x26, 0xEC, 0xD7,
    0xED, 0xDB, 0xD6, 0xFF, 0xFF, 0xEE, 0x7F, 0xAD, 0x28, 0xFE, 0x6F, 0x29, 0x82, 0xA0, 0x08, 0x82, 0x20, 0x08, 0x82, 0x20, 0x10, 0xD8, 0x53, 0x5D,
    0xD7, 0xF5, 0x3C, 0x69, 0xE9, 0xFF, 0xFF, 0xFF, 0xFF, 0x3E, 0xCF, 0xF3, 0x7C, 0x29, 0x42, 0x4F, 0x55, 0x41, 0x50, 0x15, 0x76, 0x5D, 0x5A, 0xAB,
    0xA6, 0xA9, 0xE2, 0xBA, 0xAE, 0xE3, 0xAC, 0xB9, 0xEF, 0xEF, 0xFB, 0xD2, 0xB4, 0x99, 0xAA, 0x25, 0xFC, 0xFF, 0xFF, 0xFF, 0xFF, 0xFF, 0xCF, 0xC3,
    0xBC, 0xEF, 0xB2, 0xB4, 0xD6, 0xD1, 0x6C, 0xFB, 0xB6, 0xEF, 0xFB, 0xBE, 0xEF, 0xCB, 0xCF, 0x25, 0xCD, 0xBE, 0x2F, 0xCD, 0xB2, 0xB4, 0xEA, 0xED,
    0x7F, 0x9F, 0xCB, 0x32, 0x77, 0x25, 0x0F, 0x58, 0x55, 0x20, 0x25, 0x25, 0x00, 0xB0, 0x50, 0x91, 0x14, 0x25, 0x12, 0x25, 0x45, 0x8F, 0x6C, 0xF7,
    0xBD, 0x6D, 0xD9, 0xBD, 0x47, 0x28, 0x0C, 0xA3, 0x58, 0x8A, 0xA2, 0x58, 0x16, 0xA1, 0x58, 0xD6, 0x12, 0x2D, 0x0B, 0xB5, 0x44, 0x0B, 0x50, 0x50,
    0x4B, 0xB2, 0x50, 0x0B, 0x00, 0x04, 0x92, 0x44, 0x55, 0x91, 0x24, 0x51, 0x0B, 0xA3, 0xBB, 0xEF, 0xFB, 0xBE, 0xEF, 0xFB, 0xBE, 0xEF, 0xFB, 0xBE,
    0xEF, 0xFB, 0xBE, 0xED, 0xFB, 0xBE, 0xEF, 0xEB, 0xD2, 0xDD, 0x25, 0x8A, 0xA2, 0x28, 0x8A, 0x62, 0x6A, 0x8A, 0xA2, 0x99, 0x8A, 0x22, 0xEB, 0xD7,
    0xED, 0xDB, 0xD6, 0xBC, 0xCE, 0xEA, 0x3E, 0xAC, 0x28, 0xFF, 0x3C, 0x29, 0x82, 0xA0, 0x28, 0x82, 0x20, 0x08, 0x82, 0x20, 0x28, 0xD8, 0xF3, 0x3C,
    0x10, 0x76, 0x5D, 0x69, 0xF9, 0xFF, 0xFF, 0xFF, 0xFF, 0x3F, 0xEF, 0xFB, 0x7E, 0x5A, 0x56, 0x15, 0x76, 0x61, 0xD8, 0x85, 0xE3, 0xF4, 0xFB, 0xD2,
    0xF5, 0xAE, 0xD3, 0xB4, 0xCB, 0xBE, 0x6A, 0xED, 0xF3, 0x6C, 0xFB, 0xA6, 0xEA, 0x9B, 0xD2, 0xAA, 0xFF, 0xFF, 0xFF, 0xFF, 0xFF, 0xFF, 0xEF, 0xEF,
    0xBE, 0xCF, 0xEF, 0x3A, 0x5C, 0xBF, 0xB5, 0xCE, 0xD6, 0x34, 0xCB, 0xD6, 0x3A, 0xFF, 0xFB, 0xB5, 0x5E, 0xEB, 0x2E, 0xAD, 0xD3, 0xF4, 0x0B, 0xF3,
    0x79, 0xDF, 0xE7, 0x32, 0xC7, 0x55, 0x15, 0xB7, 0x81, 0x36, 0x15, 0x2D, 0x0B, 0xB0, 0x50, 0x52, 0x04, 0x00, 0x40, 0x44, 0x45, 0x15, 0x08, 0xF6,
    0xBD, 0x6D, 0xA1, 0xBE, 0x95, 0x30, 0x4A, 0xA2, 0x24, 0x49, 0x92, 0x24, 0x84, 0xA2, 0x28, 0xD6, 0x12, 0x45, 0xD2, 0x02, 0x00, 0x11, 0xB1, 0x50,
    0x51, 0x00, 0x04, 0x00, 0x00, 0x2C, 0x94, 0x24, 0x51, 0x92, 0x24, 0x51, 0x0B, 0x53, 0xBB, 0x6F, 0xFB, 0xBE, 0xEF, 0xFB, 0xBE, 0xEF, 0x4B, 0xBF,
    0xEF, 0xFB, 0xBE, 0x35, 0xDD, 0xEA, 0x6C, 0xEB, 0xAA, 0xDD, 0x25, 0x8A, 0xA2, 0x28, 0x8A, 0xA5, 0x9A, 0xAA, 0xAA, 0x2B, 0x76, 0xE2, 0xC9, 0xD7,
    0xED, 0xFB, 0xD2, 0x2D, 0xFB, 0xB6, 0x2C, 0x5D, 0x32, 0x96, 0x35, 0x29, 0x82, 0xA0, 0x28, 0x82, 0x20, 0x08, 0x82, 0x20, 0x08, 0x58, 0xF5, 0x3C,
    0xCF, 0x53, 0x69, 0xA9, 0xE8, 0xFF, 0xBE, 0xAE, 0xEB, 0xFA, 0x3E, 0xB3, 0xF8, 0x99, 0x42, 0x0F, 0x56, 0x55, 0x4F, 0x05, 0xEB, 0x2D, 0xCE, 0xEF,
    0xFB, 0xAE, 0xD7, 0xEC, 0x59, 0x9A, 0xE9, 0xEE, 0xF3, 0x6C, 0x7A, 0xAA, 0xEF, 0xAB, 0xA6, 0xEC, 0xFF, 0xFF, 0xFF, 0xFF, 0xFF, 0xFF, 0xEF, 0xB3,
    0x2C, 0x5B, 0xD3, 0xFC, 0xCE, 0xA6, 0xA3, 0x66, 0x29, 0x8A, 0x62, 0x8D, 0xA9, 0xE7, 0x59, 0x16, 0x8A, 0xEE, 0x3E, 0x6A, 0x8D, 0x23, 0xEE, 0xFB,
    0x50, 0xA6, 0x65, 0xDB, 0x56, 0x5D, 0x50, 0xF0, 0xF4, 0x72, 0x14, 0x51, 0x11, 0x00, 0x48, 0x54, 0x00, 0x24, 0x00, 0x20, 0x51, 0xA0, 0x0C, 0xE6,
    0xFD, 0x97, 0x7C, 0x1E, 0xB1, 0x58, 0x49, 0x60, 0x29, 0x8A, 0xA5, 0x28, 0x8A, 0x62, 0x4D, 0x4A, 0x44, 0x49, 0x92, 0x94, 0x24, 0x12, 0x55, 0x51,
    0x92, 0x04, 0x00, 0x00, 0x00, 0x2C, 0x54, 0x24, 0x51, 0x92, 0x24, 0x51, 0x0B, 0xC3, 0xBF, 0xB4, 0x4E, 0xE3, 0x38, 0xDD, 0xBE, 0xAF, 0x6A, 0x9E,
    0xEA, 0xFB, 0xBE, 0x35, 0xFD, 0xBA, 0xEA, 0xEB, 0xD6, 0xE2, 0x25, 0x8A, 0xA2, 0x28, 0x8A, 0x62, 0x59, 0xBE, 0x34, 0x9D, 0x62, 0x9A, 0xB9, 0xD7,
    0xED, 0x4B, 0xA7, 0x2C, 0xFD, 0xBE, 0xEF, 0x4B, 0xB7, 0x96, 0xA2, 0x28, 0x8A, 0xA0, 0x28, 0x89, 0x20, 0x08, 0x82, 0x20, 0x08, 0xCC, 0xF5, 0x3C,
    0x0F, 0x74, 0x75, 0x66, 0xCA, 0x96, 0x66, 0x2A, 0x66, 0x99, 0xD8, 0x69, 0xA2, 0xA8, 0x3D, 0xCE, 0xF3, 0x3C, 0x4F, 0x25, 0xB2, 0xA5, 0xD9, 0x69,
    0x5D, 0xA7, 0x65, 0x9A, 0x78, 0xA6, 0xA2, 0xE9, 0xF3, 0xBC, 0xFA, 0xBE, 0xEF, 0xFB, 0xA6, 0xFC, 0xFF, 0xFF, 0xFF, 0xFF, 0xFF, 0xFF, 0xCF, 0xB7,
    0xAD, 0xDB, 0x9A, 0x30, 0x6E, 0xBA, 0xAD, 0xA5, 0x29, 0x56, 0xAC, 0xBE, 0xAA, 0xCA, 0xB2, 0xAD, 0x67, 0x59, 0xB3, 0xA2, 0x78, 0x9E, 0x67, 0x79,
    0x5F, 0xCE, 0x5D, 0x59, 0x41, 0x5C, 0xD8, 0x42, 0xE6, 0x0B, 0x40, 0x45, 0x14, 0x01, 0x48, 0x14, 0x10, 0x50, 0x09, 0x40, 0x64, 0x72, 0x0E, 0xE6,
    0x3D, 0x9A, 0x2C, 0xDC, 0x84, 0x7D, 0x55, 0x85, 0x7E, 0xDF, 0xBD, 0x4E, 0x96, 0x85, 0xF2, 0x5C, 0x14, 0x45, 0x91, 0x14, 0x49, 0x52, 0x44, 0x49,
    0x92, 0x24, 0x05, 0x09, 0x95, 0x2C, 0x14, 0x45, 0x51, 0x92, 0x24, 0x49, 0xD1, 0xC5, 0x9F, 0x67, 0xAD, 0xBA, 0xF4, 0xFB, 0xBE, 0x2F, 0x9B, 0xB2,
    0xEF, 0xFB, 0xBE, 0xED, 0xFB, 0xBE, 0xEF, 0xEB, 0xD6, 0xE2, 0x25, 0x8A, 0xA2, 0x28, 0x8A, 0xA5, 0x29, 0xA6, 0x2C, 0x5D, 0x5E, 0x57, 0xA8, 0xEF,
    0xEF, 0xAB, 0x69, 0xBA, 0xCE, 0xBE, 0xEF, 0xEB, 0xD2, 0xB4, 0xA7, 0x28, 0x8A, 0xA0, 0x28, 0x8A, 0x20, 0x08, 0x82, 0x20, 0x08, 0x4C, 0xF6, 0x3C,
    0xCF, 0x53, 0xB1, 0xF8, 0xBE, 0x77, 0x9A, 0xD8, 0x69, 0xD7, 0x03, 0x41, 0x50, 0xF5, 0x3C, 0x15, 0x54, 0x5D, 0xD8, 0xD5, 0xA5, 0x78, 0xFA, 0x95,
    0x69, 0x5B, 0xF3, 0xFC, 0x8E, 0xD7, 0x2A, 0xCB, 0xF3, 0xFC, 0xFB, 0xBE, 0xEF, 0xFB, 0xB6, 0xFE, 0xFF, 0xFF, 0xFF, 0xFF, 0xFF, 0xFF, 0xCF, 0xD7,
    0x7A, 0x5D, 0xE3, 0xFC, 0x2E, 0x8A, 0xAF, 0x65, 0x59, 0x23, 0xCD, 0xB6, 0xEE, 0xCB, 0xB2, 0x2C, 0x4D, 0x7B, 0x9E, 0xA5, 0xD3, 0x34, 0xAB, 0xAA,
    0x7D, 0xDE, 0x83, 0x95, 0x74, 0x61, 0x14, 0x45, 0xC6, 0x00, 0x40, 0x51, 0x14, 0x01, 0x44, 0x14, 0x00, 0x2C, 0x0B, 0x00, 0x6C, 0x72, 0x9E, 0xE7,
    0xBD, 0x6D, 0x71, 0x11, 0x41, 0x10, 0x01, 0x90, 0x10, 0x04, 0x11, 0x00, 0x04, 0x41, 0x08, 0x09, 0x95, 0x65, 0x95, 0x24, 0x49, 0x12, 0x25, 0x49,
    0x52, 0x44, 0x2D, 0x11, 0x25, 0x49, 0x49, 0x10, 0x24, 0x91, 0x24, 0x49, 0xD1, 0xF5, 0x9E, 0x69, 0xDB, 0xBE, 0xEF, 0xFB, 0xBE, 0xEF, 0x4B, 0xBF,
    0xEF, 0xFB, 0xBE, 0xEF, 0xFB, 0xBE, 0xEF, 0xEB, 0xD6, 0xE2, 0x25, 0x8A, 0xA2, 0x28, 0x8A, 0xA2, 0x68, 0xA6, 0x2A, 0x6D, 0x5E, 0x58, 0x57, 0xF3,
    0xF4, 0x5B, 0xE9, 0x3E, 0xED, 0xBE, 0xEF, 0xFB, 0xBE, 0x2E, 0x9D, 0x5A, 0x8A, 0xA0, 0x28, 0x8A, 0x22, 0x08, 0x82, 0x20, 0x08, 0x0C, 0xF6, 0x3C,
    0x90, 0xA6, 0xD2, 0xF5, 0x4B, 0xEB, 0xEC, 0xBE, 0x39, 0x8E, 0xF3, 0x54, 0x15, 0x04, 0x41, 0xCF, 0x03, 0x3D, 0xD5, 0x85, 0xF1, 0x35, 0xAD, 0xD7,
    0xEF, 0xDB, 0xB6, 0xED, 0x0B, 0xD3, 0xA9, 0xCF, 0xF3, 0xFC, 0xFB, 0xBE, 0xEF, 0x4B, 0xC3, 0xFE, 0xFF, 0xFF, 0xFF, 0xFF, 0xFF, 0xBF, 0x8F, 0xEB,
    0xBB, 0xBF, 0xEB, 0xBC, 0xBF, 0xE3, 0xBA, 0x67, 0x59, 0xA3, 0xBE, 0xF3, 0x3A, 0xCD, 0xF3, 0x3A, 0xAD, 0xFF, 0xFE, 0x59, 0xEB, 0x38, 0x4D, 0xBF,
    0x79, 0xDE, 0xF7, 0x79, 0x4C, 0x62, 0x17, 0x45, 0x91, 0x0B, 0x10, 0x44, 0x04, 0x00, 0x04, 0xD4, 0x02, 0x00, 0x40, 0x40, 0x54, 0x79, 0x9E, 0xE7,
    0xBD, 0x6D, 0xDD, 0xD9, 0xB4, 0x58, 0x56, 0xE1, 0x59, 0x8A, 0xF5, 0x2D, 0xC9, 0x67, 0x59, 0x53, 0x54, 0x55, 0x14, 0x25, 0x51, 0x0B, 0x11, 0x51,
    0x14, 0x45, 0x2D, 0x91, 0x24, 0x45, 0x09, 0x41, 0x04, 0x00, 0x21, 0x49, 0xD1, 0x55, 0xD3, 0xF4, 0xFB, 0xBE, 0xEF, 0xFB, 0xBE, 0xEF, 0xFB, 0xBE,
    0xEF, 0xFB, 0xBE, 0xEF, 0xFB, 0xBE, 0xEF, 0xFB, 0xD2, 0xE6, 0x15, 0x96, 0xA2, 0x28, 0x8A, 0xA2, 0x58, 0xA6, 0x2F, 0xDC, 0x5D, 0x57, 0x57, 0xF3,
    0xF0, 0xAB, 0xD5, 0x78, 0xFB, 0xBE, 0xEF, 0xFB, 0xBE, 0xAF, 0x4B, 0xD3, 0x96, 0xA0, 0x28, 0x8A, 0x22, 0x08, 0x82, 0x20, 0x08, 0x0A, 0x76, 0x41,
    0x4F, 0xA6, 0x96, 0xA9, 0xA9, 0x96, 0x98, 0x0A, 0x4E, 0xD0, 0xF3, 0x3C, 0xCF, 0xF3, 0x3C, 0xCF, 0xF3, 0x3C, 0xCF, 0x83, 0xF9, 0xBB, 0xCA, 0xD2,
    0x35, 0xAD, 0xE3, 0xFA, 0xEE, 0xF3, 0xBE, 0xCF, 0xF3, 0x7C, 0x4B, 0xC3, 0x2D, 0x4D, 0xF3, 0xFF, 0xFF, 0xFF, 0xFF, 0xFF, 0xFF, 0xFF, 0xCE, 0xB6,
    0xEF, 0xFE, 0xA6, 0x69, 0xAA, 0x8E, 0xA3, 0xC6, 0x58, 0x96, 0x37, 0x8E, 0x96, 0x65, 0x29, 0x8A, 0x36, 0x9E, 0xEF, 0x0E, 0xA3, 0xFC, 0xCE, 0xF3,
    0x79, 0xFF, 0xF7, 0x39, 0x48, 0x62, 0x18, 0xB5, 0xE5, 0x19, 0x01, 0x00, 0x00, 0x00, 0x48, 0x14, 0xB5, 0x2C, 0x51, 0xB2, 0x64, 0xB9, 0x9C, 0xF7,
    0xBD, 0xED, 0x65, 0xD3, 0x67, 0x31, 0x4C, 0x60, 0x59, 0x96, 0x85, 0x2E, 0x81, 0x65, 0xDD, 0x5A, 0xB4, 0x2C, 0x91, 0x24, 0x51, 0x51, 0x42, 0x2D,
    0xC4, 0x52, 0x49, 0x92, 0x24, 0x51, 0x14, 0x45, 0x45, 0x00, 0x40, 0x50, 0x52, 0x25, 0xB7, 0xEF, 0xFB, 0xBE, 0xEF, 0xFB, 0xBE, 0xEF, 0xFB, 0xBE,
    0xEF, 0xFB, 0xBE, 0xEF, 0xFB, 0xBE, 0xEF, 0xFB, 0xD2, 0x29, 0xD6, 0x95, 0xA2, 0x28, 0x8A, 0xA2, 0x58, 0xA6, 0x2F, 0x6D, 0x5E, 0x5A, 0xA8, 0xFB,
    0x7B, 0x5B, 0xC2, 0xFC, 0xFB, 0xBE, 0xEF, 0xFB, 0xBE, 0xEF, 0xEB, 0xD2, 0xB4, 0xA2, 0x28, 0x82, 0x20, 0x08, 0x82, 0x20, 0x08, 0x0C, 0xA6, 0x55,
    0x8F, 0x5A, 0xEB, 0xFC, 0x4E, 0xD7, 0xBC, 0x5D, 0x54, 0xD5, 0x53, 0x41, 0x55, 0xF5, 0x3C, 0x0F, 0xF4, 0x3C, 0xCF, 0x53, 0xB1, 0x33, 0xCB, 0xA6,
    0x6C, 0x5A, 0x8A, 0x58, 0xD5, 0xD5, 0x3B, 0xCF, 0xF3, 0x3C, 0xAE, 0xBF, 0xF5, 0xCE, 0xEE, 0xFF, 0xFF, 0xFF, 0xFF, 0xFF, 0xFF, 0xBF, 0xCE, 0xB6,
    0x34, 0xDF, 0xBE, 0xAC, 0x69, 0x5A, 0x96, 0x36, 0x59, 0x96, 0x65, 0x59, 0x56, 0x67, 0x09, 0xDE, 0x78, 0x9E, 0xA7, 0x99, 0xA6, 0xA6, 0x86, 0xDE,
    0x7D, 0xFF, 0xF7, 0xB9, 0x4D, 0x92, 0x31, 0x27, 0xCB, 0x5B, 0xB6, 0x04, 0x41, 0xB4, 0x24, 0x0B, 0x15, 0x25, 0x09, 0xF1, 0x70, 0x7D, 0x25, 0xD9,
    0x3F, 0x9A, 0x2C, 0x9F, 0xA5, 0x28, 0x0A, 0x01, 0x10, 0x00, 0x91, 0x00, 0x84, 0xA2, 0x58, 0x99, 0x24, 0x45, 0x92, 0x24, 0x45, 0x49, 0xB2, 0x2C,
    0x49, 0x54, 0x51, 0xD4, 0x02, 0x24, 0x54, 0x14, 0x49, 0x12, 0x01, 0x10, 0x4B, 0x25, 0xBB, 0xEF, 0xFB, 0xBE, 0xEF, 0xFB, 0xBE, 0xEF, 0xFB, 0xBE,
    0xEF, 0xFB, 0xBE, 0xEF, 0xFB, 0xBE, 0xEF, 0xFB, 0xBE, 0xAF, 0xD6, 0x89, 0xA1, 0x28, 0x8A, 0xA2, 0x28, 0x9A, 0xE6, 0x9B, 0x5E, 0x5D, 0xB9, 0xF3,
    0xF4, 0xAB, 0x9A, 0x7C, 0xDD, 0xBE, 0xEF, 0xFB, 0xBE, 0xEF, 0xFB, 0xBE, 0xAF, 0x92, 0x28, 0x82, 0x20, 0x08, 0x82, 0x20, 0x08, 0x0C, 0xF6, 0x38,
    0x5B, 0xAD, 0x9A, 0x25, 0x8C, 0x9B, 0xF5, 0x0E, 0x41, 0xD7, 0x85, 0x55, 0x55, 0xF5, 0x3C, 0xCF, 0xF3, 0x40, 0x17, 0xD6, 0x95, 0x65, 0x27, 0x76,
    0xA9, 0x9A, 0xD6, 0x38, 0x0B, 0xEF, 0x3C, 0xCF, 0xF3, 0x3C, 0x4F, 0xD7, 0x3B, 0x5E, 0xF3, 0xFF, 0xFF, 0xFF, 0xFF, 0xFF, 0xFF, 0x3F, 0xAF, 0xEB,
    0xBE, 0x5F, 0xBF, 0xA9, 0x99, 0x9A, 0xBB, 0xA9, 0x69, 0x96, 0x65, 0x59, 0x96, 0xA6, 0x59, 0x74, 0x4B, 0xD3, 0xF4, 0xDB, 0xBE, 0x6F, 0xAA, 0x79,
    0x7D, 0xDF, 0xFF, 0x7D, 0x6F, 0xCB, 0x24, 0x46, 0x91, 0x59, 0xB6, 0x45, 0x09, 0x25, 0x25, 0x00, 0x00, 0x00, 0xC0, 0x92, 0x55, 0xB9, 0x5C, 0x65,
    0xFD, 0x44, 0x78, 0xA8, 0xA5, 0x28, 0x8A, 0xA2, 0x2C, 0x04, 0x41, 0x24, 0x96, 0xA2, 0x58, 0xD3, 0x22, 0x49, 0x92, 0x24, 0x45, 0x00, 0x90, 0x50,
    0x54, 0x52, 0x2C, 0x11, 0x95, 0x00, 0x0B, 0x45, 0x49, 0xD4, 0x02, 0x00, 0x40, 0x61, 0xBB, 0xEF, 0xFB, 0xBE, 0xEF, 0xFB, 0xBE, 0xEF, 0xFB, 0xBE,
    0xEF, 0xFB, 0xBE, 0xEF, 0xFB, 0xBE, 0xEF, 0xFB, 0xBE, 0xB4, 0x56, 0xB2, 0x6A, 0x6A, 0xA6, 0xA9, 0x9A, 0xC2, 0x70, 0x4D, 0x6A, 0xA9, 0xCA, 0xF3,
    0xEE, 0xDB, 0x76, 0xE9, 0xFE, 0xBE, 0xEF, 0xFB, 0xBE, 0xEF, 0xFB, 0xBE, 0xAF, 0xC6, 0x28, 0x89, 0x20, 0x08, 0x82, 0x20, 0x08, 0x4C, 0x56, 0x7D,
    0x38, 0xDD, 0x9A, 0xA9, 0x9B, 0x8A, 0x2A, 0xCF, 0x3E, 0x4F, 0xF5, 0x54, 0x57, 0x95, 0x75, 0xE6, 0x3B, 0xD7, 0xFA, 0xEE, 0xF3, 0x38, 0xAD, 0xD3,
    0x35, 0xDD, 0xD2, 0x35, 0xAD, 0xA6, 0x3C, 0xCF, 0xF3, 0x3C, 0xBF, 0xE3, 0xF8, 0xBE, 0xF3, 0xFF, 0xFF, 0xFF, 0xFF, 0xFF, 0xFF, 0xBF, 0xBF, 0xEF,
    0xF5, 0xBE, 0xF3, 0xBC, 0xCE, 0xEA, 0x3E, 0xEB, 0xC1, 0xB5, 0xE9, 0x69, 0x96, 0x26, 0xD2, 0x3A, 0x4D, 0xD3, 0xB4, 0xBE, 0xEF, 0xFA, 0xAE, 0xFB,
    0x7D, 0xDF, 0xF7, 0x7D, 0x2E, 0x83, 0x24, 0x89, 0x61, 0x19, 0x24, 0x25, 0x89, 0x24, 0x51, 0x49, 0x12, 0x00, 0x89, 0x94, 0x49, 0x60, 0xDF, 0xF7,
    0xBF, 0xE5, 0xDD, 0x0A, 0xA3, 0x28, 0x8A, 0xC2, 0x4C, 0x8A, 0x95, 0x4D, 0x8A, 0xA2, 0x30, 0x44, 0x41, 0x45, 0x92, 0x24, 0x51, 0x52, 0x44, 0x2D,
    0x84, 0x94, 0x00, 0xC0, 0x92, 0x00, 0x00, 0x00, 0x00, 0x00, 0x00, 0x00, 0x40, 0xA2, 0xB7, 0xEF, 0xFB, 0xBE, 0xEF, 0xFB, 0xBE, 0xEF, 0xFB, 0xBE,
    0xEF, 0xFB, 0xBE, 0xEF, 0xFB, 0xBE, 0xEF, 0xFB, 0xBE, 0xB4, 0xD6, 0xF9, 0xBC, 0xFE, 0xD6, 0x34, 0xAD, 0xF3, 0x3C, 0xBF, 0xB3, 0xA9, 0xCA, 0xEE,
    0xB4, 0x0B, 0xB3, 0xBA, 0x4F, 0xBB, 0xEF, 0xFB, 0xBE, 0xEF, 0xFB, 0xBE, 0xAD, 0x26, 0x5A, 0x82, 0x20, 0x08, 0x82, 0x20, 0x08, 0x4C, 0x05, 0x99,
    0x75, 0xBD, 0xF3, 0x3B, 0xCF, 0xEB, 0xBB, 0xFF, 0xEB, 0x2A, 0xAB, 0xD6, 0xFA, 0x0B, 0xD7, 0xB5, 0x9B, 0x9A, 0x66, 0x5A, 0xEF, 0xBA, 0x4E, 0xEB,
    0xEC, 0xBC, 0xD7, 0x74, 0x4D, 0xEB, 0x3C, 0xCF, 0xF3, 0x3C, 0xCF, 0xE3, 0x3C, 0xCF, 0xFB, 0xFF, 0xFF, 0xFF, 0xFF, 0xFF, 0xFF, 0x3F, 0xCF, 0xEF,
    0x6D, 0xDB, 0xBA, 0xBA, 0xCE, 0xE3, 0x9A, 0xA5, 0x59, 0xA7, 0x67, 0x59, 0x96, 0xA5, 0x58, 0xA8, 0x37, 0x8E, 0x9E, 0x37, 0xCE, 0xA8, 0x37, 0x7A,
    0x79, 0xDE, 0xF7, 0x7F, 0x9F, 0xCB, 0x32, 0x48, 0xC6, 0x59, 0x12, 0x45, 0x8B, 0x24, 0x49, 0x91, 0x44, 0x25, 0x51, 0xB4, 0x54, 0x79, 0xDE, 0xFF,
    0x3D, 0x7A, 0x7B, 0x8A, 0xA2, 0x28, 0x8A, 0xC2, 0x30, 0x0A, 0x93, 0xAF, 0x8A, 0xA2, 0x30, 0x44, 0x22, 0x49, 0x92, 0x44, 0x11, 0x04, 0x45, 0x25,
    0x00, 0x90, 0x00, 0x00, 0x00, 0x00, 0x00, 0x00, 0x00, 0x40, 0xB0, 0x44, 0xD1, 0xA3, 0xBB, 0xEF, 0xFB, 0xBE, 0xEF, 0xFB, 0xBE, 0xEF, 0xFB, 0xBE,
    0xEF, 0xFB, 0xBE, 0xEF, 0xFB, 0xBE, 0xED, 0xFB, 0xBE, 0x34, 0xA6, 0xF1, 0x6D, 0xFB, 0xB2, 0x69, 0xDB, 0xB6, 0x6D, 0xCD, 0xA7, 0x9A, 0x28, 0xEE,
    0x74, 0xFB, 0xC2, 0x3C, 0xFF, 0xBE, 0xEF, 0xFB, 0xBE, 0xEF, 0xFB, 0xBE, 0x6D, 0x5A, 0xE3, 0xB0, 0x67, 0x29, 0x0C, 0xA3, 0x28, 0xDA, 0xFB, 0xCD,
    0x3C, 0x8F, 0xEF, 0x35, 0xAC, 0xEB, 0xB5, 0xAE, 0xBB, 0x35, 0xAD, 0xA6, 0xA6, 0x28, 0x86, 0xA1, 0x28, 0x8A, 0x62, 0x57, 0xEA, 0xAA, 0x2A, 0x8A,
    0xA6, 0xD6, 0x69, 0x97, 0x09, 0xF3, 0x3C, 0xCF, 0xF3, 0x3C, 0xCF, 0xF3, 0x3C, 0xEF, 0xFF, 0xFF, 0xFF, 0xFF, 0x3E, 0xCF, 0xFB, 0x3C, 0xCF, 0xEB,
    0xAD, 0xFB, 0xBE, 0x2D, 0x4B, 0x9B, 0x96, 0xA5, 0x31, 0x96, 0x66, 0x59, 0x96, 0x65, 0x59, 0x96, 0x65, 0x69, 0x96, 0x60, 0x59, 0x96, 0xE6, 0x69,
    0x72, 0xFF, 0xF7, 0x7D, 0x9F, 0xE7, 0x39, 0x99, 0x67, 0x49, 0x44, 0x49, 0x92, 0x24, 0x49, 0x92, 0x24, 0x2D, 0x51, 0x94, 0x64, 0x39, 0x98, 0xFF,
    0xFF, 0x87, 0xDA, 0x96, 0xA5, 0x28, 0x8A, 0x92, 0x04, 0x8A, 0xC2, 0x30, 0x8A, 0xA2, 0x30, 0x04, 0x10, 0x55, 0x54, 0x44, 0x25, 0x00, 0x11, 0x00,
    0x00, 0x90, 0x14, 0xC9, 0x12, 0x24, 0x14, 0x25, 0x51, 0x4B, 0x44, 0x51, 0xCB, 0x02, 0xD2, 0xEF, 0xFB, 0xBE, 0xEF, 0xFB, 0xBE, 0xEF, 0xFB, 0xBE,
    0xEF, 0xFB, 0xBE, 0x6D, 0xFB, 0xBE, 0x35, 0xFD, 0xBE, 0xB4, 0xA6, 0xD5, 0xED, 0xFB, 0xBE, 0xEE, 0xFB, 0xBE, 0x6F, 0xDB, 0xA6, 0xA2, 0x28, 0xFA,
    0x7A, 0xFB, 0xB6, 0xF5, 0x4E, 0xBF, 0xEF, 0xFB, 0xBE, 0xEF, 0xFB, 0xBE, 0x2F, 0x0C, 0xC3, 0x34, 0xED, 0x31, 0x0A, 0x33, 0x59, 0xDE, 0x5E, 0xD3,
    0x2F, 0xFB, 0xB2, 0x6D, 0xCB, 0xB6, 0x6D, 0xFB, 0xBE, 0x6A, 0xDA, 0x89, 0xA2, 0x28, 0x8A, 0xA2, 0x28, 0x8A, 0x62, 0x29, 0x66, 0x1A, 0x9B, 0x72,
    0xA5, 0xF8, 0xA5, 0x26, 0xCE, 0xF3, 0x3C, 0xCF, 0xF3, 0x3C, 0xCF, 0xEF, 0x3C, 0xCF, 0xFB, 0xFC, 0xBE, 0xEF, 0xF7, 0x7D, 0xDF, 0x3B, 0xCF, 0xC3,
    0x75, 0xDD, 0xB2, 0x2D, 0x4B, 0x97, 0x96, 0x65, 0x59, 0x9E, 0x66, 0x59, 0x96, 0x65, 0x59, 0x9A, 0x66, 0x75, 0xA7, 0x45, 0xD3, 0xB4, 0x4E, 0xD3,
    0x7D, 0xDF, 0xF7, 0xFD, 0xDF, 0xDB, 0x79, 0x4C, 0x2E, 0x09, 0x25, 0x49, 0x92, 0x24, 0x49, 0x92, 0x24, 0x49, 0x92, 0x14, 0x65, 0x39, 0x98, 0xF7,
    0xFF, 0x87, 0xDA, 0x96, 0xA2, 0x28, 0x8A, 0xA2, 0x24, 0x0B, 0xA3, 0x28, 0x8A, 0xA2, 0x30, 0x09, 0x50, 0x6C, 0x54, 0x24, 0x51, 0x09, 0x00, 0x00,
    0xC0, 0x72, 0x51, 0x14, 0xB5, 0x44, 0x94, 0x44, 0x2D, 0xC1, 0x22, 0x49, 0x11, 0x61, 0xE9, 0xED, 0xFB, 0xBE, 0xEF, 0xFB, 0xBE, 0x6F, 0xDB, 0xD2,
    0x34, 0x4D, 0xD3, 0xF8, 0x5E, 0xBF, 0x7A, 0xFD, 0xBE, 0xB4, 0xA8, 0xC1, 0xEF, 0xFB, 0xBE, 0xEF, 0xFB, 0xBE, 0xEF, 0x4B, 0x97, 0x9D, 0x28, 0xF2,
    0x3C, 0xFB, 0xBE, 0x6F, 0xFB, 0xBE, 0xEF, 0xFB, 0xBE, 0xEF, 0xFB, 0xBE, 0xAF, 0x6A, 0xD2, 0xAE, 0x4B, 0x9F, 0x8C, 0xA2, 0x28, 0x4A, 0x5A, 0xB3,
    0xEA, 0xA9, 0xBE, 0x2F, 0x4D, 0xBF, 0x6A, 0x79, 0x9A, 0x9D, 0x28, 0x8A, 0xA2, 0x28, 0x8A, 0xA2, 0x28, 0x8A, 0x62, 0x58, 0xEE, 0xFB, 0x5E, 0xD7,
    0x74, 0xAD, 0xEB, 0xEE, 0xCE, 0xF3, 0x3C, 0xCF, 0xF3, 0x3C, 0x7F, 0xDF, 0xF7, 0x7D, 0xDF, 0xF7, 0x7D, 0xDF, 0xF7, 0x7D, 0xDF, 0xF7, 0x4E, 0xD3,
    0x3B, 0xBF, 0xF3, 0xBA, 0xCE, 0xEB, 0x5D, 0xA7, 0x75, 0xB8, 0xA9, 0x59, 0x96, 0x65, 0x59, 0x96, 0x65, 0x69, 0x96, 0x46, 0xD3, 0x34, 0xCB, 0xB2,
    0x79, 0xDE, 0xF7, 0x7D, 0xFF, 0xE7, 0x79, 0x2E, 0x53, 0x0B, 0x25, 0x49, 0x92, 0x24, 0x49, 0x92, 0x24, 0x49, 0x92, 0x14, 0x55, 0x60, 0x9E, 0xE7,
    0x3D, 0x9A, 0x7B, 0x8A, 0xA2, 0x28, 0x8A, 0xA2, 0x28, 0x0C, 0xA3, 0x28, 0x8A, 0xA2, 0x28, 0x53, 0x00, 0x54, 0x15, 0x45, 0x49, 0x04, 0xB0, 0x50,
    0x4B, 0x54, 0x25, 0x44, 0x94, 0x2C, 0x92, 0x44, 0x2D, 0x40, 0x22, 0x49, 0x51, 0x70, 0xE9, 0xED, 0xFB, 0xBE, 0xEF, 0xFB, 0xB6, 0xAD, 0x5E, 0xAB,
    0xA9, 0xE9, 0xD6, 0x7A, 0x4D, 0xBF, 0x6D, 0xFB, 0xBE, 0x74, 0xAA, 0xC1, 0xEF, 0xFB, 0xBE, 0xEF, 0xFB, 0xBE, 0xEF, 0xFB, 0x9A, 0xA2, 0x28, 0xEE,
    0x78, 0xFB, 0xBE, 0xEF, 0xFB, 0xBE, 0xEF, 0xFB, 0xBE, 0xEF, 0xFB, 0xBE, 0xAF, 0x6A, 0xD2, 0xEF, 0xEB, 0xD2, 0xB4, 0xA5, 0x28, 0x8A, 0x49, 0x76,
    0xA2, 0x28, 0xB2, 0xAF, 0x6A, 0x9A, 0x62, 0x28, 0x8A, 0xA2, 0x28, 0x8A, 0xA2, 0x28, 0x8A, 0xA2, 0x28, 0x8A, 0xE6, 0xC9, 0xEE, 0x6D, 0xDB, 0xB6,
    0x6D, 0xDB, 0xB6, 0x29, 0xCB, 0xF3, 0x3C, 0xCF, 0xF3, 0xFC, 0x7E, 0xDF, 0xF3, 0x7D, 0xDF, 0xF7, 0x7D, 0xDF, 0xF7, 0x7D, 0xDF, 0xF7, 0xDC, 0xBE,
    0xAD, 0xAB, 0xEF, 0xBB, 0xEF, 0xEF, 0xA9, 0x97, 0x96, 0x35, 0xCE, 0xA2, 0xB5, 0x7A, 0x7A, 0xA5, 0xD9, 0x75, 0x1E, 0x3A, 0x9F, 0xA9, 0xAE, 0xD7,
    0x79, 0xDF, 0xE7, 0x79, 0xDE, 0xF7, 0x79, 0x9E, 0x4F, 0x11, 0x25, 0x49, 0x92, 0x24, 0x49, 0x92, 0x24, 0x49, 0x92, 0x14, 0x65, 0x60, 0x9E, 0xF7,
    0xBF, 0xF7, 0x7D, 0x0A, 0xA3, 0x28, 0x8A, 0xA2, 0x28, 0x8A, 0xA2, 0x28, 0x8A, 0xA2, 0x28, 0x4C, 0x14, 0x10, 0x49, 0x92, 0x00, 0xC0, 0x22, 0x49,
    0x11, 0x75, 0x25, 0x41, 0x04, 0x10, 0x92, 0x24, 0x51, 0xC4, 0x42, 0x49, 0x52, 0x32, 0xD5, 0x6D, 0x0B, 0xC3, 0xEF, 0x5B, 0xE3, 0x2D, 0xAC, 0xD7,
    0xB5, 0x5A, 0xB6, 0x6D, 0xFB, 0xBE, 0xEF, 0xFB, 0xBE, 0xB4, 0xAA, 0xBD, 0xEF, 0xFB, 0xBE, 0xEF, 0xFB, 0xBE, 0x2D, 0x4B, 0xA7, 0xA2, 0x28, 0xEE,
    0x74, 0xFB, 0xBE, 0xEF, 0xFB, 0xBE, 0xEF, 0xFB, 0xBE, 0xEF, 0xFB, 0xBE, 0xAF, 0x6A, 0xD2, 0xEF, 0xFB, 0xBA, 0x2F, 0x3D, 0x2A, 0x8A, 0xA8, 0x89,
    0xA2, 0x28, 0x96, 0x65, 0xD7, 0x89, 0xA2, 0x28, 0x8A, 0xA2, 0x28, 0x8A, 0xA2, 0x28, 0x8A, 0xA5, 0xA9, 0xB6, 0xED, 0x4B, 0xF3, 0x3B, 0x0D, 0xC3,
    0x30, 0x0C, 0xC3, 0x34, 0xCC, 0xF3, 0x3C, 0xCF, 0xEF, 0xF7, 0x7D, 0xDF, 0xF7, 0x7D, 0xDF, 0xF7, 0x7D, 0xDF, 0xF7, 0x7D, 0xDF, 0x73, 0x4D, 0xB7,
    0xEF, 0xDB, 0xB2, 0xEA, 0xAE, 0xA7, 0x9A, 0xA5, 0x59, 0x56, 0xA7, 0x79, 0xA3, 0x05, 0xEF, 0x9E, 0x57, 0xA6, 0x9E, 0x65, 0x31, 0x8C, 0xA5, 0x28,
    0x79, 0x9F, 0x83, 0xDB, 0x06, 0xCA, 0xB9, 0x9D, 0x6F, 0x51, 0x14, 0x49, 0x92, 0x24, 0x49, 0x92, 0x24, 0x49, 0x52, 0x14, 0x55, 0x72, 0x9E, 0xF7,
    0xBF, 0xF7, 0x7D, 0x8A, 0xA2, 0x28, 0x8A, 0xA2, 0x28, 0x8A, 0xA2, 0x28, 0x8A, 0xA2, 0x28, 0x4C, 0x94, 0x2C, 0x00, 0x00, 0x04, 0x11, 0x25, 0x49,
    0x12, 0x45, 0x49, 0x14, 0x95, 0x2C, 0x94, 0x24, 0x51, 0x4B, 0x24, 0x49, 0xD4, 0x32, 0xA5, 0xF0, 0xCE, 0xEB, 0xEF, 0x4B, 0xD7, 0xAF, 0xFA, 0xFE,
    0x3F, 0xAB, 0xC1, 0xEF, 0xFB, 0xBE, 0xEF, 0xFB, 0xD2, 0xAF, 0xAA, 0xBD, 0xEF, 0xFB, 0xBE, 0x2D, 0x9B, 0xD6, 0x75, 0xBD, 0xAB, 0xA2, 0x18, 0xF2,
    0xFC, 0xFB, 0xB6, 0x6D, 0x4B, 0xD3, 0x2F, 0xFD, 0xBE, 0xEF, 0xFB, 0xBE, 0x2F, 0x6B, 0xD2, 0xEF, 0xFB, 0xBE, 0xAF, 0x4B, 0xAB, 0x96, 0x59, 0x8A,
    0xA2, 0x28, 0x8A, 0x62, 0x59, 0x8A, 0xA2, 0x28, 0x8A, 0x62, 0x18, 0x86, 0xA2, 0x28, 0xA6, 0xEC, 0xFB, 0xD2, 0x34, 0x3D, 0xF3, 0xFC, 0xBE, 0xEF,
    0xFB, 0xBE, 0xEF, 0x3B, 0xCF, 0xEF, 0xF7, 0x7D, 0xDF, 0xF7, 0x7D, 0xDF, 0x28, 0x3A, 0xCF, 0xF7, 0x3D, 0xDF, 0xF7, 0x7D, 0xCF, 0xF3, 0xBC, 0xEB,
    0xF4, 0xFB, 0xB6, 0x2D, 0xAE, 0xAB, 0x9D, 0x65, 0x59, 0x96, 0x65, 0x69, 0xD6, 0xC4, 0x9C, 0x9A, 0x65, 0x59, 0x96, 0xA5, 0x89, 0x96, 0x65, 0x59,
    0x39, 0x58, 0x39, 0x55, 0xB6, 0x6D, 0xA0, 0x6C, 0x73, 0xD7, 0x34, 0x45, 0x51, 0x14, 0x51, 0x92, 0x24, 0x49, 0x12, 0x45, 0x65, 0x79, 0x9F, 0xF7,
    0x36, 0xC7, 0x5D, 0x55, 0x75, 0x5D, 0xF2, 0x37, 0x59, 0xD6, 0x64, 0x59, 0x96, 0x66, 0x79, 0x56, 0xB4, 0x54, 0x51, 0x94, 0x2C, 0x54, 0x24, 0x49,
    0x92, 0x14, 0x49, 0x92, 0xB4, 0x44, 0x92, 0x24, 0x49, 0x92, 0x24, 0x49, 0x52, 0x74, 0x99, 0xB4, 0x5E, 0xBF, 0xEF, 0xFB, 0xB6, 0xEF, 0xFB, 0xFA,
    0x7E, 0x2D, 0xA6, 0xF4, 0xFB, 0xD2, 0xED, 0xAB, 0xAA, 0x33, 0x3E, 0xB7, 0xEF, 0xDB, 0xB6, 0x30, 0x5E, 0xE3, 0x7A, 0xFD, 0xA6, 0xA2, 0x68, 0xEE,
    0x75, 0xCA, 0xD6, 0x2C, 0xAB, 0xA6, 0x6A, 0xCA, 0xBE, 0x6C, 0xCB, 0xAA, 0xED, 0x69, 0xBE, 0xEF, 0xFB, 0xBE, 0xEF, 0xEB, 0xBE, 0x3A, 0x2B, 0x8A,
    0xA2, 0x28, 0x8A, 0xA2, 0x28, 0x8A, 0xA2, 0x18, 0x86, 0x25, 0xAB, 0xB2, 0xA6, 0xC8, 0xE2, 0xFA, 0x3C, 0xD7, 0x38, 0x3E, 0xCF, 0x28, 0x8A, 0xA2,
    0x28, 0x8A, 0xA2, 0x28, 0x8A, 0xDE, 0xF3, 0x7C, 0xDF, 0xF7, 0x7D, 0xDF, 0xF7, 0x7D, 0xDF, 0xF7, 0x3D, 0xDF, 0xF7, 0x7D, 0xDF, 0xF7, 0x7D, 0xEF,
    0xF7, 0x8E, 0xD7, 0x38, 0xBF, 0xAB, 0xA5, 0x66, 0x59, 0x96, 0x65, 0x59, 0x56, 0x67, 0x9D, 0x9A, 0x65, 0x59, 0x96, 0x65, 0x59, 0x96, 0x65, 0x69,
    0x95, 0xE3, 0x38, 0x8E, 0xE3, 0x38, 0x55, 0x95, 0x81, 0x60, 0xB6, 0x6D, 0xD5, 0x12, 0x2D, 0x51, 0x14, 0x45, 0xD2, 0xF2, 0x54, 0xB9, 0x0C, 0x66,
    0xD5, 0x92, 0x24, 0x45, 0x51, 0x2C, 0xCF, 0x13, 0x51, 0x15, 0x55, 0x71, 0x60, 0xC6, 0xE5, 0x5B, 0x14, 0x55, 0x94, 0xB4, 0x2C, 0x94, 0x24, 0x49,
    0x92, 0x24, 0x49, 0x92, 0x24, 0x49, 0x92, 0x24, 0x49, 0x92, 0x24, 0x49, 0x52, 0x84, 0x99, 0x66, 0xDB, 0xBE, 0xEF, 0xFB, 0xBE, 0xEF, 0x4B, 0xFB,
    0x3E, 0x6F, 0x9A, 0xF4, 0xCB, 0xAA, 0x69, 0x7A, 0xA2, 0xE8, 0x7C, 0xD7, 0xF3, 0x5C, 0xEB, 0xFA, 0xFB, 0xB6, 0x6D, 0xFB, 0x9A, 0xA5, 0xAB, 0xEF,
    0xF8, 0x0C, 0xEF, 0xFB, 0x3E, 0xD7, 0x35, 0xCE, 0xA6, 0x6C, 0x8A, 0xEB, 0x6A, 0xCA, 0xBA, 0x69, 0xFB, 0xBE, 0xEF, 0xFB, 0xBE, 0xB0, 0x2A, 0x8A,
    0x61, 0x18, 0x9E, 0x69, 0x2A, 0x8A, 0x62, 0x99, 0xEA, 0x3B, 0xCF, 0xF3, 0xFB, 0x7C, 0xEF, 0xF7, 0x7C, 0xCF, 0xE8, 0x3C, 0xA3, 0x28, 0x8A, 0xA2,
    0x28, 0x8A, 0xA2, 0x28, 0x8A, 0xA2, 0xE8, 0x89, 0xCE, 0xE8, 0x7D, 0xCF, 0xF7, 0x7D, 0xCF, 0xF3, 0x7C, 0xDF, 0xF7, 0x8C, 0xA2, 0x28, 0x7A, 0xA2,
    0x28, 0x3A, 0xDF, 0xF7, 0xCE, 0xE3, 0x68, 0x69, 0x9A, 0x6A, 0xDA, 0x75, 0x5E, 0xA8, 0xCD, 0x96, 0x65, 0x59, 0x96, 0x65, 0x59, 0x96, 0x65, 0x75,
    0x59, 0x56, 0x39, 0x8E, 0xE3, 0x34, 0x4D, 0xE3, 0x54, 0x55, 0x56, 0x55, 0x19, 0x08, 0x6E, 0x55, 0x45, 0x2D, 0x4B, 0xB4, 0x24, 0x51, 0x45, 0x45,
    0xC9, 0x92, 0x6D, 0xDB, 0x96, 0x6D, 0x0B, 0x40, 0x00, 0x00, 0x00, 0x04, 0x41, 0x52, 0x81, 0xF2, 0x46, 0x55, 0x95, 0x44, 0x24, 0x51, 0x14, 0x49,
    0x92, 0x14, 0x49, 0x92, 0x14, 0x49, 0x92, 0x24, 0x49, 0x92, 0x24, 0x49, 0x52, 0x74, 0x99, 0x62, 0xE9, 0xBE, 0xEF, 0xFB, 0xBE, 0xB4, 0x6A, 0xF2,
    0xFC, 0x0E, 0xA7, 0x3A, 0x3E, 0xCF, 0xF7, 0x3D, 0xDF, 0xF7, 0x7D, 0xEF, 0xF7, 0x7D, 0xDF, 0xF3, 0x8D, 0xDF, 0xF8, 0xBE, 0xE3, 0x38, 0xBE, 0xCF,
    0xF7, 0x3C, 0xDF, 0xF7, 0x7D, 0xDF, 0xF7, 0x7D, 0xDF, 0xFB, 0x7D, 0xEF, 0xFB, 0xED, 0xF3, 0x3B, 0xAD, 0xBA, 0x6F, 0xFB, 0xBE, 0x34, 0x7D, 0xD6,
    0xFB, 0xBE, 0xF3, 0x3C, 0x8F, 0xD7, 0x33, 0x7E, 0xCF, 0xF7, 0x3C, 0xCF, 0xF3, 0x7C, 0xDF, 0xF7, 0x7D, 0xDF, 0xF7, 0x7D, 0xDF, 0xF7, 0x7D, 0xDF,
    0xF7, 0x7D, 0xDF, 0xF7, 0x3D, 0xDF, 0xF7, 0x7C, 0xDF, 0xF7, 0x7D, 0xCF, 0xF7, 0x3D, 0xCF, 0xF3, 0x7C, 0xDF, 0xF7, 0x3D, 0xA3, 0xF3, 0x7C, 0xDF,
    0x28, 0x0A, 0xA3, 0xDE, 0x38, 0x7A, 0xE3, 0x38, 0x9E, 0x33, 0x7C, 0x9E, 0xE7, 0x8C, 0xF3, 0xA8, 0x37, 0x7A, 0xA3, 0x66, 0x59, 0x96, 0xD5, 0x69,
    0x59, 0xE5, 0x38, 0x8E, 0xE3, 0x34, 0x4D, 0x63, 0x18, 0x4D, 0x83, 0x20, 0x8E, 0xE3, 0x54, 0x59, 0xB6, 0x6D, 0x59, 0x96, 0x55, 0x55, 0xB5, 0x30,
    0x19, 0x28, 0x83, 0x59, 0xB6, 0x71, 0xB2, 0x2C, 0x83, 0x09, 0x00, 0x00, 0x04, 0x67, 0x6F, 0x1B, 0x08, 0xCA, 0x59, 0x56, 0x3D, 0x50, 0xF6, 0x2C,
    0xD1, 0x92, 0x44, 0xD2, 0x92, 0x2C, 0x51, 0x24, 0x49, 0x92, 0x24, 0x49, 0x54, 0x32, 0xA5, 0xA2, 0xA8, 0xBE, 0x2F, 0x4D, 0xB7, 0xAA, 0x98, 0xEE,
    0xEC, 0x7B, 0xDF, 0xF7, 0x7D, 0xDF, 0xF7, 0x7D, 0xDF, 0xF7, 0x3C, 0xCF, 0x33, 0x8A, 0xA2, 0xE8, 0x7C, 0xDF, 0xF7, 0x7D, 0xDF, 0xF7, 0x7D, 0xDF,
    0xF7, 0x7D, 0xDF, 0xF7, 0x7D, 0xDF, 0xF7, 0x7D, 0xDF, 0xF7, 0x7D, 0xDF, 0x33, 0x8A, 0xCF, 0xF7, 0xCC, 0xCE, 0x38, 0x3E, 0x9F, 0xF3, 0xBE, 0xDF,
    0xFB, 0xBE, 0xDF, 0xF7, 0x7D, 0xDF, 0xF7, 0x7D, 0xDF, 0xF7, 0x7D, 0xDF, 0xF7, 0x7D, 0xDF, 0xF3, 0x8C, 0xA2, 0x28, 0x8A, 0xA2, 0x28, 0x7A, 0xDF,
    0xF7, 0x7D, 0xDF, 0xF7, 0x7D, 0xDF, 0xF7, 0x7D, 0xDF, 0xF3, 0x3C, 0xDF, 0x33, 0x8A, 0xA2, 0xF3, 0x7D, 0xDF, 0xF7, 0x3C, 0xC3, 0xF3, 0x8C, 0xA2,
    0xA3, 0x37, 0x7A, 0x9E, 0xE7, 0x59, 0x9E, 0xE7, 0x9D, 0xE7, 0x88, 0xCE, 0x28, 0x3C, 0xA3, 0xF3, 0x3C, 0xCF, 0x37, 0xFA, 0x9D, 0xF5, 0xCC, 0xA2,
    0x8E, 0xE3, 0x40, 0x4E, 0xD3, 0x34, 0x4D, 0xD3, 0x34, 0x8D, 0x61, 0x18, 0xC3, 0x60, 0x0C, 0x83, 0x61, 0x18, 0x06, 0x82, 0x38, 0x0E, 0x54, 0x41,
    0x8E, 0xE3, 0x54, 0xDB, 0xB6, 0x81, 0x5B, 0xB6, 0x6D, 0xA0, 0x2C, 0xE7, 0x20, 0x08, 0x82, 0x1B, 0x07, 0xDA, 0x19, 0x53, 0x55, 0x59, 0x96, 0x6D,
    0x5B, 0x05, 0x51, 0x12, 0xB1, 0x48, 0x14, 0x15, 0x45, 0x51, 0x14, 0x45, 0x4B, 0x51, 0x75, 0x62, 0x58, 0xB2, 0xAD, 0x69, 0x9A, 0x26, 0x8B, 0xA2,
    0x28, 0x8A, 0xDE, 0xF3, 0x7D, 0xCF, 0xF3, 0x3C, 0xDF, 0xF7, 0x7C, 0xCF, 0xF3, 0x3C, 0xCF, 0x33, 0x8A, 0xA2, 0xF3, 0x7C, 0xCF, 0xF3, 0x3D, 0xDF,
    0xF7, 0x8C, 0xA2, 0xE8, 0x8C, 0xA2, 0xF3, 0x7D, 0xDF, 0xF7, 0x3C, 0xDF, 0xE8, 0x3C, 0xA3, 0xE8, 0x8C, 0xCE, 0x37, 0x8A, 0xCE, 0xE8, 0x3C, 0xA3,
    0x28, 0x3A, 0xDF, 0x37, 0x3A, 0xDF, 0xF7, 0x3C, 0xDF, 0xF7, 0x7D, 0xDF, 0xF7, 0x7D, 0xDF, 0xF7, 0x3D, 0xCF, 0xF3, 0x8C, 0xA2, 0x28, 0x8A, 0xA2,
    0x28, 0x8A, 0xCE, 0xF3, 0x3D, 0xCF, 0x33, 0x3A, 0xDF, 0xF7, 0x3D, 0xA3, 0xF3, 0x8C, 0xA2, 0xE7, 0x39, 0xA2, 0xA7, 0xE7, 0x79, 0x9E, 0xE7, 0x79,
    0xE3, 0x78, 0x7A, 0xDE, 0xE8, 0x79, 0x27, 0x7A, 0xA2, 0xA8, 0xE7, 0x8D, 0x9E, 0xE7, 0x9D, 0xE7, 0x88, 0xDE, 0xF3, 0x89, 0xCE, 0xE8, 0x3D, 0xA3,
    0xC3, 0x60, 0x18, 0xC3, 0x60, 0x0C, 0xC3, 0x60, 0x34, 0xC7, 0xD1, 0x34, 0x47, 0xD3, 0x1C, 0x87, 0x61, 0x18, 0x46, 0x63, 0x34, 0x86, 0xD1, 0x18,
    0x86, 0xD1, 0x34, 0x4D, 0x63, 0x34, 0x87, 0x71, 0x18, 0x47, 0xD3, 0x20, 0x86, 0xD1, 0x20, 0x88, 0xE3, 0x40, 0xD9, 0xB6, 0x65, 0xD9, 0x06, 0x82,
    0x79, 0x9E, 0x83, 0x20, 0x08, 0x72, 0x5B, 0x96, 0x4D, 0x4B, 0x34, 0x55, 0x57, 0x45, 0x85, 0xA9, 0x69, 0x9A, 0x26, 0x3A, 0xDF, 0xF7, 0x7E, 0xDF,
    0xF7, 0x7D, 0xDF, 0xF7, 0x7D, 0xDF, 0xF7, 0x7D, 0xDF, 0xF7, 0x7D, 0xDF, 0xF7, 0x7D, 0xDF, 0xF7, 0x7D, 0xA3, 0xE8, 0x3C, 0x9F, 0x28, 0x3A, 0xDF,
    0x28, 0x8A, 0x9E, 0xF3, 0x7D, 0xDF, 0x28, 0x8A, 0xCE, 0x28, 0x3A, 0xCF, 0xE8, 0x8C, 0xA2, 0x28, 0x8A, 0xCE, 0xE8, 0x79, 0xA2, 0xE8, 0x3C, 0xCF,
    0x33, 0x8A, 0xCE, 0xE8, 0x89, 0xA2, 0x27, 0xEA, 0x79, 0xDE, 0x38, 0x7A, 0xA3, 0x37, 0x8E, 0x23, 0x7A, 0x8E, 0x28, 0x3A, 0x8E, 0xE8, 0xE8, 0x8D,
    0xE7, 0x89, 0x9E, 0x27, 0x8A, 0x9E, 0xE7, 0x37, 0xE3, 0xF3, 0x8C, 0x9E, 0x28, 0x8A, 0x9E, 0x9E, 0xE7, 0x79, 0x9E, 0xE7, 0x79, 0x9E, 0xF7, 0x9D,
    0xE7, 0xE8, 0x79, 0xE7, 0x89, 0x9E, 0xA7, 0xE7, 0x8D, 0xE3, 0x38, 0x8E, 0xE3, 0x79, 0xA2, 0x28, 0x8A, 0xCE, 0xE8, 0x89, 0xA2, 0xE8, 0x3C, 0xA3,
    0xC3, 0x30, 0x0C, 0xC3, 0x30, 0x0C, 0x86, 0x61, 0x0C, 0xC3, 0x30, 0x0C, 0xC3, 0x60, 0x18, 0xC6, 0x71, 0x1C, 0xCD, 0x61, 0x1C, 0xC6, 0xD1, 0x18,
    0x46, 0xD3, 0x34, 0x46, 0x63, 0x18, 0x83, 0x31, 0x0C, 0xC3, 0x30, 0x0C, 0xC3, 0x30, 0x0C, 0xC3, 0x30, 0x0C, 0xC3, 0x30, 0x0C, 0x83, 0x61, 0x20,
    0x88, 0xE3, 0x38, 0x0E, 0x04, 0x41, 0x8E, 0x03, 0x41, 0x0E, 0x94, 0x65, 0x4E, 0xE3, 0x40, 0x10, 0x04, 0x6D, 0xDB, 0x6A, 0xCB, 0xF3, 0x3C, 0xCF,
    0xF3, 0x3C, 0xDF, 0xF7, 0xBE, 0xDF, 0xF7, 0x3D, 0xCF, 0xF3, 0x8C, 0xA2, 0x28, 0x8A, 0xA2, 0x28, 0x8A, 0x9E, 0x27, 0x8A, 0x9E, 0xE7, 0x89, 0xA2,
    0x27, 0x8A, 0xA2, 0x28, 0x3A, 0xA3, 0x27, 0x8C, 0x9E, 0x28, 0x3C, 0xDF, 0xF3, 0x3C, 0xA3, 0xE7, 0x89, 0x9E, 0x27, 0x8A, 0x9E, 0xE7, 0x79, 0x9E,
    0x27, 0x8A, 0x9E, 0xE7, 0x39, 0x8E, 0xE3, 0x38, 0x8E, 0xE3, 0x38, 0x8E, 0xE3, 0x38, 0x8E, 0xDE, 0x38, 0x7A, 0x9E, 0xE7, 0x79, 0x9E, 0xE7, 0x69,
    0x9E, 0x37, 0x8E, 0xA3, 0xE7, 0x79, 0x9E, 0xE7, 0x79, 0x9E, 0xE7, 0x69, 0x9A, 0xE7, 0x59, 0x96, 0xE6, 0x79, 0x9E, 0xE7, 0x79, 0x9A, 0xE6, 0x79,
    0x9E, 0xE7, 0x79, 0x9E, 0x77, 0x9E, 0x9E, 0xE7, 0x79, 0xDE, 0x38, 0x8E, 0x27, 0x3A, 0x9F, 0xE7, 0x79, 0x8E, 0x27, 0x8A, 0x9E, 0xE7, 0x79, 0x9E,
    0x87, 0x31, 0x18, 0x86, 0x71, 0x1C, 0xCD, 0x61, 0x18, 0xC6, 0x30, 0x0C, 0xC3, 0x30, 0x18, 0xC7, 0x71, 0x1C, 0x87, 0x61, 0x18, 0x46, 0xD3, 0x18,
    0x48, 0x73, 0x1C, 0xC6, 0x71, 0x18, 0x86, 0x61, 0x18, 0x86, 0x61, 0x1C, 0xC7, 0x61, 0x0C, 0xC6, 0x60, 0x1C, 0xC3, 0xE0, 0x34, 0xC3, 0x30, 0x0C,
    0xC3, 0x60, 0x0C, 0xC3, 0x60, 0x18, 0x86, 0x31, 0x18, 0x86, 0x71, 0x1C, 0x86, 0x81, 0x20, 0x86, 0x31, 0x0C, 0x83, 0xD1, 0x34, 0x0D, 0x82, 0x20,
    0x8E, 0xE3, 0x38, 0x59, 0x96, 0x6D, 0xDB, 0xB6, 0x7D, 0xE7, 0x7A, 0x9E, 0x28, 0x8A, 0xA2, 0x28, 0x8A, 0xA2, 0x30, 0x8A, 0xCE, 0x30, 0x3A, 0xDF,
    0xF3, 0x7D, 0xDF, 0xF7, 0x8C, 0xA2, 0x2C, 0x8A, 0xA2, 0xF7, 0x3C, 0xDF, 0xF7, 0x7D, 0xDF, 0xF7, 0x7D, 0xDF, 0xF3, 0x7C, 0xCF, 0xF3, 0x8C, 0xA2,
    0xE8, 0x3C, 0xCF, 0xF3, 0x7C, 0xDF, 0xF7, 0x3C, 0xDF, 0xF3, 0x3D, 0xCF, 0xF3, 0x3C, 0xCF, 0xF3, 0x3C, 0xC3, 0xE8, 0x89, 0xA2, 0xE8, 0x8C, 0xC2,
    0x33, 0x8A, 0xA2, 0xF7, 0x8C, 0x9E, 0xE3, 0x78, 0x7A, 0xDE, 0xE8, 0x79, 0x9E, 0xE7, 0x79, 0xDE, 0xE8, 0x8D, 0xE3, 0xE8, 0x79, 0x9E, 0x87, 0xA2,
    0x28, 0x3A, 0xDF, 0x28, 0x8A, 0xA2, 0x28, 0x7A, 0xCE, 0xF7, 0x7C, 0xDF, 0xF7, 0x7D, 0xDF, 0xF7, 0x7D, 0xCF, 0xE8, 0x7C, 0xCF, 0x33, 0x8A, 0xA2,
    0x86, 0x61, 0x18, 0xC6, 0x61, 0x18, 0xC7, 0x61, 0x18, 0x4D, 0xD3, 0x1C, 0x47, 0xD3, 0x1C, 0xC7, 0x71, 0x1C, 0x4D, 0xD3, 0x34, 0x4D, 0x63, 0x34,
    0x8D, 0xD1, 0x18, 0x46, 0xD3, 0x1C, 0x4D, 0x73, 0x1C, 0x47, 0x63, 0x18, 0x86, 0x61, 0x18, 0x86, 0x61, 0x18, 0xC3, 0x03, 0x39, 0x8D, 0x61, 0x0C,
    0x83, 0x61, 0x1C, 0xC6, 0xD1, 0x34, 0x4D, 0xD3, 0x1C, 0x4D, 0x73, 0x1C, 0x86, 0xE3, 0x38, 0x87, 0x61, 0x18, 0x86, 0x61, 0x18, 0x86, 0x61, 0x18,
    0x86, 0x61, 0x18, 0x86, 0x61, 0x18, 0x87, 0x61, 0x34, 0x4D, 0xD3, 0x38, 0x8E, 0x93, 0x6D, 0x9A, 0xD6, 0x69, 0xDE, 0xF8, 0x7D, 0x28, 0x8A, 0xA2,
    0xF7, 0x7D, 0xDF, 0xF7, 0xBD, 0xEF, 0xFB, 0x7E, 0xDF, 0xF7, 0x7D, 0xCF, 0xF3, 0x3C, 0xCF, 0xF3, 0x3C, 0xDF, 0xF7, 0x3D, 0xCF, 0xF3, 0x8C, 0x9E,
    0xF3, 0x7C, 0xDF, 0xF3, 0x7D, 0xDF, 0xF7, 0x7D, 0xDF, 0xF7, 0x7D, 0xDF, 0xF7, 0x7D, 0xDF, 0xF7, 0x7C, 0xDF, 0xF7, 0x3D, 0xCF, 0xF3, 0x3C, 0xDF,
    0xF7, 0x3C, 0xCF, 0xF7, 0x3D, 0xDF, 0x33, 0x8A, 0xCE, 0xF7, 0x3D, 0xA3, 0x33, 0x7A, 0xDF, 0xF7, 0x7C, 0xDF, 0xF3, 0x8C, 0xDE, 0xF7, 0x3C, 0xCF,
    0xF3, 0x7D, 0xDF, 0xF7, 0x7D, 0xDF, 0xF7, 0x7D, 0xCF, 0xF7, 0x3D, 0xCF, 0xF3, 0x3C, 0xCF, 0xF3, 0x3C, 0x9F, 0xE8, 0x7D, 0xDF, 0xF3, 0x8C, 0xA2,
    0xC3, 0x30, 0x0C, 0xC3, 0x30, 0x0C, 0xC6, 0x71, 0x18, 0xC7, 0x71, 0x34, 0x4D, 0xD3, 0x1C, 0x4D, 0xD3, 0x18, 0xC6, 0x61, 0x18, 0xC6, 0x30, 0x0C,
    0x83, 0x31, 0x0C, 0x83, 0x31, 0x0C, 0xC3, 0x30, 0x18, 0xC6, 0x61, 0x0C, 0xC3, 0x30, 0x0C, 0xC3, 0x30, 0x0C, 0xC3, 0x30, 0x0C, 0xC3, 0x30, 0x0C,
    0xC3, 0x30, 0x0C, 0xC3, 0x60, 0x18, 0x46, 0xD3, 0x34, 0xC7, 0x71, 0x1C, 0x8D, 0x61, 0x1C, 0x8D, 0x61, 0x1C, 0x86, 0x31, 0x0C, 0xC3, 0x30, 0x0C,
    0xC3, 0x30, 0x0C, 0xC3, 0x30, 0x0C, 0x46, 0x63, 0x18, 0x87, 0x71, 0x34, 0x4D, 0xD3, 0x34, 0x0D, 0x82, 0x18, 0x88, 0xE3, 0x38, 0x8E, 0xE3, 0x40,
    0x10, 0x54, 0x55, 0xD9, 0xB6, 0x79, 0xDE, 0x79, 0x9E, 0x27, 0x8A, 0xA2, 0x28, 0x3A, 0xA3, 0x28, 0x8A, 0xCE, 0x28, 0x8A, 0x9E, 0xE8, 0x89, 0xA2,
    0x27, 0x8A, 0xCE, 0xF3, 0x7C, 0xCF, 0xF7, 0x7D, 0xDF, 0xF7, 0x7D, 0xDF, 0xF7, 0x7D, 0xDF, 0xF7, 0x7C, 0xDF, 0xF3, 0x8C, 0x9E, 0xE7, 0x79, 0x9E,
    0xE7, 0x79, 0x9E, 0x28, 0x7A, 0xA2, 0xE8, 0x7D, 0xEF, 0xF7, 0xBD, 0xEF, 0xFC, 0x7E, 0xDF, 0xF7, 0x7D, 0xCF, 0xF7, 0x3D, 0xDF, 0x33, 0x8A, 0xA2,
    0x33, 0x8A, 0xA2, 0xF3, 0x8C, 0xA2, 0x28, 0x3A, 0xCF, 0xF7, 0x8C, 0xA2, 0x27, 0x8A, 0xA2, 0xE7, 0xF9, 0x7D, 0x28, 0x8A, 0xA2, 0xE7, 0x79, 0x9E,
    0xC6, 0x30, 0x0C, 0xC3, 0x30, 0x0C, 0xC6, 0x30, 0x18, 0x86, 0x61, 0x18, 0x83, 0x61, 0x0C, 0xC3, 0x30, 0x0C, 0xC3, 0x30, 0x0C, 0xC3, 0x30, 0x0C,
    0xC3, 0x30, 0x0C, 0xC3, 0x30, 0x0C, 0xC3, 0x30, 0x18, 0xC6, 0x30, 0x0C, 0xC3, 0x30, 0x0C, 0xC3, 0x30, 0x0C, 0xC3, 0x30, 0x0C, 0xC3, 0x30, 0x0C,
    0xC3, 0x30, 0x0C, 0xC3, 0x30, 0x0C, 0xC3, 0x30, 0x0C, 0x86, 0x71, 0x1C, 0xC7, 0x71, 0x1C, 0x86, 0xD1, 0x34, 0x87, 0x61, 0x18, 0x86, 0x31, 0x18,
    0xC6, 0x30, 0x0C, 0xC3, 0x30, 0x0C, 0xC6, 0x30, 0x18, 0x86, 0x61, 0x0C, 0x86, 0x31, 0x0C, 0xC3, 0x30, 0x0C, 0xC3, 0x60, 0x1C, 0x86, 0x61, 0x18,
    0x4D, 0xD3, 0x20, 0x08, 0x82, 0x38, 0x8E, 0x53, 0x14, 0x90, 0x03, 0x65, 0x59, 0xB6, 0x6D, 0x1B, 0xB7, 0x7D, 0xDE, 0xF8, 0x7D, 0xDF, 0xF9, 0x9D,
    0x28, 0x8A, 0x9E, 0x27, 0x8A, 0xA2, 0x28, 0x8A, 0xCE, 0xF3, 0x7C, 0xDF, 0xF7, 0x7D, 0xDF, 0xF3, 0xBD, 0xEF, 0xF7, 0x3C, 0xCF, 0xF7, 0x3C, 0xDF,
    0xE8, 0x89, 0xA2, 0x28, 0x8A, 0xCE, 0x1F, 0x8A, 0xCE, 0x28, 0x3A, 0xCF, 0xE8, 0x8C, 0xA2, 0x28, 0x8A, 0x9E, 0x28, 0x7A, 0x9E, 0xE7, 0xF7, 0x79,
    0x27, 0x7A, 0xA2, 0xE8, 0x79, 0xA2, 0x28, 0x3A, 0xCF, 0x33, 0x7A, 0xA2, 0x28, 0xFA, 0xA1, 0x28, 0x8A, 0x9E, 0x1F, 0x8A, 0xA2, 0x28, 0x8A, 0xA2,
    0xC7, 0x30, 0x1C, 0xC7, 0x61, 0x18, 0x86, 0x61, 0x1C, 0xC7, 0x71, 0x18, 0x46, 0xD3, 0x18, 0x83, 0x61, 0x18, 0x86, 0x61, 0x1C, 0xCD, 0x61, 0x18,
    0xC6, 0x60, 0x18, 0xC6, 0x71, 0x18, 0x86, 0x61, 0x18, 0x86, 0x61, 0x18, 0xC6, 0x60, 0x18, 0x86, 0x61, 0x18, 0x86, 0x61, 0x1C, 0xC6, 0x60, 0x18,
    0x86, 0x61, 0x18, 0xC6, 0x61, 0x34, 0x86, 0x61, 0x18, 0xC7, 0x61, 0x34, 0xC7, 0x71, 0x34, 0xC6, 0x50, 0x55, 0x4D, 0x73, 0x34, 0x4D, 0x73, 0x34,
    0xC6, 0x60, 0x1C, 0xC7, 0x61, 0x18, 0x86, 0x61, 0x1C, 0xC7, 0x61, 0x18, 0x46, 0x73, 0x0C, 0x86, 0x61, 0x18, 0x86, 0x61, 0x34, 0x8D, 0x61, 0x18,
    0x86, 0x71, 0x1C, 0x87, 0x61, 0x20, 0xC3, 0x30, 0x0C, 0x03, 0x32, 0x20, 0xC8, 0x50, 0x38, 0x8E, 0xE3, 0x40, 0x10, 0x04, 0x41, 0x0E, 0x04, 0x55,
    0x59, 0x96, 0x79, 0x9F, 0xE7, 0x7D, 0xDF, 0x87, 0x7E, 0x1F, 0x7A, 0xA2, 0xF7, 0x7D, 0xDF, 0xF3, 0xCC, 0xF3, 0xF7, 0x7D, 0xDF, 0x33, 0x3A, 0xCF,
    0x28, 0x7A, 0xDF, 0xF7, 0x7D, 0xCF, 0xF3, 0x3C, 0xCF, 0x33, 0x7A, 0xCE, 0xF3, 0x8C, 0xA2, 0xF3, 0x7C, 0xCF, 0x28, 0x8A, 0xA2, 0x28, 0x7A, 0x7E,
    0x27, 0x8A, 0xA2, 0xE8, 0x8C, 0xCE, 0xF3, 0x3D, 0xCF, 0xE8, 0x3C, 0xCF, 0x28, 0x8A, 0xCE, 0xF3, 0x3C, 0xA3, 0xF3, 0x3C, 0xCF, 0xE8, 0x7C, 0xCF,
    0xC7, 0x71, 0x1C, 0xC7, 0x31, 0x0C, 0x48, 0x73, 0x1C, 0xC7, 0x71, 0x1C, 0xC6, 0x60, 0x1C, 0x47, 0xD3, 0x1C, 0xC7, 0xD1, 0x1C, 0x43, 0xD3, 0x1C,
    0xCD, 0x71, 0x34, 0x4D, 0xD3, 0x34, 0x4D, 0xD3, 0x1C, 0xCD, 0x61, 0x34, 0xCD, 0x71, 0x1C, 0x4D, 0xD3, 0x1C, 0x47, 0x73, 0x1C, 0xC6, 0x31, 0x0C,
    0x83, 0xD1, 0x1C, 0x4D, 0x33, 0x20, 0xCD, 0x71, 0x34, 0x86, 0x61, 0x34, 0x86, 0x71, 0x18, 0xC6, 0xD1, 0x34, 0x4D, 0x73, 0x1C, 0x83, 0x71, 0x1C,
    0xC7, 0x71, 0x1C, 0x8D, 0x31, 0x18, 0x4D, 0x73, 0x1C, 0xC7, 0x71, 0x1C, 0x86, 0x61, 0x1C, 0x47, 0xD3, 0x1C, 0xC7, 0xD1, 0x18, 0x43, 0xD3, 0x1C,
    0xC7, 0x71, 0x34, 0x4D, 0xD3, 0x38, 0x8E, 0xE3, 0x20, 0xC3, 0x30, 0x38, 0x08, 0x82, 0x38, 0x8E, 0xE3, 0x38, 0x90, 0xE3, 0x38, 0x8E, 0xE3, 0x38,
    0x10, 0x54, 0x65, 0xD9, 0x75, 0x65, 0x59, 0x96, 0x5D, 0x50, 0xB6, 0x79, 0x1E, 0xE7, 0x7D, 0x28, 0x8A, 0xA2, 0x9F, 0xC7, 0x79, 0x28, 0x3A, 0x9F,
    0x28, 0x3A, 0xDF, 0xF7, 0x8C, 0xCE, 0xF7, 0x3C, 0xCF, 0xF3, 0x8D, 0xCE, 0xF7, 0x3C, 0xCF, 0xF3, 0x3C, 0xCF, 0xE8, 0x7D, 0x9F, 0xDF, 0x8C, 0xA2,
    0xE8, 0x3C, 0xA3, 0xE8, 0x7D, 0xEF, 0x33, 0x8A, 0xDE, 0x37, 0x7A, 0xDF, 0x28, 0x3A, 0xDF, 0xFB, 0xFC, 0xCD, 0xFC, 0x8C, 0xA2, 0x28, 0x8A, 0xA2,
    0xC7, 0x71, 0x1C, 0xC7, 0x71, 0x1C, 0x4D, 0x73, 0x1C, 0xC7, 0x71, 0x18, 0x86, 0x61, 0x1C, 0xCD, 0x61, 0x1C, 0xC7, 0x71, 0x18, 0x43, 0xD3, 0x1C,
    0xC7, 0x61, 0x34, 0xC6, 0xD1, 0x34, 0xCD, 0xD1, 0x1C, 0xC7, 0x61, 0x34, 0xCD, 0x71, 0x1C, 0x4D, 0x73, 0x1C, 0xC7, 0xD0, 0x34, 0xC7, 0x71, 0x1C,
    0xC7, 0x71, 0x1C, 0xC7, 0x71, 0x34, 0xC6, 0x30, 0x1C, 0x86, 0xD1, 0x1C, 0x87, 0xD1, 0x34, 0x48, 0xD3, 0x34, 0xCD, 0x71, 0x1C, 0x46, 0x73, 0x1C,
    0xC7, 0x71, 0x1C, 0xC7, 0x71, 0x34, 0xCD, 0x71, 0x1C, 0xC7, 0x61, 0x18, 0x86, 0x61, 0x34, 0xCD, 0x61, 0x1C, 0xC7, 0x71, 0x18, 0x43, 0xD3, 0x1C,
    0xC7, 0x71, 0x34, 0x4D, 0x83, 0x0C, 0x03, 0x82, 0x14, 0xC5, 0x80, 0x38, 0x08, 0x82, 0x20, 0x08, 0x82, 0x38, 0x85, 0xE3, 0x40, 0x10, 0x04, 0x55,
    0x57, 0xE6, 0x65, 0xD5, 0x75, 0x65, 0x95, 0x03, 0x55, 0xD5, 0x75, 0x5D, 0x57, 0xB6, 0x79, 0x5E, 0xB7, 0x79, 0x5E, 0x76, 0x65, 0xD9, 0xE7, 0x79,
    0xDE, 0xF7, 0x9D, 0xE7, 0x3C, 0xC3, 0xE8, 0x79, 0x9E, 0x27, 0xFA, 0x7D, 0x9F, 0xF7, 0x9D, 0xE8, 0x77, 0x9E, 0x28, 0x8A, 0x7E, 0x27, 0x8A, 0xA2,
    0x28, 0x7A, 0x9E, 0x27, 0x8A, 0xA2, 0xE8, 0x89, 0xA2, 0xE7, 0x87, 0xA2, 0x27, 0x7A, 0xA2, 0x28, 0x8A, 0xA2, 0xE7, 0x8C, 0x9E, 0x28, 0x7A, 0x7E,
    0xC7, 0x71, 0x1C, 0xC7, 0x61, 0x1C, 0x87, 0x61, 0x1C, 0xC7, 0x71, 0x34, 0xC7, 0xD1, 0x18, 0x83, 0xD1, 0x34, 0xC7, 0x71, 0x1C, 0xCD, 0x71, 0x1C,
    0x47, 0x63, 0x18, 0x86, 0x31, 0x0C, 0x83, 0x61, 0x18, 0xC7, 0x71, 0x1C, 0xC6, 0x60, 0x1C, 0xC7, 0x61, 0x18, 0x86, 0xE1, 0x34, 0xC7, 0x71, 0x1C,
    0x86, 0x71, 0x1C, 0xC7, 0x71, 0x1C, 0x86, 0x61, 0x1C, 0x47, 0xD3, 0x34, 0x4D, 0xD3, 0x34, 0x4D, 0xD3, 0x34, 0x4D, 0x73, 0x34, 0xCD, 0x71, 0x1C,
    0xC7, 0x71, 0x1C, 0xC7, 0x71, 0x1C, 0x87, 0x61, 0x1C, 0xC7, 0xD1, 0x34, 0xC7, 0xD1, 0x18, 0x83, 0xD1, 0x1C, 0xC7, 0x71, 0x1C, 0xCD, 0x71, 0x18,
    0x47, 0xD3, 0x18, 0xC6, 0x61, 0x18, 0xC6, 0x30, 0x0C, 0x08, 0x82, 0x20, 0x08, 0x82, 0x20, 0x08, 0x32, 0x0C, 0x83, 0xE3, 0x38, 0x8E, 0xE3, 0x38,
    0x10, 0xE4, 0x40, 0x8E, 0xE3, 0x40, 0x10, 0xE4, 0x38, 0x50, 0x95, 0x6D, 0x5B, 0xA6, 0x69, 0x5A, 0x96, 0x6D, 0xD9, 0x75, 0x65, 0x55, 0x96, 0x65,
    0x57, 0xB6, 0x79, 0x9E, 0x97, 0x55, 0xDC, 0xF7, 0xA1, 0xDF, 0x87, 0xA2, 0xE7, 0x79, 0x7A, 0x1D, 0x8A, 0x9E, 0x28, 0x8A, 0xA2, 0x28, 0x8A, 0xA2,
    0xE8, 0xF9, 0x7D, 0x9F, 0xE7, 0x79, 0xDF, 0xF7, 0xA1, 0x28, 0xFA, 0x9D, 0xDF, 0x89, 0xA2, 0xE7, 0x79, 0x9E, 0xDF, 0x8C, 0x9E, 0x28, 0x8A, 0x9E,
    0xC3, 0x70, 0x1C, 0x8D, 0x31, 0x34, 0xC7, 0x61, 0x1C, 0x8D, 0x71, 0x34, 0x87, 0x81, 0x34, 0xC3, 0xD0, 0x34, 0xC7, 0x71, 0x1C, 0x87, 0x61, 0x18,
    0x87, 0x61, 0x18, 0x86, 0x71, 0x18, 0xC6, 0x30, 0x0C, 0xC3, 0x30, 0x0C, 0xC3, 0x30, 0x0C, 0xC3, 0x30, 0x0C, 0x83, 0x31, 0x0C, 0x87, 0x61, 0x1C,
    0x86, 0x71, 0x1C, 0xC7, 0x71, 0x18, 0x47, 0x63, 0x34, 0x4D, 0xD3, 0x34, 0xCD, 0xD1, 0x1C, 0x86, 0x71, 0x1C, 0xC7, 0x71, 0x1C, 0x86, 0x71, 0x18,
    0x83, 0xD1, 0x1C, 0xC6, 0x60, 0x1C, 0x87, 0x61, 0x1C, 0x87, 0xD1, 0x34, 0x86, 0xD1, 0x18, 0xC3, 0xD1, 0x1C, 0xC7, 0x71, 0x1C, 0x86, 0x61, 0x18,
    0x4D, 0xD3, 0x34, 0xCD, 0xD1, 0x20, 0xC8, 0x80, 0x0C, 0x03, 0x72, 0x20, 0xC7, 0x81, 0x20, 0x88, 0xE3, 0x38, 0x48, 0x83, 0x20, 0x0E, 0xE2, 0x20,
    0x08, 0x32, 0x20, 0x88, 0x83, 0x38, 0x0E, 0x74, 0x41, 0x10, 0x04, 0x41, 0x55, 0x96, 0x55, 0x55, 0x55, 0x55, 0x55, 0x75, 0x5D, 0x55, 0x55, 0x65,
    0x50, 0xB5, 0x79, 0xDE, 0x97, 0x55, 0x9E, 0xF7, 0x7D, 0xDE, 0x87, 0x7E, 0xDA, 0x39, 0x6B, 0xD9, 0x3C, 0x9F, 0x28, 0x7A, 0x7E, 0xE7, 0x79, 0x9E,
    0xDF, 0xF9, 0x79, 0xDE, 0xE7, 0x75, 0xDB, 0xE6, 0x7D, 0x9B, 0xE7, 0x79, 0x9E, 0xE7, 0x79, 0x9F, 0xE7, 0x7D, 0xE7, 0xE7, 0x9D, 0xE7, 0x89, 0xA2,
};

static const PalettedBackdrop BG_BACKDROPS[NUM_BACKDROPS] = {
    { BG_STAGE_MARKET_PAL, BG_STAGE_MARKET_PACKED },
    { BG_STAGE_DOMES_PAL, BG_STAGE_DOMES_PACKED },
    { BG_STAGE_BUNKER_PAL, BG_STAGE_BUNKER_PACKED },
    { BG_STAGE_FORTRESS_PAL, BG_STAGE_FORTRESS_PACKED },
};

// Marco Idle Frame 0
constexpr int MARCO_IDLE_0_W = 33;
constexpr int MARCO_IDLE_0_H = 38;
static const uint16_t MARCO_IDLE_0_PAL[14] PROGMEM = {
    0x0000, 0x4100, 0xFF09, 0xE4C5, 0xFFDD, 0xBD8E, 0x8AC4, 0x1081, 0xD50B, 0xFF52, 0x3982, 0x7800, 0x7347, 0xB200,
};
static const uint8_t MARCO_IDLE_0_PIXELS[1254] PROGMEM = {
    0x00, 0x00, 0x00, 0x00, 0x00, 0x00, 0x00, 0x00, 0x00, 0x00, 0x00, 0x00, 0x00, 0x00, 0x00, 0x00, 0x00, 0x01, 0x01, 0x01, 0x00, 0x00, 0x00, 0x00, 0x00, 0x00, 0x00, 0x00, 0x00, 0x00, 0x00, 0x00, 0x00,
    0x00, 0x00, 0x00, 0x00, 0x00, 0x00, 0x00, 0x00, 0x00, 0x00, 0x00, 0x00, 0x01, 0x01, 0x01, 0x01, 0x01, 0x02, 0x02, 0x02, 0x01, 0x00, 0x00, 0x00, 0x00, 0x00, 0x00, 0x00, 0x00, 0x00, 0x00, 0x00, 0x00,
    0x00, 0x00, 0x00, 0x00, 0x00, 0x00, 0x00, 0x00, 0x00, 0x00, 0x00, 0x01, 0x03, 0x03, 0x03, 0x02, 0x02, 0x02, 0x03, 0x02, 0x01, 0x00, 0x00, 0x00, 0x00, 0x00, 0x00, 0x00, 0x00, 0x00, 0x00, 0x00, 0x00,
    0x00, 0x00, 0x00, 0x00, 0x00, 0x00, 0x00, 0x00, 0x00, 0x00, 0x01, 0x03, 0x03, 0x02, 0x01, 0x01, 0x01, 0x01, 0x01, 0x03, 0x03, 0x01, 0x00, 0x00, 0x00, 0x00, 0x00, 0x00, 0x00, 0x00, 0x00, 0x00, 0x00,
    0x00, 0x00, 0x00, 0x00, 0x00, 0x00, 0x00, 0x00, 0x00, 0x00, 0x01, 0x03, 0x03, 0x01, 0x04, 0x04, 0x04, 0x04, 0x04, 0x01, 0x01, 0x00, 0x00, 0x00, 0x00, 0x00, 0x00, 0x00, 0x00, 0x00, 0x00, 0x00, 0x00,
    0x00, 0x00, 0x00, 0x00, 0x00, 0x00, 0x00, 0x00, 0x00, 0x01, 0x03, 0x03, 0x01, 0x05, 0x04, 0x04, 0x04, 0x01, 0x01, 0x01, 0x00, 0x00, 0x00, 0x00, 0x00, 0x00, 0x00, 0x00, 0x00, 0x00, 0x00, 0x00, 0x00,
    0x00, 0x00, 0x00, 0x00, 0x00, 0x00, 0x00, 0x00, 0x00, 0x01, 0x03, 0x01, 0x05, 0x05, 0x01, 0x01, 0x06, 0x07, 0x06, 0x08, 0x01, 0x00, 0x00, 0x00, 0x00, 0x00, 0x00, 0x00, 0x00, 0x00, 0x00, 0x00, 0x00,
    0x00, 0x00, 0x00, 0x00, 0x00, 0x00, 0x00, 0x00, 0x00, 0x01, 0x01, 0x05, 0x01, 0x01, 0x01, 0x08, 0x08, 0x06, 0x08, 0x09, 0x04, 0x01, 0x00, 0x00, 0x00, 0x00, 0x00, 0x00, 0x00, 0x00, 0x00, 0x00, 0x00,
    0x00, 0x00, 0x07, 0x07, 0x07, 0x07, 0x00, 0x07, 0x07, 0x07, 0x01, 0x06, 0x08, 0x01, 0x08, 0x09, 0x09, 0x08, 0x06, 0x06, 0x01, 0x00, 0x00, 0x00, 0x00, 0x00, 0x00, 0x00, 0x00, 0x00, 0x00, 0x00, 0x00,
    0x00, 0x07, 0x04, 0x05, 0x05, 0x0A, 0x07, 0x0A, 0x0B, 0x0B, 0x07, 0x01, 0x06, 0x06, 0x08, 0x08, 0x08, 0x08, 0x08, 0x01, 0x00, 0x00, 0x00, 0x00, 0x00, 0x00, 0x00, 0x00, 0x00, 0x00, 0x00, 0x00, 0x00,
    0x00, 0x07, 0x05, 0x0C, 0x0C, 0x0A, 0x0A, 0x0B, 0x0D, 0x0D, 0x0D, 0x07, 0x07, 0x01, 0x06, 0x08, 0x06, 0x05, 0x04, 0x01, 0x00, 0x00, 0x00, 0x00, 0x00, 0x00, 0x00, 0x00, 0x00, 0x00, 0x00, 0x00, 0x00,
    0x00, 0x07, 0x05, 0x0C, 0x0C, 0x0A, 0x0B, 0x0D, 0x0D, 0x0D, 0x0D, 0x0D, 0x07, 0x07, 0x06, 0x08, 0x08, 0x07, 0x07, 0x07, 0x01, 0x00, 0x00, 0x00, 0x00, 0x00, 0x00, 0x00, 0x00, 0x00, 0x00, 0x00, 0x00,
    0x00, 0x00, 0x07, 0x0A, 0x0A, 0x07, 0x0D, 0x0D, 0x01, 0x01, 0x01, 0x0D, 0x0D, 0x07, 0x01, 0x06, 0x08, 0x08, 0x08, 0x09, 0x01, 0x00, 0x00, 0x00, 0x00, 0x00, 0x00, 0x00, 0x00, 0x00, 0x00, 0x00, 0x00,
    0x00, 0x00, 0x07, 0x0C, 0x0C, 0x0D, 0x0D, 0x01, 0x01, 0x06, 0x06, 0x01, 0x0D, 0x07, 0x07, 0x01, 0x06, 0x06, 0x06, 0x01, 0x01, 0x00, 0x00, 0x00, 0x00, 0x00, 0x00, 0x00, 0x00, 0x00, 0x00, 0x00, 0x00,
    0x00, 0x00, 0x07, 0x0C, 0x07, 0x0D, 0x0B, 0x01, 0x08, 0x08, 0x08, 0x09, 0x01, 0x07, 0x05, 0x01, 0x01, 0x06, 0x01, 0x00, 0x00, 0x00, 0x00, 0x00, 0x00, 0x00, 0x00, 0x00, 0x00, 0x00, 0x00, 0x00, 0x00,
    0x00, 0x07, 0x05, 0x0C, 0x07, 0x0D, 0x0B, 0x01, 0x08, 0x09, 0x04, 0x09, 0x06, 0x01, 0x05, 0x05, 0x01, 0x01, 0x01, 0x00, 0x00, 0x00, 0x07, 0x07, 0x00, 0x00, 0x00, 0x00, 0x00, 0x00, 0x00, 0x00, 0x00,
    0x00, 0x07, 0x05, 0x0C, 0x07, 0x0D, 0x0B, 0x01, 0x08, 0x09, 0x09, 0x08, 0x06, 0x01, 0x05, 0x04, 0x01, 0x0B, 0x01, 0x00, 0x00, 0x07, 0x07, 0x05, 0x07, 0x00, 0x00, 0x00, 0x00, 0x00, 0x00, 0x00, 0x00,
    0x07, 0x05, 0x0C, 0x07, 0x0D, 0x0D, 0x0B, 0x01, 0x06, 0x09, 0x09, 0x08, 0x08, 0x06, 0x01, 0x04, 0x01, 0x0D, 0x01, 0x00, 0x07, 0x0A, 0x0C, 0x0A, 0x05, 0x07, 0x07, 0x07, 0x00, 0x00, 0x00, 0x00, 0x00,
    0x07, 0x0A, 0x0A, 0x07, 0x0D, 0x0B, 0x0D, 0x0B, 0x01, 0x06, 0x08, 0x08, 0x08, 0x08, 0x06, 0x01, 0x01, 0x01, 0x00, 0x07, 0x07, 0x07, 0x07, 0x07, 0x0A, 0x0A, 0x0A, 0x0C, 0x07, 0x07, 0x00, 0x00, 0x00,
    0x07, 0x0C, 0x0C, 0x07, 0x0D, 0x0B, 0x0D, 0x0B, 0x01, 0x06, 0x08, 0x08, 0x08, 0x08, 0x08, 0x06, 0x06, 0x01, 0x01, 0x01, 0x08, 0x09, 0x01, 0x07, 0x0A, 0x0A, 0x0A, 0x0A, 0x0C, 0x0C, 0x07, 0x07, 0x07,
    0x07, 0x0C, 0x0C, 0x07, 0x0D, 0x0B, 0x0B, 0x0D, 0x0B, 0x01, 0x06, 0x08, 0x08, 0x09, 0x09, 0x09, 0x08, 0x0C, 0x0A, 0x08, 0x09, 0x06, 0x01, 0x08, 0x07, 0x0A, 0x0A, 0x0A, 0x0A, 0x0A, 0x0A, 0x05, 0x07,
    0x00, 0x07, 0x07, 0x07, 0x07, 0x0B, 0x0B, 0x0B, 0x0B, 0x0B, 0x01, 0x06, 0x09, 0x08, 0x08, 0x08, 0x0A, 0x0C, 0x08, 0x08, 0x09, 0x08, 0x06, 0x06, 0x01, 0x01, 0x07, 0x07, 0x07, 0x0A, 0x0C, 0x07, 0x00,
    0x00, 0x00, 0x00, 0x00, 0x07, 0x07, 0x0B, 0x0B, 0x0B, 0x0B, 0x01, 0x01, 0x01, 0x01, 0x08, 0x06, 0x0A, 0x0A, 0x08, 0x08, 0x08, 0x06, 0x01, 0x06, 0x01, 0x00, 0x00, 0x00, 0x00, 0x0A, 0x07, 0x07, 0x00,
    0x00, 0x00, 0x00, 0x07, 0x0C, 0x0C, 0x07, 0x07, 0x07, 0x07, 0x07, 0x07, 0x0A, 0x0A, 0x01, 0x01, 0x07, 0x07, 0x01, 0x06, 0x08, 0x01, 0x01, 0x01, 0x00, 0x00, 0x00, 0x00, 0x00, 0x00, 0x00, 0x00, 0x00,
    0x00, 0x00, 0x00, 0x07, 0x0C, 0x0C, 0x0A, 0x05, 0x05, 0x05, 0x0C, 0x0A, 0x0C, 0x05, 0x0C, 0x0C, 0x0C, 0x0C, 0x0A, 0x01, 0x01, 0x00, 0x00, 0x00, 0x00, 0x00, 0x00, 0x00, 0x00, 0x00, 0x00, 0x00, 0x00,
    0x00, 0x00, 0x00, 0x07, 0x0C, 0x0C, 0x05, 0x0C, 0x05, 0x05, 0x05, 0x05, 0x07, 0x0C, 0x0A, 0x0C, 0x05, 0x05, 0x0C, 0x0A, 0x00, 0x00, 0x00, 0x00, 0x00, 0x00, 0x00, 0x00, 0x00, 0x00, 0x00, 0x00, 0x00,
    0x00, 0x00, 0x00, 0x00, 0x07, 0x0C, 0x0C, 0x0C, 0x0C, 0x05, 0x05, 0x05, 0x0C, 0x07, 0x0A, 0x0C, 0x0C, 0x05, 0x05, 0x0A, 0x00, 0x00, 0x00, 0x00, 0x00, 0x00, 0x00, 0x00, 0x00, 0x00, 0x00, 0x00, 0x00,
    0x00, 0x00, 0x00, 0x00, 0x07, 0x0A, 0x0C, 0x0C, 0x0C, 0x05, 0x05, 0x05, 0x05, 0x07, 0x0A, 0x0A, 0x0C, 0x0C, 0x05, 0x0C, 0x0A, 0x00, 0x00, 0x00, 0x00, 0x00, 0x00, 0x00, 0x00, 0x00, 0x00, 0x00, 0x00,
    0x00, 0x00, 0x00, 0x00, 0x00, 0x07, 0x0A, 0x0A, 0x0C, 0x0C, 0x05, 0x04, 0x05, 0x07, 0x07, 0x0A, 0x0A, 0x0C, 0x05, 0x05, 0x0A, 0x00, 0x00, 0x00, 0x00, 0x00, 0x00, 0x00, 0x00, 0x00, 0x00, 0x00, 0x00,
    0x00, 0x00, 0x00, 0x00, 0x00, 0x07, 0x0C, 0x0C, 0x05, 0x05, 0x05, 0x05, 0x05, 0x07, 0x0A, 0x0A, 0x0C, 0x0C, 0x05, 0x05, 0x07, 0x00, 0x00, 0x00, 0x00, 0x00, 0x00, 0x00, 0x00, 0x00, 0x00, 0x00, 0x00,
    0x00, 0x00, 0x00, 0x00, 0x07, 0x0C, 0x0C, 0x05, 0x0C, 0x0C, 0x05, 0x05, 0x0C, 0x07, 0x0A, 0x0C, 0x0C, 0x05, 0x05, 0x0C, 0x07, 0x00, 0x00, 0x00, 0x00, 0x00, 0x00, 0x00, 0x00, 0x00, 0x00, 0x00, 0x00,
    0x00, 0x00, 0x00, 0x00, 0x07, 0x07, 0x0C, 0x0C, 0x0C, 0x05, 0x0C, 0x07, 0x07, 0x07, 0x07, 0x0A, 0x0C, 0x0C, 0x07, 0x07, 0x00, 0x00, 0x00, 0x00, 0x00, 0x00, 0x00, 0x00, 0x00, 0x00, 0x00, 0x00, 0x00,
    0x00, 0x00, 0x00, 0x07, 0x0A, 0x0A, 0x07, 0x07, 0x07, 0x07, 0x07, 0x00, 0x00, 0x07, 0x07, 0x07, 0x07, 0x07, 0x00, 0x00, 0x00, 0x00, 0x00, 0x00, 0x00, 0x00, 0x00, 0x00, 0x00, 0x00, 0x00, 0x00, 0x00,
    0x00, 0x00, 0x07, 0x0A, 0x0A, 0x0A, 0x0A, 0x0A, 0x07, 0x00, 0x00, 0x00, 0x00, 0x07, 0x0A, 0x0A, 0x0A, 0x07, 0x00, 0x00, 0x00, 0x00, 0x00, 0x00, 0x00, 0x00, 0x00, 0x00, 0x00, 0x00, 0x00, 0x00, 0x00,
    0x00, 0x00, 0x07, 0x07, 0x0A, 0x0A, 0x0C, 0x07, 0x00, 0x00, 0x00, 0x00, 0x00, 0x07, 0x07, 0x0A, 0x0A, 0x0C, 0x07, 0x00, 0x00, 0x00, 0x00, 0x00, 0x00, 0x00, 0x00, 0x00, 0x00, 0x00, 0x00, 0x00, 0x00,
    0x00, 0x07, 0x0A, 0x0A, 0x0C, 0x0C, 0x05, 0x0C, 0x07, 0x00, 0x00, 0x00, 0x07, 0x0A, 0x0A, 0x0A, 0x0C, 0x0C, 0x05, 0x07, 0x00, 0x00, 0x00, 0x00, 0x00, 0x00, 0x00, 0x00, 0x00, 0x00, 0x00, 0x00, 0x00,
    0x00, 0x07, 0x0A, 0x0A, 0x0A, 0x0A, 0x0C, 0x0C, 0x0A, 0x07, 0x00, 0x00, 0x07, 0x0A, 0x0A, 0x0A, 0x0A, 0x0C, 0x0C, 0x0C, 0x0A, 0x07, 0x00, 0x00, 0x00, 0x00, 0x00, 0x00, 0x00, 0x00, 0x00, 0x00, 0x00,
    0x00, 0x07, 0x07, 0x07, 0x07, 0x07, 0x07, 0x07, 0x07, 0x07, 0x00, 0x00, 0x07, 0x07, 0x07, 0x07, 0x07, 0x07, 0x07, 0x07, 0x07, 0x07, 0x00, 0x00, 0x00, 0x00, 0x00, 0x00, 0x00, 0x00, 0x00, 0x00, 0x00,
};

// Marco Idle Frame 1
constexpr int MARCO_IDLE_1_W = 29;
constexpr int MARCO_IDLE_1_H = 40;
static const uint16_t MARCO_IDLE_1_PAL[14] PROGMEM = {
    0x0000, 0x4100, 0xFF09, 0x1081, 0xE4C5, 0xBD8E, 0x7347, 0x3982, 0xFFDD, 0x8AC4, 0xD50B, 0xFF52, 0x7800, 0xB200,
};
static const uint8_t MARCO_IDLE_1_PIXELS[1160] PROGMEM = {
    0x00, 0x00, 0x00, 0x00, 0x00, 0x00, 0x00, 0x00, 0x00, 0x00, 0x00, 0x00, 0x01, 0x01, 0x00, 0x00, 0x00, 0x00, 0x00, 0x00, 0x00, 0x00, 0x00, 0x00, 0x00, 0x00, 0x00, 0x00, 0x00,
    0x00, 0x00, 0x00, 0x00, 0x00, 0x00, 0x00, 0x00, 0x00, 0x00, 0x00, 0x01, 0x02, 0x02, 0x01, 0x00, 0x00, 0x00, 0x00, 0x00, 0x00, 0x03, 0x03, 0x03, 0x03, 0x00, 0x00, 0x00, 0x00,
    0x00, 0x00, 0x00, 0x00, 0x00, 0x00, 0x00, 0x00, 0x00, 0x01, 0x01, 0x02, 0x04, 0x04, 0x01, 0x01, 0x00, 0x00, 0x00, 0x00, 0x03, 0x03, 0x05, 0x06, 0x03, 0x00, 0x00, 0x00, 0x00,
    0x00, 0x00, 0x00, 0x00, 0x00, 0x00, 0x00, 0x01, 0x01, 0x02, 0x02, 0x01, 0x01, 0x01, 0x04, 0x04, 0x01, 0x00, 0x00, 0x00, 0x00, 0x03, 0x06, 0x07, 0x03, 0x00, 0x00, 0x00, 0x00,
    0x00, 0x00, 0x00, 0x00, 0x00, 0x00, 0x01, 0x02, 0x02, 0x01, 0x01, 0x08, 0x08, 0x08, 0x01, 0x01, 0x00, 0x00, 0x00, 0x00, 0x03, 0x06, 0x07, 0x07, 0x03, 0x00, 0x00, 0x00, 0x00,
    0x00, 0x00, 0x00, 0x00, 0x00, 0x00, 0x01, 0x04, 0x01, 0x05, 0x08, 0x08, 0x01, 0x01, 0x09, 0x01, 0x01, 0x00, 0x00, 0x00, 0x03, 0x06, 0x07, 0x03, 0x00, 0x00, 0x00, 0x00, 0x00,
    0x00, 0x00, 0x00, 0x00, 0x00, 0x01, 0x04, 0x01, 0x05, 0x08, 0x01, 0x03, 0x09, 0x0A, 0x0B, 0x08, 0x01, 0x00, 0x00, 0x00, 0x03, 0x06, 0x07, 0x03, 0x00, 0x00, 0x00, 0x00, 0x00,
    0x00, 0x00, 0x00, 0x00, 0x00, 0x01, 0x04, 0x01, 0x05, 0x01, 0x09, 0x01, 0x01, 0x09, 0x0A, 0x01, 0x01, 0x00, 0x00, 0x03, 0x06, 0x07, 0x07, 0x03, 0x00, 0x00, 0x00, 0x00, 0x00,
    0x00, 0x00, 0x00, 0x00, 0x00, 0x01, 0x01, 0x05, 0x01, 0x0A, 0x0A, 0x0B, 0x0B, 0x0A, 0x09, 0x09, 0x01, 0x00, 0x00, 0x03, 0x05, 0x07, 0x03, 0x03, 0x00, 0x00, 0x00, 0x00, 0x00,
    0x00, 0x00, 0x00, 0x00, 0x00, 0x01, 0x01, 0x01, 0x09, 0x0A, 0x0A, 0x0A, 0x0B, 0x0A, 0x0A, 0x08, 0x06, 0x03, 0x03, 0x05, 0x06, 0x07, 0x03, 0x00, 0x00, 0x00, 0x00, 0x00, 0x00,
    0x00, 0x00, 0x00, 0x00, 0x00, 0x00, 0x01, 0x0A, 0x01, 0x09, 0x09, 0x0A, 0x0A, 0x09, 0x05, 0x03, 0x03, 0x09, 0x03, 0x06, 0x03, 0x03, 0x03, 0x00, 0x00, 0x00, 0x00, 0x00, 0x00,
    0x00, 0x00, 0x03, 0x03, 0x03, 0x01, 0x01, 0x09, 0x0A, 0x01, 0x09, 0x09, 0x09, 0x0A, 0x09, 0x0A, 0x0B, 0x0A, 0x03, 0x01, 0x09, 0x09, 0x01, 0x03, 0x00, 0x00, 0x00, 0x00, 0x00,
    0x00, 0x03, 0x06, 0x05, 0x07, 0x03, 0x0C, 0x0D, 0x0C, 0x03, 0x01, 0x01, 0x09, 0x09, 0x0A, 0x0A, 0x0A, 0x01, 0x01, 0x0A, 0x0B, 0x0B, 0x09, 0x01, 0x03, 0x03, 0x01, 0x00, 0x00,
    0x03, 0x05, 0x05, 0x06, 0x07, 0x03, 0x0D, 0x01, 0x09, 0x09, 0x09, 0x03, 0x01, 0x01, 0x01, 0x01, 0x01, 0x01, 0x0A, 0x0B, 0x0A, 0x0A, 0x0A, 0x0A, 0x0A, 0x01, 0x09, 0x01, 0x00,
    0x03, 0x08, 0x05, 0x07, 0x03, 0x0D, 0x01, 0x09, 0x0B, 0x08, 0x0B, 0x09, 0x01, 0x01, 0x01, 0x0C, 0x0C, 0x01, 0x06, 0x0A, 0x0A, 0x0A, 0x0A, 0x09, 0x09, 0x01, 0x01, 0x0A, 0x01,
    0x03, 0x05, 0x06, 0x07, 0x03, 0x0D, 0x01, 0x0A, 0x0B, 0x0B, 0x0A, 0x0A, 0x09, 0x0B, 0x0B, 0x01, 0x06, 0x05, 0x06, 0x0A, 0x0A, 0x09, 0x09, 0x01, 0x01, 0x01, 0x0A, 0x01, 0x00,
    0x03, 0x06, 0x03, 0x06, 0x03, 0x0D, 0x01, 0x09, 0x0A, 0x0A, 0x0A, 0x0A, 0x09, 0x0A, 0x0A, 0x0B, 0x0B, 0x06, 0x06, 0x07, 0x09, 0x01, 0x03, 0x03, 0x09, 0x09, 0x0A, 0x01, 0x00,
    0x00, 0x03, 0x06, 0x05, 0x03, 0x0D, 0x03, 0x01, 0x09, 0x09, 0x0A, 0x0A, 0x0A, 0x0A, 0x0A, 0x0A, 0x0A, 0x0A, 0x07, 0x01, 0x01, 0x03, 0x03, 0x03, 0x09, 0x0A, 0x01, 0x00, 0x00,
    0x00, 0x03, 0x05, 0x07, 0x03, 0x0D, 0x03, 0x03, 0x01, 0x01, 0x09, 0x09, 0x09, 0x0A, 0x0A, 0x09, 0x09, 0x09, 0x01, 0x03, 0x03, 0x03, 0x03, 0x09, 0x01, 0x01, 0x00, 0x00, 0x00,
    0x03, 0x06, 0x05, 0x07, 0x0C, 0x0D, 0x0D, 0x03, 0x03, 0x03, 0x01, 0x01, 0x01, 0x09, 0x09, 0x01, 0x01, 0x01, 0x01, 0x09, 0x07, 0x07, 0x01, 0x01, 0x00, 0x00, 0x00, 0x00, 0x00,
    0x03, 0x05, 0x06, 0x03, 0x0D, 0x0D, 0x0D, 0x0C, 0x0C, 0x0C, 0x0C, 0x03, 0x01, 0x01, 0x01, 0x01, 0x01, 0x0C, 0x09, 0x09, 0x01, 0x01, 0x00, 0x00, 0x00, 0x00, 0x00, 0x00, 0x00,
    0x03, 0x05, 0x07, 0x03, 0x0D, 0x0C, 0x0C, 0x0C, 0x0D, 0x0D, 0x0C, 0x03, 0x08, 0x08, 0x05, 0x03, 0x01, 0x0D, 0x01, 0x01, 0x00, 0x00, 0x00, 0x00, 0x00, 0x00, 0x00, 0x00, 0x00,
    0x03, 0x06, 0x07, 0x03, 0x0D, 0x0D, 0x0D, 0x0D, 0x0D, 0x0C, 0x0C, 0x03, 0x08, 0x08, 0x03, 0x03, 0x01, 0x0D, 0x03, 0x00, 0x00, 0x00, 0x00, 0x00, 0x00, 0x00, 0x00, 0x00, 0x00,
    0x03, 0x06, 0x07, 0x07, 0x03, 0x0D, 0x0D, 0x0C, 0x0C, 0x0C, 0x03, 0x08, 0x08, 0x08, 0x03, 0x03, 0x01, 0x0C, 0x03, 0x00, 0x00, 0x00, 0x00, 0x00, 0x00, 0x00, 0x00, 0x00, 0x00,
    0x00, 0x03, 0x03, 0x03, 0x03, 0x03, 0x03, 0x03, 0x03, 0x03, 0x05, 0x05, 0x05, 0x03, 0x03, 0x03, 0x01, 0x03, 0x00, 0x00, 0x00, 0x00, 0x00, 0x00, 0x00, 0x00, 0x00, 0x00, 0x00,
    0x00, 0x00, 0x03, 0x06, 0x06, 0x05, 0x07, 0x06, 0x06, 0x03, 0x03, 0x07, 0x07, 0x07, 0x06, 0x06, 0x07, 0x00, 0x00, 0x00, 0x00, 0x00, 0x00, 0x00, 0x00, 0x00, 0x00, 0x00, 0x00,
    0x00, 0x00, 0x03, 0x06, 0x06, 0x07, 0x05, 0x05, 0x05, 0x06, 0x07, 0x06, 0x05, 0x06, 0x06, 0x06, 0x06, 0x07, 0x00, 0x00, 0x00, 0x00, 0x00, 0x00, 0x00, 0x00, 0x00, 0x00, 0x00,
    0x00, 0x00, 0x03, 0x06, 0x06, 0x05, 0x06, 0x05, 0x05, 0x05, 0x05, 0x03, 0x06, 0x07, 0x06, 0x05, 0x05, 0x06, 0x07, 0x00, 0x00, 0x00, 0x00, 0x00, 0x00, 0x00, 0x00, 0x00, 0x00,
    0x00, 0x00, 0x00, 0x03, 0x06, 0x06, 0x06, 0x06, 0x05, 0x05, 0x05, 0x06, 0x03, 0x07, 0x06, 0x06, 0x05, 0x05, 0x07, 0x00, 0x00, 0x00, 0x00, 0x00, 0x00, 0x00, 0x00, 0x00, 0x00,
    0x00, 0x00, 0x00, 0x03, 0x07, 0x06, 0x06, 0x06, 0x05, 0x05, 0x05, 0x05, 0x03, 0x07, 0x07, 0x06, 0x06, 0x05, 0x06, 0x07, 0x00, 0x00, 0x00, 0x00, 0x00, 0x00, 0x00, 0x00, 0x00,
    0x00, 0x00, 0x00, 0x00, 0x03, 0x07, 0x07, 0x06, 0x06, 0x05, 0x08, 0x05, 0x03, 0x03, 0x07, 0x07, 0x06, 0x05, 0x05, 0x07, 0x00, 0x00, 0x00, 0x00, 0x00, 0x00, 0x00, 0x00, 0x00,
    0x00, 0x00, 0x00, 0x00, 0x03, 0x06, 0x06, 0x05, 0x05, 0x05, 0x05, 0x05, 0x03, 0x07, 0x07, 0x06, 0x06, 0x05, 0x05, 0x03, 0x00, 0x00, 0x00, 0x00, 0x00, 0x00, 0x00, 0x00, 0x00,
    0x00, 0x00, 0x00, 0x03, 0x06, 0x06, 0x05, 0x06, 0x06, 0x05, 0x05, 0x06, 0x03, 0x07, 0x06, 0x06, 0x05, 0x05, 0x06, 0x03, 0x00, 0x00, 0x00, 0x00, 0x00, 0x00, 0x00, 0x00, 0x00,
    0x00, 0x00, 0x00, 0x03, 0x03, 0x06, 0x06, 0x06, 0x05, 0x06, 0x03, 0x03, 0x03, 0x03, 0x07, 0x06, 0x06, 0x03, 0x03, 0x00, 0x00, 0x00, 0x00, 0x00, 0x00, 0x00, 0x00, 0x00, 0x00,
    0x00, 0x00, 0x03, 0x07, 0x07, 0x03, 0x03, 0x03, 0x03, 0x03, 0x00, 0x00, 0x03, 0x03, 0x03, 0x03, 0x03, 0x00, 0x00, 0x00, 0x00, 0x00, 0x00, 0x00, 0x00, 0x00, 0x00, 0x00, 0x00,
    0x00, 0x03, 0x07, 0x07, 0x07, 0x07, 0x07, 0x03, 0x00, 0x00, 0x00, 0x00, 0x03, 0x07, 0x07, 0x07, 0x03, 0x00, 0x00, 0x00, 0x00, 0x00, 0x00, 0x00, 0x00, 0x00, 0x00, 0x00, 0x00,
    0x00, 0x03, 0x03, 0x07, 0x07, 0x06, 0x03, 0x00, 0x00, 0x00, 0x00, 0x00, 0x03, 0x03, 0x07, 0x07, 0x06, 0x03, 0x00, 0x00, 0x00, 0x00, 0x00, 0x00, 0x00, 0x00, 0x00, 0x00, 0x00,
    0x03, 0x07, 0x07, 0x06, 0x06, 0x05, 0x06, 0x03, 0x00, 0x00, 0x00, 0x03, 0x07, 0x07, 0x07, 0x06, 0x06, 0x05, 0x03, 0x00, 0x00, 0x00, 0x00, 0x00, 0x00, 0x00, 0x00, 0x00, 0x00,
    0x03, 0x07, 0x07, 0x07, 0x07, 0x06, 0x06, 0x07, 0x03, 0x00, 0x00, 0x03, 0x07, 0x07, 0x07, 0x07, 0x06, 0x06, 0x06, 0x07, 0x03, 0x00, 0x00, 0x00, 0x00, 0x00, 0x00, 0x00, 0x00,
    0x03, 0x03, 0x03, 0x03, 0x03, 0x03, 0x03, 0x03, 0x03, 0x00, 0x00, 0x03, 0x03, 0x03, 0x03, 0x03, 0x03, 0x03, 0x03, 0x03, 0x03, 0x00, 0x00, 0x00, 0x00, 0x00, 0x00, 0x00, 0x00,
};

// Marco Walking Frame 0
constexpr int MARCO_WALK_0_W = 32;
constexpr int MARCO_WALK_0_H = 39;
static const uint16_t MARCO_WALK_0_PAL[14] PROGMEM = {
    0x0000, 0x4100, 0xFF09, 0xE4C5, 0xFFDD, 0xBD8E, 0x1081, 0x8AC4, 0xD50B, 0xFF52, 0x7347, 0x3982, 0x7800, 0xB200,
};
static const uint8_t MARCO_WALK_0_PIXELS[1248] PROGMEM = {
    0x00, 0x00, 0x00, 0x00, 0x00, 0x00, 0x00, 0x00, 0x00, 0x00, 0x00, 0x00, 0x00, 0x00, 0x00, 0x00, 0x00, 0x00, 0x01, 0x01, 0x00, 0x00, 0x00, 0x00, 0x00, 0x00, 0x00, 0x00, 0x00, 0x00, 0x00, 0x00,
    0x00, 0x00, 0x00, 0x00, 0x00, 0x00, 0x00, 0x00, 0x00, 0x00, 0x00, 0x00, 0x00, 0x01, 0x01, 0x01, 0x01, 0x01, 0x02, 0x02, 0x01, 0x01, 0x00, 0x00, 0x00, 0x00, 0x00, 0x00, 0x00, 0x00, 0x00, 0x00,
    0x00, 0x00, 0x00, 0x00, 0x00, 0x00, 0x00, 0x00, 0x00, 0x00, 0x00, 0x01, 0x01, 0x03, 0x03, 0x02, 0x02, 0x02, 0x03, 0x02, 0x01, 0x03, 0x01, 0x00, 0x00, 0x00, 0x00, 0x00, 0x00, 0x00, 0x00, 0x00,
    0x00, 0x00, 0x00, 0x00, 0x00, 0x00, 0x00, 0x00, 0x00, 0x00, 0x01, 0x03, 0x03, 0x02, 0x02, 0x01, 0x01, 0x01, 0x03, 0x03, 0x02, 0x01, 0x00, 0x00, 0x00, 0x00, 0x00, 0x00, 0x00, 0x00, 0x00, 0x00,
    0x00, 0x00, 0x00, 0x00, 0x00, 0x00, 0x00, 0x00, 0x00, 0x00, 0x01, 0x03, 0x02, 0x01, 0x01, 0x04, 0x04, 0x04, 0x01, 0x01, 0x01, 0x00, 0x00, 0x00, 0x00, 0x00, 0x00, 0x00, 0x00, 0x00, 0x00, 0x00,
    0x00, 0x00, 0x00, 0x00, 0x00, 0x00, 0x00, 0x00, 0x00, 0x01, 0x03, 0x03, 0x01, 0x05, 0x04, 0x04, 0x04, 0x04, 0x04, 0x01, 0x00, 0x00, 0x00, 0x00, 0x00, 0x00, 0x00, 0x00, 0x00, 0x00, 0x00, 0x00,
    0x00, 0x00, 0x00, 0x00, 0x00, 0x00, 0x00, 0x00, 0x00, 0x01, 0x03, 0x01, 0x05, 0x05, 0x05, 0x01, 0x01, 0x06, 0x07, 0x01, 0x00, 0x00, 0x00, 0x00, 0x00, 0x00, 0x00, 0x00, 0x00, 0x00, 0x00, 0x00,
    0x00, 0x00, 0x00, 0x06, 0x06, 0x06, 0x06, 0x00, 0x00, 0x01, 0x01, 0x05, 0x01, 0x01, 0x01, 0x08, 0x08, 0x01, 0x08, 0x09, 0x01, 0x00, 0x00, 0x00, 0x00, 0x00, 0x00, 0x00, 0x00, 0x00, 0x00, 0x00,
    0x00, 0x00, 0x06, 0x05, 0x05, 0x05, 0x05, 0x06, 0x06, 0x06, 0x01, 0x01, 0x08, 0x01, 0x08, 0x09, 0x09, 0x08, 0x08, 0x08, 0x04, 0x01, 0x00, 0x00, 0x00, 0x00, 0x00, 0x00, 0x00, 0x00, 0x00, 0x00,
    0x00, 0x06, 0x0A, 0x0A, 0x04, 0x0B, 0x0A, 0x0A, 0x0B, 0x06, 0x0C, 0x01, 0x08, 0x07, 0x08, 0x08, 0x09, 0x09, 0x07, 0x01, 0x01, 0x00, 0x00, 0x00, 0x00, 0x00, 0x00, 0x00, 0x00, 0x00, 0x00, 0x00,
    0x00, 0x06, 0x0A, 0x0A, 0x05, 0x0B, 0x0A, 0x0A, 0x0B, 0x06, 0x0C, 0x0C, 0x06, 0x01, 0x07, 0x08, 0x08, 0x08, 0x08, 0x01, 0x00, 0x00, 0x00, 0x00, 0x00, 0x00, 0x00, 0x00, 0x00, 0x00, 0x00, 0x00,
    0x00, 0x00, 0x06, 0x0A, 0x05, 0x0B, 0x0A, 0x0A, 0x06, 0x0C, 0x0C, 0x0D, 0x0D, 0x06, 0x07, 0x08, 0x08, 0x07, 0x04, 0x01, 0x00, 0x00, 0x00, 0x00, 0x00, 0x00, 0x00, 0x00, 0x00, 0x00, 0x00, 0x00,
    0x00, 0x00, 0x06, 0x0B, 0x05, 0x0B, 0x0A, 0x0A, 0x06, 0x0C, 0x0D, 0x0D, 0x01, 0x01, 0x01, 0x07, 0x08, 0x08, 0x06, 0x06, 0x00, 0x00, 0x00, 0x00, 0x00, 0x00, 0x00, 0x00, 0x00, 0x00, 0x00, 0x00,
    0x00, 0x06, 0x0A, 0x05, 0x0B, 0x0B, 0x0B, 0x06, 0x0C, 0x0D, 0x0D, 0x01, 0x07, 0x07, 0x07, 0x01, 0x07, 0x08, 0x09, 0x01, 0x00, 0x00, 0x00, 0x00, 0x00, 0x00, 0x00, 0x00, 0x00, 0x00, 0x00, 0x00,
    0x00, 0x06, 0x0A, 0x05, 0x0B, 0x0A, 0x0A, 0x06, 0x0C, 0x0D, 0x01, 0x07, 0x09, 0x04, 0x09, 0x01, 0x01, 0x07, 0x07, 0x01, 0x00, 0x00, 0x00, 0x00, 0x00, 0x00, 0x00, 0x00, 0x00, 0x00, 0x00, 0x00,
    0x06, 0x0A, 0x05, 0x0B, 0x0A, 0x0A, 0x06, 0x0C, 0x0C, 0x0D, 0x01, 0x07, 0x09, 0x09, 0x09, 0x07, 0x01, 0x01, 0x01, 0x00, 0x00, 0x00, 0x00, 0x00, 0x00, 0x00, 0x00, 0x00, 0x00, 0x00, 0x00, 0x00,
    0x06, 0x0B, 0x05, 0x0B, 0x0A, 0x0A, 0x06, 0x0C, 0x0C, 0x0D, 0x01, 0x08, 0x08, 0x09, 0x08, 0x07, 0x01, 0x00, 0x00, 0x00, 0x00, 0x00, 0x00, 0x00, 0x00, 0x00, 0x00, 0x00, 0x00, 0x00, 0x00, 0x00,
    0x06, 0x05, 0x0B, 0x0B, 0x0B, 0x0B, 0x06, 0x0C, 0x0D, 0x0D, 0x01, 0x07, 0x08, 0x08, 0x08, 0x07, 0x01, 0x00, 0x00, 0x00, 0x00, 0x00, 0x00, 0x00, 0x00, 0x00, 0x00, 0x00, 0x00, 0x00, 0x00, 0x00,
    0x06, 0x05, 0x0B, 0x0A, 0x0A, 0x06, 0x0C, 0x0C, 0x0D, 0x0C, 0x01, 0x08, 0x08, 0x08, 0x07, 0x01, 0x01, 0x00, 0x00, 0x00, 0x00, 0x00, 0x06, 0x00, 0x00, 0x00, 0x00, 0x00, 0x00, 0x00, 0x00, 0x00,
    0x06, 0x05, 0x0B, 0x0A, 0x0A, 0x06, 0x0C, 0x0C, 0x0D, 0x0C, 0x01, 0x07, 0x08, 0x08, 0x08, 0x07, 0x01, 0x01, 0x00, 0x00, 0x00, 0x00, 0x06, 0x06, 0x06, 0x00, 0x00, 0x00, 0x00, 0x00, 0x00, 0x00,
    0x00, 0x06, 0x06, 0x06, 0x06, 0x0C, 0x0C, 0x0C, 0x0C, 0x0D, 0x0C, 0x01, 0x08, 0x09, 0x09, 0x08, 0x07, 0x0A, 0x01, 0x01, 0x06, 0x06, 0x0B, 0x0A, 0x05, 0x06, 0x06, 0x00, 0x00, 0x00, 0x00, 0x00,
    0x00, 0x00, 0x06, 0x0C, 0x0C, 0x0D, 0x0D, 0x0C, 0x0C, 0x0C, 0x0C, 0x01, 0x09, 0x08, 0x09, 0x09, 0x08, 0x0A, 0x0A, 0x08, 0x08, 0x07, 0x06, 0x0B, 0x0B, 0x0A, 0x0A, 0x06, 0x00, 0x00, 0x00, 0x00,
    0x00, 0x00, 0x06, 0x06, 0x06, 0x06, 0x06, 0x0D, 0x0D, 0x0C, 0x0C, 0x0C, 0x01, 0x07, 0x08, 0x08, 0x0B, 0x0A, 0x0B, 0x08, 0x08, 0x09, 0x07, 0x06, 0x0B, 0x0B, 0x0B, 0x0A, 0x06, 0x00, 0x00, 0x00,
    0x00, 0x00, 0x06, 0x0A, 0x05, 0x0A, 0x06, 0x06, 0x06, 0x06, 0x06, 0x0C, 0x0C, 0x01, 0x01, 0x0B, 0x0B, 0x0B, 0x0B, 0x08, 0x08, 0x09, 0x07, 0x06, 0x0B, 0x0B, 0x0B, 0x0B, 0x0A, 0x06, 0x06, 0x00,
    0x00, 0x00, 0x06, 0x0A, 0x0A, 0x05, 0x0B, 0x0A, 0x0A, 0x06, 0x06, 0x06, 0x06, 0x06, 0x0A, 0x06, 0x06, 0x0B, 0x08, 0x08, 0x08, 0x08, 0x01, 0x01, 0x08, 0x0B, 0x0B, 0x0B, 0x0B, 0x0A, 0x05, 0x06,
    0x00, 0x00, 0x06, 0x0A, 0x0A, 0x0B, 0x05, 0x05, 0x05, 0x0A, 0x0B, 0x0A, 0x05, 0x0A, 0x0A, 0x0A, 0x0A, 0x01, 0x01, 0x01, 0x01, 0x08, 0x01, 0x07, 0x01, 0x06, 0x06, 0x0B, 0x0B, 0x0B, 0x0A, 0x06,
    0x00, 0x00, 0x06, 0x0A, 0x0A, 0x05, 0x0A, 0x05, 0x05, 0x05, 0x05, 0x06, 0x0A, 0x0B, 0x0A, 0x05, 0x05, 0x0A, 0x06, 0x06, 0x01, 0x01, 0x01, 0x01, 0x00, 0x00, 0x00, 0x06, 0x0B, 0x0A, 0x06, 0x00,
    0x00, 0x00, 0x00, 0x06, 0x0A, 0x0A, 0x0A, 0x0A, 0x05, 0x05, 0x05, 0x0A, 0x06, 0x0B, 0x0A, 0x0A, 0x05, 0x05, 0x0B, 0x06, 0x06, 0x00, 0x00, 0x00, 0x00, 0x00, 0x00, 0x00, 0x06, 0x06, 0x00, 0x00,
    0x00, 0x00, 0x00, 0x06, 0x0B, 0x0A, 0x0A, 0x0A, 0x05, 0x05, 0x05, 0x05, 0x06, 0x0B, 0x0B, 0x0A, 0x0A, 0x05, 0x0A, 0x0B, 0x00, 0x00, 0x00, 0x00, 0x00, 0x00, 0x00, 0x00, 0x00, 0x00, 0x00, 0x00,
    0x00, 0x00, 0x00, 0x00, 0x06, 0x0B, 0x0B, 0x0A, 0x0A, 0x05, 0x04, 0x05, 0x06, 0x06, 0x0B, 0x0B, 0x0A, 0x05, 0x05, 0x0B, 0x00, 0x00, 0x00, 0x00, 0x00, 0x00, 0x00, 0x00, 0x00, 0x00, 0x00, 0x00,
    0x00, 0x00, 0x00, 0x00, 0x06, 0x0A, 0x0A, 0x05, 0x05, 0x05, 0x05, 0x05, 0x06, 0x0B, 0x0B, 0x0A, 0x0A, 0x05, 0x05, 0x06, 0x00, 0x00, 0x00, 0x00, 0x00, 0x00, 0x00, 0x00, 0x00, 0x00, 0x00, 0x00,
    0x00, 0x00, 0x00, 0x06, 0x0A, 0x0A, 0x05, 0x0A, 0x0A, 0x05, 0x05, 0x0A, 0x06, 0x0B, 0x0A, 0x0A, 0x05, 0x05, 0x0A, 0x06, 0x00, 0x00, 0x00, 0x00, 0x00, 0x00, 0x00, 0x00, 0x00, 0x00, 0x00, 0x00,
    0x00, 0x00, 0x06, 0x06, 0x06, 0x0A, 0x0A, 0x0A, 0x05, 0x0A, 0x06, 0x06, 0x06, 0x06, 0x0B, 0x0A, 0x0A, 0x0B, 0x06, 0x00, 0x00, 0x00, 0x00, 0x00, 0x00, 0x00, 0x00, 0x00, 0x00, 0x00, 0x00, 0x00,
    0x00, 0x06, 0x06, 0x0B, 0x0B, 0x06, 0x06, 0x06, 0x06, 0x06, 0x00, 0x00, 0x06, 0x06, 0x06, 0x06, 0x06, 0x06, 0x00, 0x00, 0x00, 0x00, 0x00, 0x00, 0x00, 0x00, 0x00, 0x00, 0x00, 0x00, 0x00, 0x00,
    0x00, 0x06, 0x0B, 0x0B, 0x0B, 0x0B, 0x0B, 0x06, 0x00, 0x00, 0x00, 0x00, 0x06, 0x0B, 0x0B, 0x0B, 0x06, 0x00, 0x00, 0x00, 0x00, 0x00, 0x00, 0x00, 0x00, 0x00, 0x00, 0x00, 0x00, 0x00, 0x00, 0x00,
    0x06, 0x06, 0x06, 0x0B, 0x0B, 0x0A, 0x06, 0x00, 0x00, 0x00, 0x00, 0x00, 0x06, 0x06, 0x0B, 0x0B, 0x0A, 0x06, 0x06, 0x06, 0x06, 0x00, 0x00, 0x00, 0x00, 0x00, 0x00, 0x00, 0x00, 0x00, 0x00, 0x00,
    0x06, 0x0B, 0x0B, 0x0A, 0x0A, 0x05, 0x0A, 0x06, 0x00, 0x00, 0x00, 0x06, 0x0B, 0x0B, 0x0B, 0x0A, 0x0A, 0x05, 0x0A, 0x0A, 0x06, 0x00, 0x00, 0x00, 0x00, 0x00, 0x00, 0x00, 0x00, 0x00, 0x00, 0x00,
    0x06, 0x06, 0x0B, 0x0B, 0x0B, 0x0A, 0x0A, 0x0B, 0x06, 0x00, 0x00, 0x06, 0x0B, 0x0B, 0x0B, 0x0B, 0x0A, 0x0A, 0x06, 0x06, 0x00, 0x00, 0x00, 0x00, 0x00, 0x00, 0x00, 0x00, 0x00, 0x00, 0x00, 0x00,
    0x00, 0x00, 0x06, 0x06, 0x06, 0x06, 0x06, 0x06, 0x06, 0x00, 0x00, 0x06, 0x06, 0x06, 0x06, 0x06, 0x06, 0x06, 0x00, 0x00, 0x00, 0x00, 0x00, 0x00, 0x00, 0x00, 0x00, 0x00, 0x00, 0x00, 0x00, 0x00,
};

// Marco Walking Frame 1
constexpr int MARCO_WALK_1_W = 27;
constexpr int MARCO_WALK_1_H = 41;
static const uint16_t MARCO_WALK_1_PAL[14] PROGMEM = {
    0x0000, 0x4100, 0xFF09, 0xE4C5, 0xFFDD, 0xBD8E, 0x1081, 0x8AC4, 0xD50B, 0xFF52, 0x7347, 0x7800, 0xB200, 0x3982,
};
static const uint8_t MARCO_WALK_1_PIXELS[1107] PROGMEM = {
    0x00, 0x00, 0x00, 0x00, 0x00, 0x00, 0x00, 0x00, 0x00, 0x00, 0x00, 0x00, 0x00, 0x00, 0x00, 0x00, 0x00, 0x00, 0x01, 0x01, 0x00, 0x00, 0x00, 0x00, 0x00, 0x00, 0x00,
    0x00, 0x00, 0x00, 0x00, 0x00, 0x00, 0x00, 0x00, 0x00, 0x00, 0x00, 0x00, 0x00, 0x01, 0x01, 0x01, 0x01, 0x01, 0x02, 0x02, 0x01, 0x01, 0x00, 0x00, 0x00, 0x00, 0x00,
    0x00, 0x00, 0x00, 0x00, 0x00, 0x00, 0x00, 0x00, 0x00, 0x00, 0x00, 0x01, 0x01, 0x03, 0x03, 0x02, 0x02, 0x02, 0x03, 0x02, 0x03, 0x03, 0x01, 0x00, 0x00, 0x00, 0x00,
    0x00, 0x00, 0x00, 0x00, 0x00, 0x00, 0x00, 0x00, 0x00, 0x00, 0x01, 0x03, 0x03, 0x02, 0x02, 0x01, 0x01, 0x01, 0x01, 0x03, 0x02, 0x01, 0x00, 0x00, 0x00, 0x00, 0x00,
    0x00, 0x00, 0x00, 0x00, 0x00, 0x00, 0x00, 0x00, 0x00, 0x00, 0x01, 0x03, 0x02, 0x01, 0x01, 0x04, 0x04, 0x04, 0x04, 0x01, 0x01, 0x00, 0x00, 0x00, 0x00, 0x00, 0x00,
    0x00, 0x00, 0x00, 0x00, 0x00, 0x00, 0x00, 0x00, 0x00, 0x01, 0x03, 0x03, 0x01, 0x05, 0x04, 0x04, 0x04, 0x04, 0x04, 0x01, 0x00, 0x00, 0x00, 0x00, 0x00, 0x00, 0x00,
    0x00, 0x00, 0x00, 0x00, 0x00, 0x00, 0x00, 0x00, 0x00, 0x01, 0x03, 0x01, 0x05, 0x05, 0x05, 0x01, 0x01, 0x06, 0x07, 0x01, 0x00, 0x00, 0x00, 0x00, 0x00, 0x00, 0x00,
    0x00, 0x00, 0x00, 0x06, 0x06, 0x06, 0x06, 0x06, 0x00, 0x01, 0x01, 0x05, 0x01, 0x01, 0x01, 0x08, 0x08, 0x01, 0x08, 0x09, 0x01, 0x00, 0x00, 0x00, 0x00, 0x00, 0x00,
    0x00, 0x00, 0x06, 0x04, 0x05, 0x05, 0x0A, 0x0A, 0x06, 0x01, 0x01, 0x01, 0x08, 0x01, 0x08, 0x09, 0x09, 0x08, 0x08, 0x08, 0x04, 0x01, 0x00, 0x00, 0x00, 0x00, 0x00,
    0x00, 0x06, 0x05, 0x0A, 0x0A, 0x0A, 0x06, 0x06, 0x0B, 0x0B, 0x01, 0x01, 0x08, 0x07, 0x08, 0x08, 0x09, 0x09, 0x07, 0x01, 0x01, 0x00, 0x00, 0x00, 0x00, 0x00, 0x00,
    0x00, 0x06, 0x05, 0x0A, 0x0A, 0x06, 0x0B, 0x0C, 0x0C, 0x0C, 0x0B, 0x01, 0x01, 0x01, 0x07, 0x08, 0x08, 0x08, 0x08, 0x01, 0x00, 0x00, 0x00, 0x00, 0x00, 0x00, 0x00,
    0x00, 0x06, 0x0A, 0x0A, 0x06, 0x0C, 0x0C, 0x0C, 0x0C, 0x0B, 0x0B, 0x0B, 0x01, 0x01, 0x07, 0x08, 0x08, 0x08, 0x07, 0x01, 0x00, 0x00, 0x00, 0x00, 0x00, 0x00, 0x00,
    0x00, 0x00, 0x06, 0x06, 0x0B, 0x0C, 0x0C, 0x06, 0x01, 0x01, 0x06, 0x0B, 0x0B, 0x01, 0x01, 0x07, 0x08, 0x08, 0x09, 0x01, 0x00, 0x00, 0x00, 0x00, 0x00, 0x00, 0x00,
    0x00, 0x00, 0x06, 0x06, 0x0C, 0x0B, 0x06, 0x01, 0x07, 0x07, 0x01, 0x06, 0x0B, 0x01, 0x01, 0x01, 0x07, 0x08, 0x08, 0x01, 0x00, 0x00, 0x00, 0x00, 0x00, 0x00, 0x00,
    0x00, 0x06, 0x0A, 0x06, 0x0C, 0x0B, 0x01, 0x08, 0x04, 0x09, 0x07, 0x06, 0x0B, 0x0B, 0x01, 0x01, 0x07, 0x07, 0x01, 0x00, 0x00, 0x00, 0x00, 0x00, 0x00, 0x00, 0x00,
    0x00, 0x06, 0x05, 0x06, 0x0B, 0x0B, 0x01, 0x08, 0x09, 0x09, 0x08, 0x01, 0x0B, 0x0B, 0x01, 0x01, 0x01, 0x01, 0x01, 0x00, 0x00, 0x00, 0x00, 0x00, 0x00, 0x00, 0x00,
    0x06, 0x0A, 0x06, 0x0B, 0x0B, 0x0B, 0x01, 0x08, 0x09, 0x08, 0x08, 0x01, 0x0B, 0x0B, 0x01, 0x05, 0x01, 0x0B, 0x01, 0x00, 0x00, 0x00, 0x00, 0x00, 0x00, 0x00, 0x00,
    0x06, 0x0A, 0x06, 0x0B, 0x0B, 0x01, 0x07, 0x08, 0x08, 0x08, 0x07, 0x01, 0x0B, 0x01, 0x04, 0x04, 0x01, 0x0B, 0x01, 0x01, 0x00, 0x00, 0x00, 0x00, 0x00, 0x00, 0x00,
    0x06, 0x0A, 0x06, 0x0C, 0x0B, 0x01, 0x07, 0x08, 0x08, 0x08, 0x07, 0x01, 0x0B, 0x01, 0x04, 0x01, 0x0B, 0x06, 0x07, 0x01, 0x00, 0x00, 0x00, 0x00, 0x00, 0x00, 0x00,
    0x06, 0x06, 0x0B, 0x0C, 0x0B, 0x01, 0x07, 0x08, 0x08, 0x08, 0x08, 0x07, 0x01, 0x01, 0x05, 0x01, 0x0B, 0x06, 0x06, 0x07, 0x01, 0x00, 0x00, 0x00, 0x00, 0x00, 0x00,
    0x00, 0x06, 0x0B, 0x0B, 0x0C, 0x0B, 0x01, 0x07, 0x08, 0x09, 0x08, 0x07, 0x0A, 0x01, 0x01, 0x06, 0x06, 0x0D, 0x0A, 0x06, 0x06, 0x06, 0x00, 0x00, 0x00, 0x00, 0x00,
    0x00, 0x00, 0x06, 0x0B, 0x0B, 0x0B, 0x01, 0x07, 0x08, 0x09, 0x09, 0x08, 0x0A, 0x0A, 0x0D, 0x08, 0x07, 0x07, 0x0D, 0x0A, 0x05, 0x0A, 0x06, 0x06, 0x00, 0x00, 0x00,
    0x00, 0x00, 0x06, 0x06, 0x06, 0x0B, 0x0B, 0x01, 0x07, 0x07, 0x08, 0x0D, 0x0A, 0x0D, 0x0D, 0x08, 0x09, 0x07, 0x07, 0x0D, 0x0D, 0x0D, 0x0A, 0x0A, 0x06, 0x06, 0x00,
    0x00, 0x00, 0x06, 0x0D, 0x0A, 0x06, 0x06, 0x06, 0x01, 0x01, 0x0D, 0x0D, 0x0D, 0x0D, 0x08, 0x08, 0x08, 0x09, 0x07, 0x0D, 0x0D, 0x0D, 0x0D, 0x0D, 0x0A, 0x05, 0x06,
    0x00, 0x00, 0x06, 0x0D, 0x0A, 0x05, 0x05, 0x0D, 0x05, 0x06, 0x06, 0x06, 0x0D, 0x08, 0x08, 0x08, 0x08, 0x08, 0x01, 0x08, 0x06, 0x0D, 0x0D, 0x0D, 0x0D, 0x0A, 0x06,
    0x00, 0x00, 0x06, 0x0D, 0x05, 0x0A, 0x0A, 0x0A, 0x0A, 0x0A, 0x0A, 0x05, 0x01, 0x01, 0x01, 0x01, 0x08, 0x08, 0x07, 0x01, 0x06, 0x06, 0x06, 0x06, 0x0D, 0x0A, 0x06,
    0x00, 0x00, 0x06, 0x0D, 0x05, 0x0A, 0x0A, 0x0A, 0x0A, 0x0A, 0x05, 0x05, 0x05, 0x05, 0x05, 0x0D, 0x01, 0x01, 0x01, 0x00, 0x00, 0x00, 0x00, 0x00, 0x06, 0x06, 0x00,
    0x00, 0x00, 0x06, 0x05, 0x0D, 0x05, 0x0A, 0x0A, 0x0A, 0x0A, 0x0A, 0x05, 0x05, 0x05, 0x04, 0x0D, 0x00, 0x00, 0x00, 0x00, 0x00, 0x00, 0x00, 0x00, 0x00, 0x00, 0x00,
    0x00, 0x00, 0x00, 0x06, 0x0A, 0x0D, 0x0A, 0x0A, 0x0A, 0x0A, 0x05, 0x0A, 0x0A, 0x05, 0x05, 0x05, 0x0D, 0x00, 0x00, 0x00, 0x00, 0x00, 0x00, 0x00, 0x00, 0x00, 0x00,
    0x00, 0x00, 0x00, 0x06, 0x06, 0x06, 0x06, 0x0D, 0x0A, 0x0D, 0x0D, 0x0A, 0x05, 0x05, 0x05, 0x05, 0x0D, 0x00, 0x00, 0x00, 0x00, 0x00, 0x00, 0x00, 0x00, 0x00, 0x00,
    0x00, 0x00, 0x00, 0x06, 0x0A, 0x06, 0x0D, 0x06, 0x0D, 0x0D, 0x0D, 0x0A, 0x05, 0x0A, 0x05, 0x05, 0x0D, 0x00, 0x00, 0x00, 0x00, 0x00, 0x00, 0x00, 0x00, 0x00, 0x00,
    0x00, 0x00, 0x06, 0x0A, 0x0D, 0x06, 0x06, 0x0D, 0x06, 0x06, 0x0A, 0x0A, 0x0A, 0x0A, 0x05, 0x05, 0x0D, 0x00, 0x00, 0x00, 0x00, 0x00, 0x00, 0x00, 0x00, 0x00, 0x00,
    0x00, 0x00, 0x06, 0x0A, 0x0D, 0x0D, 0x06, 0x06, 0x0D, 0x06, 0x0A, 0x0A, 0x0A, 0x05, 0x05, 0x0A, 0x0D, 0x00, 0x00, 0x00, 0x00, 0x00, 0x00, 0x00, 0x00, 0x00, 0x00,
    0x00, 0x06, 0x0A, 0x0D, 0x0D, 0x0D, 0x0D, 0x06, 0x0D, 0x06, 0x0D, 0x0A, 0x0A, 0x0A, 0x0A, 0x0D, 0x00, 0x00, 0x00, 0x00, 0x00, 0x00, 0x00, 0x00, 0x00, 0x00, 0x00,
    0x00, 0x06, 0x0A, 0x0D, 0x06, 0x06, 0x06, 0x06, 0x06, 0x06, 0x06, 0x06, 0x06, 0x0D, 0x06, 0x00, 0x00, 0x00, 0x00, 0x00, 0x00, 0x00, 0x00, 0x00, 0x00, 0x00, 0x00,
    0x06, 0x0D, 0x06, 0x06, 0x00, 0x00, 0x00, 0x00, 0x06, 0x06, 0x06, 0x0D, 0x0A, 0x0A, 0x0D, 0x00, 0x00, 0x00, 0x00, 0x00, 0x00, 0x00, 0x00, 0x00, 0x00, 0x00, 0x00,
    0x06, 0x06, 0x00, 0x00, 0x00, 0x00, 0x00, 0x00, 0x00, 0x00, 0x06, 0x0D, 0x0A, 0x0A, 0x0D, 0x00, 0x00, 0x00, 0x00, 0x00, 0x00, 0x00, 0x00, 0x00, 0x00, 0x00, 0x00,
    0x00, 0x00, 0x00, 0x00, 0x00, 0x00, 0x00, 0x00, 0x00, 0x00, 0x06, 0x0D, 0x0A, 0x0A, 0x05, 0x0D, 0x00, 0x00, 0x00, 0x00, 0x00, 0x00, 0x00, 0x00, 0x00, 0x00, 0x00,
    0x00, 0x00, 0x00, 0x00, 0x00, 0x00, 0x00, 0x00, 0x00, 0x06, 0x0D, 0x0A, 0x0A, 0x0A, 0x0A, 0x05, 0x0D, 0x0D, 0x00, 0x00, 0x00, 0x00, 0x00, 0x00, 0x00, 0x00, 0x00,
    0x00, 0x00, 0x00, 0x00, 0x00, 0x00, 0x00, 0x00, 0x00, 0x06, 0x0D, 0x0D, 0x0D, 0x0D, 0x0D, 0x0A, 0x05, 0x0A, 0x0D, 0x00, 0x00, 0x00, 0x00, 0x00, 0x00, 0x00, 0x00,
    0x00, 0x00, 0x00, 0x00, 0x00, 0x00, 0x00, 0x00, 0x00, 0x06, 0x06, 0x06, 0x06, 0x06, 0x06, 0x06, 0x06, 0x06, 0x06, 0x00, 0x00, 0x00, 0x00, 0x00, 0x00, 0x00, 0x00,
};

// Marco Heavy Machine Gun Fire Frame 0
constexpr int MARCO_SHOOT_0_W = 37;
constexpr int MARCO_SHOOT_0_H = 37;
static const uint16_t MARCO_SHOOT_0_PAL[14] PROGMEM = {
    0x0000, 0x4100, 0xFF09, 0xE4C5, 0xFFDD, 0x1081, 0xBD8E, 0x3982, 0x8AC4, 0x7347, 0xD50B, 0xFF52, 0x7800, 0xB200,
};
static const uint8_t MARCO_SHOOT_0_PIXELS[1369] PROGMEM = {
    0x00, 0x00, 0x00, 0x00, 0x00, 0x00, 0x00, 0x00, 0x00, 0x00, 0x00, 0x00, 0x00, 0x00, 0x00, 0x00, 0x00, 0x00, 0x00, 0x00, 0x01, 0x01, 0x00, 0x00, 0x00, 0x00, 0x00, 0x00, 0x00, 0x00, 0x00, 0x00, 0x00, 0x00, 0x00, 0x00, 0x00,
    0x00, 0x00, 0x00, 0x00, 0x00, 0x00, 0x00, 0x00, 0x00, 0x00, 0x00, 0x00, 0x00, 0x00, 0x00, 0x01, 0x01, 0x01, 0x01, 0x01, 0x02, 0x02, 0x01, 0x00, 0x00, 0x00, 0x00, 0x00, 0x00, 0x00, 0x00, 0x00, 0x00, 0x00, 0x00, 0x00, 0x00,
    0x00, 0x00, 0x00, 0x00, 0x00, 0x00, 0x00, 0x00, 0x00, 0x00, 0x00, 0x00, 0x00, 0x01, 0x01, 0x02, 0x02, 0x02, 0x02, 0x02, 0x03, 0x02, 0x01, 0x00, 0x00, 0x00, 0x00, 0x00, 0x00, 0x00, 0x00, 0x00, 0x00, 0x00, 0x00, 0x00, 0x00,
    0x00, 0x00, 0x00, 0x00, 0x00, 0x00, 0x00, 0x00, 0x00, 0x00, 0x00, 0x00, 0x01, 0x02, 0x02, 0x02, 0x03, 0x03, 0x03, 0x03, 0x03, 0x01, 0x00, 0x00, 0x00, 0x00, 0x00, 0x03, 0x01, 0x00, 0x00, 0x00, 0x00, 0x00, 0x00, 0x00, 0x00,
    0x00, 0x00, 0x00, 0x00, 0x00, 0x00, 0x00, 0x00, 0x00, 0x00, 0x00, 0x01, 0x02, 0x03, 0x03, 0x03, 0x01, 0x01, 0x01, 0x01, 0x03, 0x01, 0x01, 0x00, 0x00, 0x00, 0x02, 0x00, 0x00, 0x00, 0x00, 0x00, 0x00, 0x00, 0x00, 0x00, 0x00,
    0x00, 0x00, 0x00, 0x00, 0x00, 0x00, 0x00, 0x00, 0x00, 0x00, 0x00, 0x01, 0x03, 0x01, 0x01, 0x01, 0x04, 0x04, 0x04, 0x04, 0x01, 0x03, 0x03, 0x01, 0x00, 0x00, 0x00, 0x00, 0x00, 0x00, 0x00, 0x05, 0x00, 0x00, 0x00, 0x00, 0x00,
    0x00, 0x00, 0x00, 0x05, 0x05, 0x05, 0x05, 0x00, 0x00, 0x00, 0x01, 0x03, 0x01, 0x06, 0x06, 0x06, 0x04, 0x04, 0x04, 0x04, 0x04, 0x01, 0x01, 0x00, 0x00, 0x00, 0x00, 0x00, 0x00, 0x00, 0x00, 0x05, 0x05, 0x00, 0x05, 0x05, 0x06,
    0x00, 0x00, 0x05, 0x04, 0x06, 0x06, 0x07, 0x05, 0x05, 0x05, 0x01, 0x01, 0x06, 0x08, 0x08, 0x01, 0x08, 0x01, 0x05, 0x08, 0x08, 0x01, 0x00, 0x00, 0x00, 0x00, 0x00, 0x00, 0x05, 0x05, 0x05, 0x09, 0x06, 0x05, 0x05, 0x00, 0x00,
    0x00, 0x00, 0x05, 0x06, 0x09, 0x09, 0x07, 0x07, 0x07, 0x07, 0x05, 0x01, 0x01, 0x0A, 0x01, 0x08, 0x0A, 0x08, 0x01, 0x0A, 0x0B, 0x01, 0x00, 0x00, 0x00, 0x05, 0x05, 0x05, 0x09, 0x09, 0x09, 0x07, 0x09, 0x05, 0x00, 0x09, 0x05,
    0x00, 0x00, 0x05, 0x09, 0x09, 0x09, 0x07, 0x05, 0x0C, 0x0D, 0x0D, 0x0D, 0x05, 0x01, 0x08, 0x0A, 0x0B, 0x0A, 0x0A, 0x0A, 0x04, 0x0A, 0x01, 0x05, 0x05, 0x09, 0x09, 0x09, 0x07, 0x07, 0x05, 0x05, 0x07, 0x09, 0x09, 0x05, 0x05,
    0x00, 0x00, 0x05, 0x07, 0x07, 0x07, 0x05, 0x0D, 0x0D, 0x0D, 0x01, 0x01, 0x01, 0x05, 0x08, 0x0A, 0x0B, 0x0B, 0x0A, 0x08, 0x01, 0x08, 0x05, 0x09, 0x06, 0x07, 0x07, 0x07, 0x05, 0x05, 0x07, 0x07, 0x05, 0x05, 0x05, 0x00, 0x00,
    0x00, 0x05, 0x06, 0x06, 0x09, 0x05, 0x0D, 0x0D, 0x0C, 0x01, 0x04, 0x0B, 0x08, 0x01, 0x01, 0x08, 0x08, 0x0A, 0x0A, 0x0A, 0x01, 0x01, 0x01, 0x05, 0x08, 0x08, 0x0A, 0x08, 0x07, 0x09, 0x05, 0x05, 0x00, 0x00, 0x00, 0x00, 0x00,
    0x00, 0x05, 0x06, 0x09, 0x07, 0x05, 0x0D, 0x0C, 0x01, 0x08, 0x0B, 0x0B, 0x0A, 0x08, 0x08, 0x01, 0x01, 0x08, 0x08, 0x05, 0x09, 0x06, 0x08, 0x0A, 0x0B, 0x0B, 0x0A, 0x05, 0x09, 0x05, 0x00, 0x00, 0x00, 0x00, 0x00, 0x00, 0x00,
    0x00, 0x05, 0x06, 0x09, 0x05, 0x0C, 0x0D, 0x0C, 0x01, 0x08, 0x0A, 0x0B, 0x0A, 0x0A, 0x08, 0x08, 0x0B, 0x0B, 0x0A, 0x09, 0x09, 0x09, 0x0A, 0x0A, 0x0A, 0x0A, 0x08, 0x01, 0x05, 0x00, 0x00, 0x00, 0x00, 0x00, 0x00, 0x00, 0x00,
    0x05, 0x09, 0x09, 0x07, 0x05, 0x0D, 0x0C, 0x0C, 0x01, 0x08, 0x0A, 0x0A, 0x08, 0x08, 0x0A, 0x0B, 0x0A, 0x0A, 0x0A, 0x0A, 0x07, 0x07, 0x0A, 0x0A, 0x0A, 0x08, 0x01, 0x08, 0x01, 0x00, 0x00, 0x00, 0x00, 0x00, 0x00, 0x00, 0x00,
    0x05, 0x07, 0x07, 0x07, 0x05, 0x0D, 0x0C, 0x0C, 0x05, 0x01, 0x08, 0x08, 0x0A, 0x0A, 0x0A, 0x0A, 0x0A, 0x0A, 0x08, 0x08, 0x07, 0x07, 0x07, 0x08, 0x08, 0x01, 0x08, 0x05, 0x0A, 0x01, 0x00, 0x00, 0x00, 0x00, 0x00, 0x00, 0x00,
    0x05, 0x09, 0x09, 0x05, 0x0D, 0x0C, 0x0C, 0x0C, 0x05, 0x05, 0x01, 0x01, 0x08, 0x08, 0x0B, 0x0B, 0x01, 0x08, 0x08, 0x01, 0x07, 0x01, 0x01, 0x01, 0x01, 0x01, 0x05, 0x08, 0x0A, 0x01, 0x00, 0x00, 0x00, 0x00, 0x00, 0x00, 0x00,
    0x00, 0x05, 0x09, 0x05, 0x0D, 0x0C, 0x0C, 0x0C, 0x0C, 0x05, 0x05, 0x0C, 0x01, 0x01, 0x01, 0x01, 0x01, 0x01, 0x05, 0x05, 0x01, 0x01, 0x07, 0x07, 0x05, 0x05, 0x05, 0x0A, 0x01, 0x00, 0x00, 0x00, 0x00, 0x00, 0x00, 0x00, 0x00,
    0x00, 0x00, 0x05, 0x05, 0x0C, 0x0D, 0x0C, 0x0C, 0x0C, 0x0C, 0x0C, 0x0C, 0x01, 0x09, 0x09, 0x01, 0x0C, 0x01, 0x01, 0x01, 0x01, 0x08, 0x09, 0x07, 0x01, 0x08, 0x08, 0x01, 0x00, 0x00, 0x00, 0x00, 0x00, 0x00, 0x00, 0x00, 0x00,
    0x00, 0x00, 0x00, 0x05, 0x0C, 0x0D, 0x0D, 0x0C, 0x0C, 0x0C, 0x0C, 0x01, 0x06, 0x06, 0x01, 0x0C, 0x01, 0x01, 0x08, 0x08, 0x08, 0x0A, 0x01, 0x01, 0x01, 0x01, 0x01, 0x00, 0x00, 0x00, 0x00, 0x00, 0x00, 0x00, 0x00, 0x00, 0x00,
    0x00, 0x00, 0x00, 0x00, 0x05, 0x0C, 0x0C, 0x0D, 0x0D, 0x0C, 0x0C, 0x01, 0x04, 0x04, 0x01, 0x0C, 0x01, 0x00, 0x01, 0x01, 0x01, 0x01, 0x00, 0x00, 0x00, 0x00, 0x00, 0x00, 0x00, 0x00, 0x00, 0x00, 0x00, 0x00, 0x00, 0x00, 0x00,
    0x00, 0x00, 0x00, 0x00, 0x05, 0x05, 0x0C, 0x0C, 0x0C, 0x0C, 0x0C, 0x01, 0x04, 0x04, 0x01, 0x0C, 0x01, 0x00, 0x00, 0x00, 0x00, 0x00, 0x00, 0x00, 0x00, 0x00, 0x00, 0x00, 0x00, 0x00, 0x00, 0x00, 0x00, 0x00, 0x00, 0x00, 0x00,
    0x00, 0x00, 0x00, 0x05, 0x09, 0x09, 0x05, 0x05, 0x05, 0x05, 0x05, 0x05, 0x01, 0x01, 0x07, 0x01, 0x09, 0x07, 0x00, 0x00, 0x00, 0x00, 0x00, 0x00, 0x00, 0x00, 0x00, 0x00, 0x00, 0x00, 0x00, 0x00, 0x00, 0x00, 0x00, 0x00, 0x00,
    0x00, 0x00, 0x00, 0x05, 0x09, 0x09, 0x07, 0x06, 0x06, 0x06, 0x09, 0x07, 0x09, 0x06, 0x09, 0x09, 0x09, 0x09, 0x07, 0x00, 0x00, 0x00, 0x00, 0x00, 0x00, 0x00, 0x00, 0x00, 0x00, 0x00, 0x00, 0x00, 0x00, 0x00, 0x00, 0x00, 0x00,
    0x00, 0x00, 0x00, 0x05, 0x09, 0x09, 0x06, 0x09, 0x06, 0x06, 0x06, 0x06, 0x05, 0x09, 0x07, 0x09, 0x06, 0x06, 0x09, 0x07, 0x00, 0x00, 0x00, 0x00, 0x00, 0x00, 0x00, 0x00, 0x00, 0x00, 0x00, 0x00, 0x00, 0x00, 0x00, 0x00, 0x00,
    0x00, 0x00, 0x00, 0x00, 0x05, 0x09, 0x09, 0x09, 0x09, 0x06, 0x06, 0x06, 0x09, 0x05, 0x07, 0x09, 0x09, 0x06, 0x06, 0x07, 0x00, 0x00, 0x00, 0x00, 0x00, 0x00, 0x00, 0x00, 0x00, 0x00, 0x00, 0x00, 0x00, 0x00, 0x00, 0x00, 0x00,
    0x00, 0x00, 0x00, 0x00, 0x05, 0x07, 0x09, 0x09, 0x09, 0x06, 0x06, 0x06, 0x06, 0x05, 0x07, 0x07, 0x09, 0x09, 0x06, 0x09, 0x07, 0x00, 0x00, 0x00, 0x00, 0x00, 0x00, 0x00, 0x00, 0x00, 0x00, 0x00, 0x00, 0x00, 0x00, 0x00, 0x00,
    0x00, 0x00, 0x00, 0x00, 0x00, 0x05, 0x07, 0x07, 0x09, 0x09, 0x06, 0x04, 0x06, 0x05, 0x05, 0x07, 0x07, 0x09, 0x06, 0x06, 0x07, 0x00, 0x00, 0x00, 0x00, 0x00, 0x00, 0x00, 0x00, 0x00, 0x00, 0x00, 0x00, 0x00, 0x00, 0x00, 0x00,
    0x00, 0x00, 0x00, 0x00, 0x00, 0x05, 0x09, 0x09, 0x06, 0x06, 0x06, 0x06, 0x06, 0x05, 0x07, 0x07, 0x09, 0x09, 0x06, 0x06, 0x05, 0x00, 0x00, 0x00, 0x00, 0x00, 0x00, 0x00, 0x00, 0x00, 0x00, 0x00, 0x00, 0x00, 0x00, 0x00, 0x00,
    0x00, 0x00, 0x00, 0x00, 0x05, 0x09, 0x09, 0x06, 0x09, 0x09, 0x06, 0x06, 0x09, 0x05, 0x07, 0x09, 0x09, 0x06, 0x06, 0x09, 0x05, 0x00, 0x00, 0x00, 0x00, 0x00, 0x00, 0x00, 0x00, 0x00, 0x00, 0x00, 0x00, 0x00, 0x00, 0x00, 0x00,
    0x00, 0x00, 0x00, 0x00, 0x05, 0x05, 0x09, 0x09, 0x09, 0x06, 0x09, 0x05, 0x05, 0x05, 0x05, 0x07, 0x09, 0x09, 0x05, 0x05, 0x00, 0x00, 0x00, 0x00, 0x00, 0x00, 0x00, 0x00, 0x00, 0x00, 0x00, 0x00, 0x00, 0x00, 0x00, 0x00, 0x00,
    0x00, 0x00, 0x00, 0x05, 0x07, 0x07, 0x05, 0x05, 0x05, 0x05, 0x05, 0x00, 0x00, 0x05, 0x05, 0x05, 0x05, 0x05, 0x00, 0x00, 0x00, 0x00, 0x00, 0x00, 0x00, 0x00, 0x00, 0x00, 0x00, 0x00, 0x00, 0x00, 0x00, 0x00, 0x00, 0x00, 0x00,
    0x00, 0x00, 0x05, 0x07, 0x07, 0x07, 0x07, 0x07, 0x05, 0x00, 0x00, 0x00, 0x00, 0x05, 0x07, 0x07, 0x07, 0x05, 0x00, 0x00, 0x00, 0x00, 0x00, 0x00, 0x00, 0x00, 0x00, 0x00, 0x00, 0x00, 0x00, 0x00, 0x00, 0x00, 0x00, 0x00, 0x00,
    0x00, 0x00, 0x05, 0x05, 0x07, 0x07, 0x09, 0x05, 0x00, 0x00, 0x00, 0x00, 0x00, 0x05, 0x05, 0x07, 0x07, 0x09, 0x05, 0x00, 0x00, 0x00, 0x00, 0x00, 0x00, 0x00, 0x00, 0x00, 0x00, 0x00, 0x00, 0x00, 0x00, 0x00, 0x00, 0x00, 0x00,
    0x00, 0x05, 0x07, 0x07, 0x09, 0x09, 0x06, 0x09, 0x05, 0x00, 0x00, 0x00, 0x05, 0x07, 0x07, 0x07, 0x09, 0x09, 0x06, 0x05, 0x00, 0x00, 0x00, 0x00, 0x00, 0x00, 0x00, 0x00, 0x00, 0x00, 0x00, 0x00, 0x00, 0x00, 0x00, 0x00, 0x00,
    0x00, 0x05, 0x07, 0x07, 0x07, 0x07, 0x09, 0x09, 0x07, 0x05, 0x00, 0x00, 0x05, 0x07, 0x07, 0x07, 0x07, 0x09, 0x09, 0x09, 0x07, 0x05, 0x00, 0x00, 0x00, 0x00, 0x00, 0x00, 0x00, 0x00, 0x00, 0x00, 0x00, 0x00, 0x00, 0x00, 0x00,
    0x00, 0x05, 0x05, 0x05, 0x05, 0x05, 0x05, 0x05, 0x05, 0x05, 0x00, 0x00, 0x05, 0x05, 0x05, 0x05, 0x05, 0x05, 0x05, 0x05, 0x05, 0x05, 0x00, 0x00, 0x00, 0x00, 0x00, 0x00, 0x00, 0x00, 0x00, 0x00, 0x00, 0x00, 0x00, 0x00, 0x00,
};

// Marco Heavy Machine Gun Muzzle Flash Frame 1
constexpr int MARCO_SHOOT_1_W = 37;
constexpr int MARCO_SHOOT_1_H = 37;
static const uint16_t MARCO_SHOOT_1_PAL[14] PROGMEM = {
    0x0000, 0x4100, 0xE4C5, 0xFF09, 0x1081, 0xFFDD, 0xBD8E, 0x7347, 0x3982, 0xD50B, 0x8AC4, 0xFF52, 0x7800, 0xB200,
};
static const uint8_t MARCO_SHOOT_1_PIXELS[1369] PROGMEM = {
    0x00, 0x00, 0x00, 0x00, 0x00, 0x00, 0x00, 0x00, 0x00, 0x00, 0x00, 0x00, 0x00, 0x00, 0x00, 0x00, 0x00, 0x00, 0x00, 0x01, 0x01, 0x01, 0x00, 0x00, 0x00, 0x00, 0x02, 0x02, 0x00, 0x00, 0x00, 0x00, 0x00, 0x00, 0x00, 0x00, 0x00,
    0x00, 0x00, 0x00, 0x00, 0x00, 0x00, 0x00, 0x00, 0x00, 0x00, 0x00, 0x00, 0x00, 0x00, 0x00, 0x01, 0x01, 0x01, 0x01, 0x03, 0x03, 0x03, 0x01, 0x00, 0x00, 0x03, 0x00, 0x00, 0x00, 0x00, 0x00, 0x00, 0x00, 0x00, 0x00, 0x00, 0x00,
    0x00, 0x00, 0x00, 0x00, 0x00, 0x00, 0x00, 0x00, 0x00, 0x00, 0x00, 0x00, 0x00, 0x01, 0x01, 0x03, 0x03, 0x03, 0x03, 0x03, 0x02, 0x03, 0x01, 0x00, 0x00, 0x00, 0x00, 0x00, 0x00, 0x00, 0x00, 0x00, 0x00, 0x00, 0x00, 0x00, 0x00,
    0x00, 0x00, 0x00, 0x00, 0x00, 0x00, 0x00, 0x00, 0x00, 0x00, 0x00, 0x00, 0x01, 0x02, 0x03, 0x03, 0x02, 0x02, 0x02, 0x02, 0x02, 0x01, 0x01, 0x00, 0x00, 0x00, 0x00, 0x00, 0x00, 0x00, 0x00, 0x00, 0x00, 0x04, 0x00, 0x00, 0x00,
    0x00, 0x00, 0x00, 0x00, 0x00, 0x00, 0x00, 0x00, 0x00, 0x00, 0x00, 0x01, 0x02, 0x03, 0x02, 0x01, 0x01, 0x01, 0x01, 0x01, 0x01, 0x02, 0x02, 0x01, 0x00, 0x00, 0x00, 0x00, 0x00, 0x00, 0x00, 0x00, 0x00, 0x04, 0x04, 0x00, 0x00,
    0x00, 0x00, 0x00, 0x00, 0x00, 0x00, 0x00, 0x00, 0x00, 0x00, 0x00, 0x01, 0x02, 0x01, 0x01, 0x05, 0x05, 0x05, 0x05, 0x05, 0x05, 0x01, 0x01, 0x00, 0x00, 0x00, 0x00, 0x00, 0x00, 0x00, 0x00, 0x04, 0x04, 0x06, 0x04, 0x04, 0x04,
    0x00, 0x00, 0x00, 0x00, 0x04, 0x04, 0x04, 0x04, 0x00, 0x00, 0x01, 0x02, 0x01, 0x06, 0x06, 0x06, 0x05, 0x05, 0x05, 0x05, 0x05, 0x01, 0x00, 0x00, 0x00, 0x00, 0x00, 0x00, 0x00, 0x04, 0x04, 0x07, 0x07, 0x07, 0x04, 0x04, 0x00,
    0x00, 0x00, 0x00, 0x04, 0x05, 0x06, 0x07, 0x08, 0x04, 0x04, 0x01, 0x01, 0x06, 0x09, 0x01, 0x01, 0x0A, 0x01, 0x04, 0x0A, 0x0A, 0x01, 0x00, 0x00, 0x00, 0x00, 0x04, 0x04, 0x04, 0x07, 0x07, 0x08, 0x08, 0x08, 0x04, 0x04, 0x00,
    0x00, 0x00, 0x00, 0x04, 0x06, 0x07, 0x07, 0x08, 0x08, 0x08, 0x04, 0x01, 0x01, 0x09, 0x01, 0x0A, 0x09, 0x09, 0x01, 0x0A, 0x0B, 0x01, 0x00, 0x00, 0x04, 0x04, 0x06, 0x07, 0x07, 0x08, 0x08, 0x08, 0x08, 0x04, 0x04, 0x00, 0x00,
    0x00, 0x00, 0x04, 0x07, 0x07, 0x07, 0x08, 0x04, 0x0C, 0x0C, 0x0D, 0x0D, 0x04, 0x01, 0x0A, 0x09, 0x0B, 0x0B, 0x09, 0x09, 0x09, 0x05, 0x01, 0x04, 0x06, 0x06, 0x07, 0x08, 0x08, 0x08, 0x08, 0x04, 0x04, 0x00, 0x00, 0x00, 0x00,
    0x00, 0x00, 0x04, 0x08, 0x08, 0x08, 0x04, 0x0C, 0x0D, 0x0D, 0x01, 0x01, 0x01, 0x04, 0x01, 0x0A, 0x09, 0x09, 0x09, 0x0A, 0x01, 0x01, 0x01, 0x01, 0x04, 0x07, 0x08, 0x08, 0x08, 0x08, 0x04, 0x00, 0x00, 0x00, 0x00, 0x00, 0x00,
    0x00, 0x04, 0x06, 0x07, 0x07, 0x07, 0x0C, 0x0D, 0x0C, 0x01, 0x0B, 0x05, 0x0A, 0x0A, 0x01, 0x0A, 0x0A, 0x0A, 0x0A, 0x01, 0x01, 0x01, 0x0A, 0x0B, 0x0B, 0x09, 0x09, 0x0A, 0x07, 0x04, 0x00, 0x00, 0x00, 0x00, 0x00, 0x00, 0x00,
    0x00, 0x04, 0x06, 0x06, 0x07, 0x04, 0x0D, 0x0C, 0x01, 0x0A, 0x0B, 0x0B, 0x0B, 0x09, 0x0A, 0x01, 0x01, 0x0B, 0x09, 0x07, 0x06, 0x06, 0x0A, 0x0B, 0x09, 0x09, 0x0A, 0x04, 0x07, 0x04, 0x00, 0x00, 0x00, 0x00, 0x00, 0x00, 0x00,
    0x00, 0x04, 0x06, 0x07, 0x07, 0x0C, 0x0D, 0x0C, 0x01, 0x0A, 0x09, 0x0B, 0x09, 0x09, 0x0A, 0x0B, 0x0B, 0x09, 0x09, 0x09, 0x07, 0x07, 0x09, 0x09, 0x09, 0x0A, 0x01, 0x01, 0x04, 0x00, 0x00, 0x00, 0x00, 0x00, 0x00, 0x00, 0x00,
    0x04, 0x06, 0x07, 0x07, 0x04, 0x0D, 0x0D, 0x0C, 0x01, 0x0A, 0x09, 0x09, 0x0A, 0x0A, 0x09, 0x09, 0x09, 0x09, 0x09, 0x09, 0x08, 0x08, 0x08, 0x09, 0x0A, 0x0A, 0x01, 0x04, 0x00, 0x01, 0x00, 0x00, 0x00, 0x00, 0x00, 0x00, 0x00,
    0x04, 0x08, 0x08, 0x07, 0x04, 0x0D, 0x0D, 0x0C, 0x04, 0x01, 0x0A, 0x0A, 0x0A, 0x09, 0x09, 0x0B, 0x09, 0x09, 0x0A, 0x0A, 0x08, 0x08, 0x08, 0x0A, 0x01, 0x01, 0x04, 0x04, 0x01, 0x0A, 0x01, 0x00, 0x00, 0x00, 0x00, 0x00, 0x00,
    0x04, 0x07, 0x07, 0x08, 0x0D, 0x0C, 0x0C, 0x0C, 0x04, 0x04, 0x01, 0x01, 0x01, 0x0A, 0x0B, 0x09, 0x0A, 0x01, 0x01, 0x01, 0x01, 0x01, 0x01, 0x01, 0x01, 0x04, 0x04, 0x04, 0x0A, 0x01, 0x00, 0x00, 0x00, 0x00, 0x00, 0x00, 0x00,
    0x00, 0x04, 0x07, 0x04, 0x0D, 0x0C, 0x0C, 0x0C, 0x0C, 0x04, 0x04, 0x04, 0x01, 0x01, 0x01, 0x01, 0x01, 0x01, 0x04, 0x04, 0x01, 0x08, 0x08, 0x04, 0x04, 0x04, 0x0A, 0x01, 0x01, 0x09, 0x01, 0x00, 0x00, 0x00, 0x00, 0x00, 0x00,
    0x00, 0x00, 0x04, 0x04, 0x0C, 0x0C, 0x0D, 0x0C, 0x0C, 0x0C, 0x0C, 0x0C, 0x01, 0x07, 0x07, 0x01, 0x0C, 0x01, 0x01, 0x01, 0x01, 0x0A, 0x08, 0x08, 0x08, 0x01, 0x0A, 0x09, 0x09, 0x01, 0x00, 0x00, 0x00, 0x00, 0x00, 0x00, 0x00,
    0x00, 0x00, 0x00, 0x04, 0x0C, 0x0D, 0x0D, 0x0D, 0x0C, 0x0C, 0x0C, 0x0C, 0x01, 0x06, 0x01, 0x0C, 0x01, 0x01, 0x01, 0x0A, 0x0A, 0x09, 0x09, 0x08, 0x08, 0x00, 0x01, 0x01, 0x01, 0x00, 0x00, 0x00, 0x00, 0x00, 0x00, 0x00, 0x00,
    0x00, 0x00, 0x00, 0x00, 0x04, 0x0C, 0x0C, 0x0C, 0x0D, 0x0D, 0x0C, 0x01, 0x05, 0x05, 0x01, 0x0C, 0x01, 0x00, 0x00, 0x01, 0x01, 0x01, 0x01, 0x00, 0x00, 0x00, 0x00, 0x00, 0x00, 0x00, 0x00, 0x00, 0x00, 0x00, 0x00, 0x00, 0x00,
    0x00, 0x00, 0x00, 0x00, 0x04, 0x04, 0x0C, 0x0C, 0x0C, 0x0C, 0x0C, 0x01, 0x05, 0x05, 0x01, 0x0C, 0x01, 0x00, 0x00, 0x00, 0x00, 0x00, 0x00, 0x00, 0x00, 0x00, 0x00, 0x00, 0x00, 0x00, 0x00, 0x00, 0x00, 0x00, 0x00, 0x00, 0x00,
    0x00, 0x00, 0x00, 0x04, 0x07, 0x07, 0x04, 0x04, 0x04, 0x04, 0x04, 0x04, 0x01, 0x01, 0x08, 0x01, 0x07, 0x08, 0x00, 0x00, 0x00, 0x00, 0x00, 0x00, 0x00, 0x00, 0x00, 0x00, 0x00, 0x00, 0x00, 0x00, 0x00, 0x00, 0x00, 0x00, 0x00,
    0x00, 0x00, 0x00, 0x04, 0x07, 0x07, 0x08, 0x06, 0x06, 0x06, 0x07, 0x08, 0x07, 0x06, 0x07, 0x07, 0x07, 0x07, 0x08, 0x00, 0x00, 0x00, 0x00, 0x00, 0x00, 0x00, 0x00, 0x00, 0x00, 0x00, 0x00, 0x00, 0x00, 0x00, 0x00, 0x00, 0x00,
    0x00, 0x00, 0x00, 0x04, 0x07, 0x07, 0x06, 0x07, 0x06, 0x06, 0x06, 0x06, 0x04, 0x07, 0x08, 0x07, 0x06, 0x06, 0x07, 0x08, 0x00, 0x00, 0x00, 0x00, 0x00, 0x00, 0x00, 0x00, 0x00, 0x00, 0x00, 0x00, 0x00, 0x00, 0x00, 0x00, 0x00,
    0x00, 0x00, 0x00, 0x00, 0x04, 0x07, 0x07, 0x07, 0x07, 0x06, 0x06, 0x06, 0x07, 0x04, 0x08, 0x07, 0x07, 0x06, 0x06, 0x08, 0x00, 0x00, 0x00, 0x00, 0x00, 0x00, 0x00, 0x00, 0x00, 0x00, 0x00, 0x00, 0x00, 0x00, 0x00, 0x00, 0x00,
    0x00, 0x00, 0x00, 0x00, 0x04, 0x08, 0x07, 0x07, 0x07, 0x06, 0x06, 0x06, 0x06, 0x04, 0x08, 0x08, 0x07, 0x07, 0x06, 0x07, 0x08, 0x00, 0x00, 0x00, 0x00, 0x00, 0x00, 0x00, 0x00, 0x00, 0x00, 0x00, 0x00, 0x00, 0x00, 0x00, 0x00,
    0x00, 0x00, 0x00, 0x00, 0x00, 0x04, 0x08, 0x08, 0x07, 0x07, 0x06, 0x05, 0x06, 0x04, 0x04, 0x08, 0x08, 0x07, 0x06, 0x06, 0x08, 0x00, 0x00, 0x00, 0x00, 0x00, 0x00, 0x00, 0x00, 0x00, 0x00, 0x00, 0x00, 0x00, 0x00, 0x00, 0x00,
    0x00, 0x00, 0x00, 0x00, 0x00, 0x04, 0x07, 0x07, 0x06, 0x06, 0x06, 0x06, 0x06, 0x04, 0x08, 0x08, 0x07, 0x07, 0x06, 0x06, 0x04, 0x00, 0x00, 0x00, 0x00, 0x00, 0x00, 0x00, 0x00, 0x00, 0x00, 0x00, 0x00, 0x00, 0x00, 0x00, 0x00,
    0x00, 0x00, 0x00, 0x00, 0x04, 0x07, 0x07, 0x06, 0x07, 0x07, 0x06, 0x06, 0x07, 0x04, 0x08, 0x07, 0x07, 0x06, 0x06, 0x07, 0x04, 0x00, 0x00, 0x00, 0x00, 0x00, 0x00, 0x00, 0x00, 0x00, 0x00, 0x00, 0x00, 0x00, 0x00, 0x00, 0x00,
    0x00, 0x00, 0x00, 0x00, 0x04, 0x04, 0x07, 0x07, 0x07, 0x06, 0x07, 0x04, 0x04, 0x04, 0x04, 0x08, 0x07, 0x07, 0x04, 0x04, 0x00, 0x00, 0x00, 0x00, 0x00, 0x00, 0x00, 0x00, 0x00, 0x00, 0x00, 0x00, 0x00, 0x00, 0x00, 0x00, 0x00,
    0x00, 0x00, 0x00, 0x04, 0x08, 0x08, 0x04, 0x04, 0x04, 0x04, 0x04, 0x00, 0x00, 0x04, 0x04, 0x04, 0x04, 0x04, 0x00, 0x00, 0x00, 0x00, 0x00, 0x00, 0x00, 0x00, 0x00, 0x00, 0x00, 0x00, 0x00, 0x00, 0x00, 0x00, 0x00, 0x00, 0x00,
    0x00, 0x00, 0x04, 0x08, 0x08, 0x08, 0x08, 0x08, 0x04, 0x00, 0x00, 0x00, 0x00, 0x04, 0x08, 0x08, 0x08, 0x04, 0x00, 0x00, 0x00, 0x00, 0x00, 0x00, 0x00, 0x00, 0x00, 0x00, 0x00, 0x00, 0x00, 0x00, 0x00, 0x00, 0x00, 0x00, 0x00,
    0x00, 0x00, 0x04, 0x04, 0x08, 0x08, 0x07, 0x04, 0x00, 0x00, 0x00, 0x00, 0x00, 0x04, 0x04, 0x08, 0x08, 0x07, 0x04, 0x00, 0x00, 0x00, 0x00, 0x00, 0x00, 0x00, 0x00, 0x00, 0x00, 0x00, 0x00, 0x00, 0x00, 0x00, 0x00, 0x00, 0x00,
    0x00, 0x04, 0x08, 0x08, 0x07, 0x07, 0x06, 0x07, 0x04, 0x00, 0x00, 0x00, 0x04, 0x08, 0x08, 0x08, 0x07, 0x07, 0x06, 0x04, 0x00, 0x00, 0x00, 0x00, 0x00, 0x00, 0x00, 0x00, 0x00, 0x00, 0x00, 0x00, 0x00, 0x00, 0x00, 0x00, 0x00,
    0x00, 0x04, 0x08, 0x08, 0x08, 0x08, 0x07, 0x07, 0x08, 0x04, 0x00, 0x00, 0x04, 0x08, 0x08, 0x08, 0x08, 0x07, 0x07, 0x07, 0x08, 0x04, 0x00, 0x00, 0x00, 0x00, 0x00, 0x00, 0x00, 0x00, 0x00, 0x00, 0x00, 0x00, 0x00, 0x00, 0x00,
    0x00, 0x04, 0x04, 0x04, 0x04, 0x04, 0x04, 0x04, 0x04, 0x04, 0x00, 0x00, 0x04, 0x04, 0x04, 0x04, 0x04, 0x04, 0x04, 0x04, 0x04, 0x04, 0x00, 0x00, 0x00, 0x00, 0x00, 0x00, 0x00, 0x00, 0x00, 0x00, 0x00, 0x00, 0x00, 0x00, 0x00,
};

// Marco Throwing Grenade
constexpr int MARCO_GRENADE_W = 31;
constexpr int MARCO_GRENADE_H = 39;
static const uint16_t MARCO_GRENADE_PAL[14] PROGMEM = {
    0x0000, 0xD50B, 0x4100, 0xFF09, 0x7347, 0xE4C5, 0xFFDD, 0xBD8E, 0x8AC4, 0x1081, 0xFF52, 0x3982, 0xB200, 0x7800,
};
static const uint8_t MARCO_GRENADE_PIXELS[1209] PROGMEM = {
    0x00, 0x00, 0x00, 0x00, 0x00, 0x00, 0x00, 0x00, 0x00, 0x00, 0x00, 0x00, 0x00, 0x00, 0x00, 0x00, 0x00, 0x00, 0x00, 0x01, 0x01, 0x01, 0x00, 0x00, 0x00, 0x00, 0x00, 0x00, 0x00, 0x00, 0x00,
    0x00, 0x00, 0x00, 0x00, 0x00, 0x00, 0x00, 0x00, 0x00, 0x00, 0x00, 0x00, 0x00, 0x00, 0x00, 0x00, 0x02, 0x02, 0x01, 0x01, 0x01, 0x00, 0x00, 0x01, 0x00, 0x00, 0x00, 0x00, 0x00, 0x00, 0x00,
    0x00, 0x00, 0x00, 0x00, 0x00, 0x00, 0x00, 0x00, 0x00, 0x00, 0x00, 0x02, 0x02, 0x02, 0x02, 0x02, 0x03, 0x03, 0x02, 0x00, 0x00, 0x00, 0x00, 0x04, 0x01, 0x01, 0x00, 0x00, 0x00, 0x00, 0x00,
    0x00, 0x00, 0x00, 0x00, 0x00, 0x00, 0x00, 0x00, 0x00, 0x02, 0x02, 0x05, 0x05, 0x03, 0x03, 0x03, 0x05, 0x03, 0x02, 0x00, 0x00, 0x01, 0x01, 0x01, 0x04, 0x01, 0x01, 0x00, 0x00, 0x00, 0x00,
    0x00, 0x00, 0x00, 0x00, 0x00, 0x00, 0x00, 0x00, 0x02, 0x05, 0x05, 0x03, 0x03, 0x02, 0x02, 0x02, 0x02, 0x05, 0x02, 0x00, 0x01, 0x01, 0x01, 0x00, 0x00, 0x00, 0x00, 0x00, 0x00, 0x00, 0x00,
    0x00, 0x00, 0x00, 0x00, 0x00, 0x00, 0x00, 0x00, 0x02, 0x05, 0x03, 0x02, 0x02, 0x06, 0x06, 0x06, 0x02, 0x02, 0x05, 0x02, 0x01, 0x00, 0x00, 0x00, 0x00, 0x00, 0x00, 0x01, 0x00, 0x00, 0x00,
    0x00, 0x00, 0x00, 0x00, 0x00, 0x00, 0x00, 0x02, 0x05, 0x05, 0x02, 0x07, 0x06, 0x06, 0x06, 0x06, 0x06, 0x02, 0x02, 0x00, 0x00, 0x00, 0x00, 0x00, 0x00, 0x00, 0x00, 0x00, 0x01, 0x00, 0x00,
    0x00, 0x00, 0x00, 0x00, 0x00, 0x00, 0x00, 0x02, 0x05, 0x02, 0x07, 0x07, 0x07, 0x02, 0x08, 0x09, 0x08, 0x02, 0x00, 0x00, 0x00, 0x00, 0x00, 0x01, 0x0A, 0x0A, 0x04, 0x0A, 0x01, 0x00, 0x00,
    0x00, 0x09, 0x09, 0x09, 0x09, 0x09, 0x09, 0x02, 0x02, 0x07, 0x02, 0x02, 0x02, 0x01, 0x01, 0x02, 0x01, 0x0A, 0x02, 0x00, 0x00, 0x01, 0x01, 0x01, 0x01, 0x01, 0x04, 0x01, 0x0A, 0x01, 0x00,
    0x09, 0x07, 0x07, 0x06, 0x07, 0x07, 0x0B, 0x09, 0x02, 0x02, 0x01, 0x02, 0x01, 0x0A, 0x0A, 0x01, 0x01, 0x01, 0x06, 0x02, 0x01, 0x01, 0x00, 0x00, 0x00, 0x00, 0x00, 0x04, 0x01, 0x01, 0x00,
    0x09, 0x07, 0x07, 0x07, 0x04, 0x04, 0x0B, 0x0B, 0x09, 0x02, 0x01, 0x08, 0x01, 0x01, 0x0A, 0x01, 0x08, 0x02, 0x02, 0x00, 0x00, 0x00, 0x00, 0x00, 0x00, 0x00, 0x00, 0x00, 0x00, 0x00, 0x00,
    0x09, 0x04, 0x04, 0x07, 0x04, 0x04, 0x0B, 0x09, 0x0C, 0x0C, 0x09, 0x02, 0x08, 0x01, 0x01, 0x01, 0x01, 0x02, 0x00, 0x00, 0x00, 0x00, 0x00, 0x00, 0x00, 0x00, 0x00, 0x00, 0x00, 0x01, 0x00,
    0x00, 0x09, 0x0B, 0x0B, 0x0B, 0x0B, 0x09, 0x0C, 0x0C, 0x0C, 0x0C, 0x0C, 0x02, 0x01, 0x08, 0x07, 0x06, 0x02, 0x00, 0x01, 0x01, 0x01, 0x01, 0x0A, 0x0A, 0x0A, 0x01, 0x00, 0x00, 0x01, 0x00,
    0x00, 0x09, 0x07, 0x0B, 0x04, 0x04, 0x09, 0x0C, 0x0C, 0x02, 0x02, 0x09, 0x0C, 0x02, 0x01, 0x09, 0x09, 0x09, 0x00, 0x00, 0x00, 0x00, 0x01, 0x01, 0x01, 0x0A, 0x0A, 0x04, 0x04, 0x01, 0x00,
    0x00, 0x09, 0x07, 0x0B, 0x04, 0x09, 0x0C, 0x0C, 0x0D, 0x02, 0x01, 0x01, 0x09, 0x02, 0x08, 0x01, 0x0A, 0x02, 0x00, 0x00, 0x00, 0x00, 0x00, 0x00, 0x00, 0x01, 0x04, 0x04, 0x0A, 0x01, 0x00,
    0x00, 0x09, 0x07, 0x0B, 0x04, 0x09, 0x0C, 0x0C, 0x02, 0x01, 0x0A, 0x06, 0x0A, 0x02, 0x02, 0x08, 0x08, 0x02, 0x00, 0x01, 0x01, 0x00, 0x00, 0x00, 0x00, 0x00, 0x00, 0x01, 0x0A, 0x0A, 0x01,
    0x09, 0x07, 0x0B, 0x04, 0x04, 0x09, 0x0C, 0x0C, 0x02, 0x01, 0x0A, 0x0A, 0x0A, 0x08, 0x09, 0x02, 0x02, 0x00, 0x00, 0x00, 0x01, 0x0A, 0x0A, 0x0A, 0x00, 0x00, 0x00, 0x00, 0x01, 0x0A, 0x01,
    0x09, 0x07, 0x0B, 0x04, 0x04, 0x09, 0x0C, 0x0C, 0x02, 0x08, 0x0A, 0x0A, 0x01, 0x08, 0x02, 0x0D, 0x02, 0x00, 0x00, 0x00, 0x00, 0x00, 0x01, 0x0A, 0x0A, 0x04, 0x00, 0x00, 0x00, 0x01, 0x00,
    0x09, 0x0B, 0x0B, 0x0B, 0x09, 0x0C, 0x0C, 0x0D, 0x02, 0x08, 0x08, 0x01, 0x08, 0x08, 0x02, 0x0D, 0x02, 0x00, 0x00, 0x00, 0x00, 0x00, 0x00, 0x00, 0x0A, 0x04, 0x04, 0x00, 0x00, 0x00, 0x00,
    0x09, 0x04, 0x0B, 0x04, 0x09, 0x0C, 0x0C, 0x0D, 0x02, 0x08, 0x01, 0x01, 0x01, 0x08, 0x02, 0x02, 0x0D, 0x02, 0x00, 0x00, 0x00, 0x00, 0x09, 0x00, 0x00, 0x04, 0x04, 0x0A, 0x00, 0x01, 0x00,
    0x00, 0x09, 0x0B, 0x04, 0x09, 0x0C, 0x0C, 0x0D, 0x0D, 0x02, 0x08, 0x01, 0x08, 0x08, 0x08, 0x02, 0x0D, 0x02, 0x00, 0x00, 0x00, 0x09, 0x09, 0x09, 0x00, 0x00, 0x0A, 0x0A, 0x01, 0x01, 0x00,
    0x00, 0x09, 0x09, 0x09, 0x0C, 0x0C, 0x0C, 0x0D, 0x0D, 0x02, 0x08, 0x01, 0x0A, 0x0A, 0x01, 0x08, 0x02, 0x02, 0x02, 0x09, 0x09, 0x0B, 0x04, 0x07, 0x09, 0x00, 0x00, 0x01, 0x0A, 0x01, 0x00,
    0x00, 0x00, 0x00, 0x00, 0x09, 0x09, 0x09, 0x0D, 0x0D, 0x0D, 0x02, 0x0A, 0x01, 0x01, 0x0A, 0x01, 0x04, 0x04, 0x02, 0x02, 0x09, 0x09, 0x0B, 0x0B, 0x07, 0x09, 0x00, 0x00, 0x0A, 0x00, 0x00,
    0x00, 0x00, 0x00, 0x09, 0x09, 0x09, 0x09, 0x09, 0x09, 0x0D, 0x0D, 0x02, 0x01, 0x01, 0x01, 0x0B, 0x04, 0x0B, 0x01, 0x01, 0x0A, 0x02, 0x09, 0x0B, 0x0B, 0x04, 0x09, 0x00, 0x00, 0x00, 0x00,
    0x00, 0x00, 0x09, 0x04, 0x04, 0x07, 0x0B, 0x04, 0x04, 0x09, 0x09, 0x0B, 0x02, 0x08, 0x0B, 0x0B, 0x0B, 0x01, 0x01, 0x0A, 0x08, 0x02, 0x09, 0x0B, 0x0B, 0x0B, 0x04, 0x09, 0x00, 0x00, 0x00,
    0x00, 0x00, 0x09, 0x04, 0x04, 0x0B, 0x07, 0x07, 0x07, 0x04, 0x0B, 0x04, 0x07, 0x02, 0x09, 0x0B, 0x01, 0x01, 0x01, 0x01, 0x08, 0x02, 0x01, 0x09, 0x0B, 0x0B, 0x0B, 0x04, 0x09, 0x00, 0x00,
    0x00, 0x00, 0x09, 0x04, 0x04, 0x07, 0x04, 0x07, 0x07, 0x07, 0x07, 0x09, 0x04, 0x0B, 0x04, 0x09, 0x02, 0x01, 0x01, 0x08, 0x02, 0x08, 0x02, 0x02, 0x09, 0x0B, 0x0B, 0x0B, 0x04, 0x09, 0x00,
    0x00, 0x00, 0x00, 0x09, 0x04, 0x04, 0x04, 0x04, 0x07, 0x07, 0x07, 0x04, 0x09, 0x0B, 0x04, 0x04, 0x07, 0x02, 0x02, 0x02, 0x02, 0x02, 0x00, 0x00, 0x00, 0x09, 0x0B, 0x0B, 0x0B, 0x07, 0x09,
    0x00, 0x00, 0x00, 0x09, 0x0B, 0x04, 0x04, 0x04, 0x07, 0x07, 0x07, 0x07, 0x09, 0x0B, 0x0B, 0x04, 0x04, 0x07, 0x04, 0x0B, 0x00, 0x00, 0x00, 0x00, 0x00, 0x00, 0x09, 0x0B, 0x04, 0x09, 0x09,
    0x00, 0x00, 0x00, 0x00, 0x09, 0x0B, 0x0B, 0x04, 0x04, 0x07, 0x06, 0x07, 0x09, 0x09, 0x0B, 0x0B, 0x04, 0x07, 0x07, 0x0B, 0x00, 0x00, 0x00, 0x00, 0x00, 0x00, 0x00, 0x09, 0x09, 0x09, 0x00,
    0x00, 0x00, 0x00, 0x00, 0x09, 0x04, 0x04, 0x07, 0x07, 0x07, 0x07, 0x07, 0x09, 0x0B, 0x0B, 0x04, 0x04, 0x07, 0x07, 0x09, 0x00, 0x00, 0x00, 0x00, 0x00, 0x00, 0x00, 0x00, 0x00, 0x00, 0x00,
    0x00, 0x00, 0x00, 0x09, 0x04, 0x04, 0x07, 0x04, 0x04, 0x07, 0x07, 0x04, 0x09, 0x0B, 0x04, 0x04, 0x07, 0x07, 0x04, 0x09, 0x00, 0x00, 0x00, 0x00, 0x00, 0x00, 0x00, 0x00, 0x00, 0x00, 0x00,
    0x00, 0x00, 0x00, 0x09, 0x09, 0x04, 0x04, 0x04, 0x07, 0x04, 0x09, 0x09, 0x09, 0x09, 0x0B, 0x04, 0x04, 0x09, 0x09, 0x00, 0x00, 0x00, 0x00, 0x00, 0x00, 0x00, 0x00, 0x00, 0x00, 0x00, 0x00,
    0x00, 0x00, 0x09, 0x0B, 0x0B, 0x09, 0x09, 0x09, 0x09, 0x09, 0x00, 0x00, 0x09, 0x09, 0x09, 0x09, 0x09, 0x00, 0x00, 0x00, 0x00, 0x00, 0x00, 0x00, 0x00, 0x00, 0x00, 0x00, 0x00, 0x00, 0x00,
    0x00, 0x09, 0x0B, 0x0B, 0x0B, 0x0B, 0x0B, 0x09, 0x00, 0x00, 0x00, 0x00, 0x09, 0x0B, 0x0B, 0x0B, 0x09, 0x00, 0x00, 0x00, 0x00, 0x00, 0x00, 0x00, 0x00, 0x00, 0x00, 0x00, 0x00, 0x00, 0x00,
    0x00, 0x09, 0x09, 0x0B, 0x0B, 0x04, 0x09, 0x00, 0x00, 0x00, 0x00, 0x00, 0x09, 0x09, 0x0B, 0x0B, 0x04, 0x09, 0x00, 0x00, 0x00, 0x00, 0x00, 0x00, 0x00, 0x00, 0x00, 0x00, 0x00, 0x00, 0x00,
    0x09, 0x0B, 0x0B, 0x04, 0x04, 0x07, 0x04, 0x09, 0x00, 0x00, 0x00, 0x09, 0x0B, 0x0B, 0x0B, 0x04, 0x04, 0x07, 0x09, 0x00, 0x00, 0x00, 0x00, 0x00, 0x00, 0x00, 0x00, 0x00, 0x00, 0x00, 0x00,
    0x09, 0x0B, 0x0B, 0x0B, 0x0B, 0x04, 0x04, 0x0B, 0x09, 0x00, 0x00, 0x09, 0x0B, 0x0B, 0x0B, 0x0B, 0x04, 0x04, 0x04, 0x0B, 0x09, 0x00, 0x00, 0x00, 0x00, 0x00, 0x00, 0x00, 0x00, 0x00, 0x00,
    0x09, 0x09, 0x09, 0x09, 0x09, 0x09, 0x09, 0x09, 0x09, 0x00, 0x00, 0x09, 0x09, 0x09, 0x09, 0x09, 0x09, 0x09, 0x09, 0x09, 0x09, 0x00, 0x00, 0x00, 0x00, 0x00, 0x00, 0x00, 0x00, 0x00, 0x00,
};

// Marco Thumbs Up Victory Yell
constexpr int MARCO_VICTORY_W = 38;
constexpr int MARCO_VICTORY_H = 42;
static const uint16_t MARCO_VICTORY_PAL[14] PROGMEM = {
    0x0000, 0x1081, 0xFF52, 0xD50B, 0x8AC4, 0x4100, 0xFF09, 0xE4C5, 0xFFDD, 0x7347, 0xBD8E, 0x3982, 0x7800, 0xB200,
};
static const uint8_t MARCO_VICTORY_PIXELS[1596] PROGMEM = {
    0x00, 0x00, 0x00, 0x00, 0x00, 0x00, 0x00, 0x00, 0x01, 0x01, 0x00, 0x00, 0x01, 0x01, 0x00, 0x00, 0x00, 0x00, 0x00, 0x00, 0x00, 0x00, 0x00, 0x00, 0x00, 0x00, 0x00, 0x00, 0x00, 0x00, 0x00, 0x00, 0x00, 0x00, 0x00, 0x00, 0x00, 0x00,
    0x00, 0x00, 0x00, 0x00, 0x00, 0x00, 0x01, 0x01, 0x02, 0x02, 0x01, 0x01, 0x02, 0x03, 0x01, 0x00, 0x00, 0x00, 0x00, 0x00, 0x00, 0x00, 0x00, 0x00, 0x00, 0x00, 0x00, 0x00, 0x00, 0x00, 0x00, 0x00, 0x00, 0x00, 0x00, 0x00, 0x00, 0x00,
    0x00, 0x00, 0x00, 0x00, 0x00, 0x01, 0x03, 0x02, 0x04, 0x03, 0x05, 0x03, 0x03, 0x01, 0x00, 0x00, 0x00, 0x00, 0x00, 0x00, 0x00, 0x00, 0x00, 0x00, 0x00, 0x00, 0x00, 0x00, 0x00, 0x00, 0x00, 0x00, 0x00, 0x00, 0x00, 0x00, 0x00, 0x00,
    0x00, 0x00, 0x00, 0x00, 0x01, 0x03, 0x03, 0x03, 0x04, 0x03, 0x05, 0x03, 0x01, 0x00, 0x00, 0x05, 0x05, 0x00, 0x00, 0x00, 0x00, 0x00, 0x00, 0x00, 0x00, 0x00, 0x00, 0x00, 0x00, 0x00, 0x00, 0x00, 0x00, 0x00, 0x00, 0x00, 0x00, 0x00,
    0x00, 0x00, 0x00, 0x00, 0x01, 0x03, 0x05, 0x03, 0x04, 0x05, 0x03, 0x01, 0x00, 0x00, 0x05, 0x06, 0x06, 0x05, 0x05, 0x05, 0x05, 0x05, 0x00, 0x00, 0x00, 0x00, 0x00, 0x00, 0x00, 0x00, 0x00, 0x00, 0x00, 0x00, 0x00, 0x00, 0x00, 0x00,
    0x00, 0x00, 0x00, 0x00, 0x01, 0x04, 0x01, 0x05, 0x05, 0x03, 0x04, 0x01, 0x00, 0x00, 0x05, 0x06, 0x07, 0x06, 0x06, 0x06, 0x07, 0x07, 0x05, 0x05, 0x00, 0x00, 0x00, 0x00, 0x00, 0x00, 0x00, 0x00, 0x00, 0x00, 0x00, 0x00, 0x00, 0x00,
    0x00, 0x00, 0x00, 0x00, 0x01, 0x04, 0x04, 0x03, 0x03, 0x03, 0x01, 0x00, 0x00, 0x05, 0x07, 0x07, 0x05, 0x05, 0x05, 0x05, 0x06, 0x06, 0x07, 0x07, 0x05, 0x00, 0x00, 0x00, 0x00, 0x00, 0x00, 0x00, 0x00, 0x00, 0x00, 0x00, 0x00, 0x00,
    0x00, 0x00, 0x00, 0x00, 0x00, 0x01, 0x04, 0x04, 0x04, 0x01, 0x01, 0x00, 0x00, 0x05, 0x07, 0x05, 0x05, 0x08, 0x08, 0x08, 0x05, 0x05, 0x06, 0x07, 0x05, 0x00, 0x00, 0x00, 0x00, 0x00, 0x00, 0x00, 0x00, 0x00, 0x00, 0x00, 0x00, 0x00,
    0x00, 0x00, 0x00, 0x00, 0x00, 0x00, 0x01, 0x01, 0x01, 0x09, 0x01, 0x00, 0x00, 0x00, 0x05, 0x05, 0x08, 0x08, 0x08, 0x08, 0x08, 0x0A, 0x05, 0x07, 0x07, 0x05, 0x00, 0x00, 0x00, 0x00, 0x00, 0x00, 0x00, 0x00, 0x00, 0x00, 0x00, 0x00,
    0x00, 0x00, 0x00, 0x00, 0x00, 0x00, 0x01, 0x0B, 0x09, 0x09, 0x01, 0x00, 0x00, 0x00, 0x00, 0x05, 0x04, 0x01, 0x0A, 0x05, 0x0A, 0x0A, 0x0A, 0x05, 0x07, 0x05, 0x01, 0x00, 0x00, 0x00, 0x00, 0x00, 0x00, 0x00, 0x00, 0x00, 0x00, 0x00,
    0x00, 0x00, 0x00, 0x00, 0x00, 0x00, 0x01, 0x0B, 0x0B, 0x01, 0x02, 0x01, 0x00, 0x00, 0x05, 0x02, 0x03, 0x05, 0x08, 0x05, 0x05, 0x05, 0x05, 0x0A, 0x05, 0x05, 0x09, 0x01, 0x01, 0x01, 0x00, 0x00, 0x00, 0x00, 0x00, 0x00, 0x00, 0x00,
    0x00, 0x00, 0x00, 0x00, 0x00, 0x00, 0x01, 0x01, 0x01, 0x03, 0x02, 0x01, 0x00, 0x05, 0x08, 0x03, 0x03, 0x03, 0x04, 0x02, 0x03, 0x05, 0x03, 0x05, 0x07, 0x05, 0x09, 0x0A, 0x0A, 0x08, 0x01, 0x00, 0x00, 0x00, 0x00, 0x00, 0x00, 0x00,
    0x00, 0x00, 0x00, 0x00, 0x00, 0x00, 0x01, 0x04, 0x03, 0x03, 0x03, 0x04, 0x01, 0x01, 0x01, 0x01, 0x04, 0x03, 0x02, 0x03, 0x03, 0x04, 0x03, 0x05, 0x07, 0x05, 0x01, 0x01, 0x01, 0x0A, 0x0A, 0x01, 0x00, 0x00, 0x00, 0x00, 0x00, 0x00,
    0x00, 0x00, 0x00, 0x00, 0x00, 0x00, 0x01, 0x04, 0x03, 0x03, 0x03, 0x04, 0x03, 0x04, 0x05, 0x01, 0x03, 0x03, 0x04, 0x04, 0x03, 0x04, 0x01, 0x05, 0x05, 0x0C, 0x0D, 0x0D, 0x0D, 0x01, 0x0A, 0x01, 0x00, 0x00, 0x00, 0x00, 0x00, 0x00,
    0x00, 0x00, 0x00, 0x00, 0x00, 0x00, 0x00, 0x01, 0x04, 0x04, 0x04, 0x03, 0x03, 0x03, 0x04, 0x01, 0x08, 0x08, 0x0A, 0x05, 0x03, 0x01, 0x04, 0x05, 0x0C, 0x0D, 0x01, 0x01, 0x0C, 0x01, 0x09, 0x01, 0x00, 0x00, 0x00, 0x00, 0x00, 0x00,
    0x00, 0x00, 0x00, 0x00, 0x00, 0x00, 0x00, 0x01, 0x04, 0x04, 0x03, 0x03, 0x03, 0x04, 0x04, 0x05, 0x01, 0x01, 0x01, 0x01, 0x03, 0x01, 0x04, 0x05, 0x0D, 0x01, 0x04, 0x04, 0x01, 0x01, 0x01, 0x00, 0x00, 0x00, 0x00, 0x00, 0x00, 0x00,
    0x00, 0x00, 0x00, 0x00, 0x00, 0x00, 0x00, 0x00, 0x01, 0x01, 0x04, 0x04, 0x04, 0x04, 0x05, 0x05, 0x01, 0x01, 0x01, 0x03, 0x04, 0x01, 0x05, 0x0D, 0x01, 0x04, 0x03, 0x02, 0x08, 0x01, 0x00, 0x00, 0x00, 0x00, 0x00, 0x00, 0x00, 0x00,
    0x00, 0x00, 0x00, 0x00, 0x00, 0x00, 0x00, 0x00, 0x00, 0x00, 0x01, 0x01, 0x01, 0x05, 0x05, 0x08, 0x08, 0x0A, 0x01, 0x03, 0x01, 0x01, 0x0C, 0x0D, 0x01, 0x04, 0x03, 0x02, 0x02, 0x02, 0x01, 0x00, 0x00, 0x00, 0x00, 0x00, 0x00, 0x00,
    0x00, 0x00, 0x00, 0x00, 0x00, 0x00, 0x00, 0x00, 0x00, 0x00, 0x00, 0x00, 0x00, 0x01, 0x01, 0x01, 0x01, 0x04, 0x03, 0x01, 0x09, 0x01, 0x0D, 0x0C, 0x01, 0x04, 0x03, 0x03, 0x03, 0x02, 0x03, 0x01, 0x00, 0x00, 0x00, 0x00, 0x00, 0x00,
    0x00, 0x00, 0x00, 0x00, 0x00, 0x00, 0x00, 0x00, 0x00, 0x00, 0x00, 0x00, 0x00, 0x05, 0x02, 0x03, 0x03, 0x03, 0x01, 0x09, 0x09, 0x01, 0x0C, 0x0C, 0x01, 0x01, 0x04, 0x03, 0x03, 0x03, 0x03, 0x02, 0x01, 0x00, 0x00, 0x00, 0x00, 0x00,
    0x00, 0x00, 0x00, 0x00, 0x00, 0x00, 0x00, 0x00, 0x00, 0x00, 0x00, 0x00, 0x00, 0x00, 0x01, 0x01, 0x01, 0x01, 0x09, 0x09, 0x01, 0x0C, 0x0C, 0x0C, 0x01, 0x01, 0x01, 0x04, 0x04, 0x03, 0x03, 0x02, 0x01, 0x00, 0x00, 0x00, 0x00, 0x00,
    0x00, 0x00, 0x00, 0x00, 0x00, 0x00, 0x00, 0x00, 0x00, 0x00, 0x00, 0x00, 0x00, 0x00, 0x01, 0x0C, 0x01, 0x09, 0x09, 0x0A, 0x01, 0x0C, 0x0C, 0x0C, 0x0C, 0x01, 0x01, 0x01, 0x04, 0x04, 0x02, 0x03, 0x02, 0x01, 0x00, 0x00, 0x00, 0x00,
    0x00, 0x00, 0x00, 0x00, 0x00, 0x00, 0x00, 0x00, 0x00, 0x00, 0x00, 0x00, 0x00, 0x00, 0x01, 0x0C, 0x01, 0x0A, 0x0A, 0x0A, 0x01, 0x0C, 0x0C, 0x0C, 0x0C, 0x0C, 0x0C, 0x01, 0x03, 0x02, 0x02, 0x03, 0x03, 0x01, 0x00, 0x00, 0x00, 0x00,
    0x00, 0x00, 0x00, 0x00, 0x00, 0x00, 0x00, 0x00, 0x00, 0x00, 0x00, 0x00, 0x00, 0x01, 0x0D, 0x01, 0x08, 0x08, 0x0A, 0x01, 0x0C, 0x0D, 0x0C, 0x0C, 0x0D, 0x0D, 0x01, 0x01, 0x03, 0x02, 0x03, 0x03, 0x01, 0x00, 0x00, 0x00, 0x00, 0x00,
    0x00, 0x00, 0x00, 0x00, 0x00, 0x00, 0x00, 0x00, 0x00, 0x00, 0x00, 0x00, 0x00, 0x01, 0x0C, 0x01, 0x09, 0x08, 0x0A, 0x01, 0x0C, 0x0C, 0x0D, 0x0D, 0x0D, 0x01, 0x09, 0x09, 0x01, 0x03, 0x03, 0x01, 0x00, 0x00, 0x00, 0x00, 0x00, 0x00,
    0x00, 0x00, 0x00, 0x00, 0x00, 0x00, 0x00, 0x00, 0x00, 0x00, 0x00, 0x00, 0x00, 0x00, 0x01, 0x01, 0x01, 0x01, 0x01, 0x01, 0x01, 0x0C, 0x0C, 0x0C, 0x0D, 0x01, 0x01, 0x0B, 0x09, 0x01, 0x01, 0x00, 0x00, 0x00, 0x00, 0x00, 0x00, 0x00,
    0x00, 0x00, 0x00, 0x00, 0x00, 0x00, 0x00, 0x00, 0x00, 0x00, 0x00, 0x00, 0x00, 0x01, 0x01, 0x08, 0x0A, 0x01, 0x09, 0x01, 0x01, 0x01, 0x0C, 0x0C, 0x01, 0x03, 0x03, 0x01, 0x0B, 0x01, 0x00, 0x00, 0x00, 0x00, 0x00, 0x00, 0x00, 0x00,
    0x00, 0x00, 0x00, 0x00, 0x00, 0x00, 0x00, 0x00, 0x00, 0x00, 0x00, 0x00, 0x01, 0x09, 0x09, 0x0B, 0x0B, 0x09, 0x09, 0x0B, 0x0B, 0x0B, 0x01, 0x01, 0x01, 0x03, 0x03, 0x03, 0x01, 0x00, 0x00, 0x00, 0x00, 0x00, 0x00, 0x00, 0x00, 0x00,
    0x00, 0x00, 0x00, 0x00, 0x00, 0x00, 0x00, 0x00, 0x00, 0x00, 0x00, 0x01, 0x09, 0x0A, 0x09, 0x0B, 0x0A, 0x0B, 0x09, 0x09, 0x0A, 0x09, 0x0B, 0x0B, 0x01, 0x04, 0x03, 0x03, 0x01, 0x01, 0x00, 0x00, 0x00, 0x00, 0x00, 0x00, 0x00, 0x00,
    0x00, 0x00, 0x00, 0x00, 0x00, 0x00, 0x00, 0x00, 0x00, 0x00, 0x00, 0x01, 0x09, 0x0B, 0x0A, 0x0B, 0x0A, 0x0B, 0x0A, 0x0A, 0x09, 0x0B, 0x0B, 0x0B, 0x01, 0x04, 0x03, 0x03, 0x01, 0x03, 0x01, 0x00, 0x00, 0x00, 0x00, 0x00, 0x00, 0x00,
    0x00, 0x00, 0x00, 0x00, 0x00, 0x00, 0x00, 0x00, 0x00, 0x00, 0x01, 0x0A, 0x0A, 0x0B, 0x0A, 0x09, 0x0B, 0x0A, 0x0B, 0x09, 0x0B, 0x09, 0x09, 0x09, 0x0B, 0x01, 0x04, 0x03, 0x03, 0x04, 0x01, 0x00, 0x00, 0x00, 0x00, 0x00, 0x00, 0x00,
    0x00, 0x00, 0x00, 0x00, 0x00, 0x00, 0x00, 0x00, 0x00, 0x01, 0x0A, 0x0A, 0x09, 0x09, 0x0B, 0x09, 0x0B, 0x09, 0x0B, 0x0B, 0x09, 0x09, 0x09, 0x09, 0x0A, 0x0B, 0x01, 0x01, 0x01, 0x01, 0x00, 0x00, 0x00, 0x00, 0x00, 0x00, 0x00, 0x00,
    0x00, 0x00, 0x00, 0x00, 0x00, 0x00, 0x00, 0x00, 0x01, 0x08, 0x0A, 0x0A, 0x09, 0x09, 0x09, 0x0B, 0x0B, 0x01, 0x01, 0x01, 0x0B, 0x0B, 0x0B, 0x09, 0x09, 0x0A, 0x0B, 0x0B, 0x0B, 0x01, 0x00, 0x00, 0x00, 0x00, 0x00, 0x00, 0x00, 0x00,
    0x00, 0x00, 0x00, 0x00, 0x00, 0x00, 0x00, 0x01, 0x09, 0x0A, 0x0A, 0x09, 0x01, 0x0B, 0x0B, 0x0B, 0x01, 0x00, 0x00, 0x00, 0x01, 0x09, 0x09, 0x0B, 0x0B, 0x0B, 0x0A, 0x0A, 0x08, 0x09, 0x01, 0x00, 0x00, 0x00, 0x00, 0x00, 0x00, 0x00,
    0x00, 0x00, 0x00, 0x00, 0x00, 0x00, 0x01, 0x0A, 0x0A, 0x0A, 0x09, 0x09, 0x0B, 0x01, 0x01, 0x01, 0x00, 0x00, 0x00, 0x00, 0x00, 0x01, 0x01, 0x09, 0x09, 0x09, 0x09, 0x0A, 0x09, 0x0A, 0x0A, 0x01, 0x00, 0x00, 0x00, 0x00, 0x00, 0x00,
    0x00, 0x00, 0x00, 0x00, 0x00, 0x00, 0x01, 0x09, 0x09, 0x0B, 0x09, 0x0B, 0x0B, 0x01, 0x00, 0x00, 0x00, 0x00, 0x00, 0x00, 0x00, 0x00, 0x00, 0x01, 0x0B, 0x09, 0x0B, 0x0A, 0x0A, 0x0A, 0x09, 0x01, 0x00, 0x00, 0x00, 0x00, 0x00, 0x00,
    0x00, 0x00, 0x00, 0x00, 0x00, 0x00, 0x01, 0x01, 0x01, 0x09, 0x0B, 0x0B, 0x01, 0x00, 0x00, 0x00, 0x00, 0x00, 0x00, 0x00, 0x00, 0x00, 0x00, 0x00, 0x01, 0x0B, 0x0A, 0x09, 0x01, 0x01, 0x01, 0x01, 0x00, 0x00, 0x00, 0x00, 0x00, 0x00,
    0x00, 0x00, 0x00, 0x00, 0x00, 0x01, 0x09, 0x0B, 0x0B, 0x01, 0x09, 0x01, 0x00, 0x00, 0x00, 0x00, 0x00, 0x00, 0x00, 0x00, 0x00, 0x00, 0x00, 0x00, 0x00, 0x01, 0x09, 0x01, 0x01, 0x0B, 0x0B, 0x0B, 0x01, 0x00, 0x00, 0x00, 0x00, 0x00,
    0x00, 0x00, 0x00, 0x00, 0x01, 0x0A, 0x0B, 0x01, 0x01, 0x01, 0x01, 0x00, 0x00, 0x00, 0x00, 0x00, 0x00, 0x00, 0x00, 0x00, 0x00, 0x00, 0x00, 0x00, 0x00, 0x00, 0x01, 0x01, 0x01, 0x01, 0x0B, 0x0B, 0x09, 0x01, 0x00, 0x00, 0x00, 0x00,
    0x00, 0x00, 0x01, 0x01, 0x09, 0x09, 0x09, 0x0B, 0x01, 0x01, 0x00, 0x00, 0x00, 0x00, 0x00, 0x00, 0x00, 0x00, 0x00, 0x00, 0x00, 0x00, 0x00, 0x00, 0x00, 0x00, 0x00, 0x00, 0x01, 0x0B, 0x01, 0x01, 0x0B, 0x0A, 0x01, 0x01, 0x00, 0x00,
    0x01, 0x01, 0x0B, 0x09, 0x0B, 0x0B, 0x01, 0x01, 0x0B, 0x01, 0x00, 0x00, 0x00, 0x00, 0x00, 0x00, 0x00, 0x00, 0x00, 0x00, 0x00, 0x00, 0x00, 0x00, 0x00, 0x00, 0x00, 0x00, 0x01, 0x01, 0x01, 0x0B, 0x0B, 0x0B, 0x09, 0x09, 0x01, 0x01,
    0x01, 0x01, 0x01, 0x01, 0x01, 0x01, 0x01, 0x01, 0x01, 0x01, 0x00, 0x00, 0x00, 0x00, 0x00, 0x00, 0x00, 0x00, 0x00, 0x00, 0x00, 0x00, 0x00, 0x00, 0x00, 0x00, 0x00, 0x00, 0x01, 0x01, 0x01, 0x01, 0x01, 0x01, 0x01, 0x01, 0x01, 0x01,
};

// Rebel Army Di-Cokka Tank
constexpr int TANK_ALIVE_W = 71;
constexpr int TANK_ALIVE_H = 56;
static const uint16_t TANK_ALIVE_PAL[16] PROGMEM = {
    0x0000, 0x7284, 0x4142, 0xFF96, 0xD54B, 0x9BC8, 0x1840, 0xA48F, 0x6AC8, 0xFFDE, 0x9980, 0x3942, 0xC300, 0xFE4A, 0xD485, 0x9280,
};
static const uint8_t TANK_ALIVE_PIXELS[3976] PROGMEM = {
    0x00, 0x00, 0x00, 0x00, 0x00, 0x00, 0x00, 0x00, 0x00, 0x00, 0x00, 0x00, 0x00, 0x00, 0x00, 0x00, 0x00, 0x00, 0x00, 0x00, 0x00, 0x00, 0x00, 0x00, 0x00, 0x00, 0x00, 0x00, 0x00, 0x00, 0x00, 0x00, 0x01, 0x01, 0x02, 0x02, 0x02, 0x02, 0x02, 0x02, 0x02, 0x02, 0x02, 0x00, 0x00, 0x00, 0x00, 0x00, 0x00, 0x00, 0x00, 0x00, 0x00, 0x00, 0x00, 0x00, 0x00, 0x00, 0x00, 0x00, 0x00, 0x00, 0x00, 0x00, 0x00, 0x00, 0x00, 0x00, 0x00, 0x00, 0x00,
    0x00, 0x00, 0x00, 0x00, 0x00, 0x00, 0x00, 0x00, 0x00, 0x00, 0x00, 0x00, 0x00, 0x00, 0x00, 0x00, 0x00, 0x00, 0x00, 0x00, 0x00, 0x00, 0x00, 0x00, 0x00, 0x00, 0x00, 0x00, 0x00, 0x00, 0x02, 0x01, 0x03, 0x03, 0x04, 0x04, 0x04, 0x05, 0x05, 0x05, 0x05, 0x05, 0x01, 0x06, 0x06, 0x06, 0x00, 0x00, 0x00, 0x00, 0x00, 0x00, 0x00, 0x00, 0x00, 0x00, 0x00, 0x00, 0x00, 0x00, 0x00, 0x00, 0x00, 0x00, 0x00, 0x00, 0x00, 0x00, 0x00, 0x00, 0x00,
    0x00, 0x00, 0x00, 0x00, 0x00, 0x00, 0x00, 0x00, 0x00, 0x00, 0x00, 0x00, 0x00, 0x00, 0x00, 0x00, 0x00, 0x00, 0x00, 0x00, 0x00, 0x00, 0x00, 0x00, 0x00, 0x00, 0x00, 0x00, 0x00, 0x02, 0x04, 0x03, 0x04, 0x01, 0x01, 0x05, 0x05, 0x02, 0x02, 0x01, 0x01, 0x02, 0x02, 0x01, 0x01, 0x01, 0x06, 0x00, 0x00, 0x00, 0x00, 0x00, 0x00, 0x00, 0x00, 0x00, 0x00, 0x00, 0x00, 0x00, 0x00, 0x00, 0x00, 0x00, 0x00, 0x00, 0x00, 0x00, 0x00, 0x00, 0x00,
    0x00, 0x00, 0x00, 0x00, 0x00, 0x00, 0x00, 0x00, 0x00, 0x00, 0x00, 0x00, 0x00, 0x00, 0x00, 0x00, 0x00, 0x00, 0x00, 0x00, 0x00, 0x00, 0x00, 0x00, 0x00, 0x00, 0x00, 0x00, 0x00, 0x02, 0x02, 0x04, 0x05, 0x02, 0x02, 0x05, 0x01, 0x06, 0x06, 0x01, 0x02, 0x06, 0x06, 0x01, 0x02, 0x02, 0x05, 0x06, 0x00, 0x00, 0x00, 0x00, 0x00, 0x00, 0x00, 0x00, 0x00, 0x00, 0x00, 0x00, 0x00, 0x00, 0x00, 0x00, 0x00, 0x00, 0x00, 0x00, 0x00, 0x00, 0x00,
    0x00, 0x00, 0x00, 0x00, 0x00, 0x00, 0x00, 0x00, 0x00, 0x00, 0x00, 0x00, 0x00, 0x00, 0x00, 0x00, 0x00, 0x00, 0x00, 0x00, 0x00, 0x00, 0x00, 0x00, 0x00, 0x02, 0x02, 0x02, 0x02, 0x02, 0x06, 0x06, 0x06, 0x06, 0x06, 0x06, 0x06, 0x02, 0x02, 0x06, 0x06, 0x02, 0x02, 0x06, 0x06, 0x06, 0x01, 0x06, 0x00, 0x00, 0x00, 0x00, 0x00, 0x00, 0x00, 0x00, 0x00, 0x00, 0x00, 0x00, 0x00, 0x00, 0x00, 0x00, 0x00, 0x00, 0x00, 0x00, 0x00, 0x00, 0x00,
    0x00, 0x00, 0x00, 0x00, 0x00, 0x00, 0x00, 0x00, 0x00, 0x00, 0x00, 0x00, 0x00, 0x00, 0x00, 0x00, 0x00, 0x00, 0x00, 0x00, 0x00, 0x00, 0x00, 0x02, 0x02, 0x05, 0x05, 0x05, 0x05, 0x05, 0x05, 0x04, 0x05, 0x04, 0x04, 0x04, 0x05, 0x05, 0x04, 0x05, 0x05, 0x01, 0x01, 0x01, 0x01, 0x01, 0x06, 0x06, 0x06, 0x06, 0x00, 0x00, 0x00, 0x00, 0x00, 0x00, 0x00, 0x00, 0x00, 0x00, 0x00, 0x00, 0x00, 0x00, 0x00, 0x00, 0x00, 0x00, 0x00, 0x00, 0x00,
    0x00, 0x00, 0x00, 0x00, 0x00, 0x00, 0x00, 0x00, 0x00, 0x00, 0x00, 0x00, 0x00, 0x00, 0x00, 0x00, 0x00, 0x00, 0x00, 0x00, 0x00, 0x02, 0x02, 0x02, 0x02, 0x02, 0x02, 0x02, 0x02, 0x02, 0x02, 0x02, 0x05, 0x05, 0x05, 0x04, 0x03, 0x04, 0x01, 0x01, 0x01, 0x01, 0x01, 0x01, 0x01, 0x01, 0x01, 0x01, 0x01, 0x01, 0x06, 0x06, 0x06, 0x00, 0x00, 0x00, 0x00, 0x00, 0x00, 0x00, 0x00, 0x00, 0x00, 0x00, 0x00, 0x00, 0x00, 0x00, 0x00, 0x00, 0x00,
    0x00, 0x00, 0x00, 0x00, 0x00, 0x00, 0x00, 0x00, 0x00, 0x00, 0x00, 0x00, 0x00, 0x00, 0x00, 0x00, 0x00, 0x00, 0x00, 0x02, 0x02, 0x01, 0x04, 0x04, 0x04, 0x04, 0x04, 0x03, 0x03, 0x03, 0x01, 0x01, 0x02, 0x05, 0x04, 0x03, 0x01, 0x01, 0x01, 0x01, 0x01, 0x01, 0x01, 0x01, 0x01, 0x01, 0x01, 0x01, 0x02, 0x01, 0x01, 0x01, 0x05, 0x06, 0x00, 0x00, 0x00, 0x00, 0x00, 0x00, 0x00, 0x00, 0x00, 0x00, 0x00, 0x00, 0x00, 0x00, 0x00, 0x00, 0x00,
    0x00, 0x00, 0x00, 0x00, 0x00, 0x00, 0x00, 0x00, 0x00, 0x00, 0x00, 0x00, 0x00, 0x00, 0x00, 0x00, 0x00, 0x00, 0x02, 0x02, 0x02, 0x02, 0x02, 0x02, 0x05, 0x05, 0x05, 0x05, 0x03, 0x04, 0x01, 0x01, 0x02, 0x05, 0x04, 0x03, 0x01, 0x01, 0x04, 0x01, 0x01, 0x01, 0x03, 0x01, 0x01, 0x01, 0x01, 0x02, 0x05, 0x02, 0x05, 0x01, 0x01, 0x05, 0x06, 0x00, 0x00, 0x00, 0x00, 0x00, 0x00, 0x00, 0x00, 0x00, 0x00, 0x00, 0x00, 0x00, 0x00, 0x00, 0x00,
    0x00, 0x00, 0x00, 0x00, 0x00, 0x00, 0x00, 0x00, 0x00, 0x00, 0x00, 0x00, 0x00, 0x02, 0x02, 0x02, 0x02, 0x02, 0x05, 0x02, 0x05, 0x05, 0x05, 0x02, 0x05, 0x05, 0x05, 0x05, 0x04, 0x02, 0x01, 0x02, 0x05, 0x04, 0x03, 0x01, 0x01, 0x01, 0x02, 0x03, 0x01, 0x03, 0x02, 0x01, 0x01, 0x01, 0x02, 0x04, 0x05, 0x01, 0x02, 0x05, 0x01, 0x05, 0x06, 0x00, 0x00, 0x00, 0x00, 0x00, 0x00, 0x00, 0x00, 0x00, 0x00, 0x00, 0x00, 0x00, 0x00, 0x00, 0x00,
    0x00, 0x00, 0x00, 0x00, 0x00, 0x00, 0x00, 0x00, 0x00, 0x00, 0x00, 0x00, 0x02, 0x04, 0x04, 0x05, 0x05, 0x05, 0x05, 0x05, 0x02, 0x04, 0x05, 0x05, 0x02, 0x01, 0x05, 0x05, 0x04, 0x02, 0x01, 0x02, 0x05, 0x04, 0x03, 0x01, 0x04, 0x02, 0x02, 0x02, 0x03, 0x06, 0x02, 0x06, 0x04, 0x01, 0x02, 0x05, 0x01, 0x01, 0x02, 0x04, 0x01, 0x05, 0x06, 0x00, 0x00, 0x00, 0x00, 0x00, 0x00, 0x00, 0x00, 0x00, 0x00, 0x00, 0x00, 0x00, 0x00, 0x00, 0x00,
    0x00, 0x00, 0x00, 0x00, 0x00, 0x00, 0x00, 0x00, 0x00, 0x00, 0x00, 0x02, 0x05, 0x06, 0x03, 0x03, 0x04, 0x04, 0x04, 0x04, 0x05, 0x02, 0x04, 0x05, 0x02, 0x01, 0x05, 0x04, 0x04, 0x02, 0x01, 0x02, 0x05, 0x03, 0x04, 0x01, 0x01, 0x03, 0x02, 0x02, 0x02, 0x02, 0x06, 0x03, 0x01, 0x01, 0x02, 0x05, 0x01, 0x02, 0x02, 0x04, 0x01, 0x01, 0x05, 0x06, 0x00, 0x00, 0x00, 0x00, 0x00, 0x00, 0x00, 0x00, 0x00, 0x00, 0x00, 0x00, 0x00, 0x00, 0x00,
    0x00, 0x00, 0x00, 0x00, 0x00, 0x00, 0x00, 0x00, 0x00, 0x00, 0x00, 0x02, 0x05, 0x06, 0x06, 0x03, 0x03, 0x04, 0x03, 0x04, 0x04, 0x01, 0x03, 0x04, 0x06, 0x01, 0x05, 0x04, 0x02, 0x01, 0x06, 0x05, 0x04, 0x03, 0x05, 0x01, 0x01, 0x01, 0x03, 0x06, 0x02, 0x06, 0x03, 0x01, 0x01, 0x01, 0x01, 0x02, 0x02, 0x02, 0x04, 0x01, 0x01, 0x01, 0x05, 0x06, 0x00, 0x00, 0x00, 0x00, 0x00, 0x00, 0x00, 0x00, 0x00, 0x00, 0x00, 0x00, 0x00, 0x00, 0x00,
    0x00, 0x00, 0x00, 0x00, 0x00, 0x00, 0x00, 0x00, 0x00, 0x00, 0x00, 0x02, 0x01, 0x06, 0x06, 0x03, 0x04, 0x04, 0x04, 0x04, 0x04, 0x01, 0x03, 0x04, 0x06, 0x01, 0x05, 0x04, 0x02, 0x01, 0x02, 0x05, 0x04, 0x04, 0x05, 0x01, 0x01, 0x03, 0x06, 0x02, 0x06, 0x02, 0x06, 0x04, 0x01, 0x01, 0x01, 0x05, 0x04, 0x04, 0x01, 0x01, 0x01, 0x01, 0x05, 0x06, 0x00, 0x00, 0x00, 0x00, 0x00, 0x00, 0x00, 0x00, 0x00, 0x00, 0x00, 0x00, 0x00, 0x00, 0x00,
    0x00, 0x00, 0x00, 0x00, 0x00, 0x00, 0x00, 0x00, 0x00, 0x00, 0x00, 0x02, 0x01, 0x06, 0x06, 0x04, 0x04, 0x05, 0x05, 0x05, 0x05, 0x02, 0x04, 0x05, 0x06, 0x05, 0x05, 0x04, 0x02, 0x01, 0x02, 0x05, 0x04, 0x04, 0x01, 0x01, 0x04, 0x06, 0x06, 0x06, 0x04, 0x06, 0x06, 0x06, 0x04, 0x01, 0x01, 0x01, 0x01, 0x01, 0x01, 0x01, 0x01, 0x01, 0x05, 0x06, 0x00, 0x00, 0x00, 0x00, 0x00, 0x00, 0x00, 0x00, 0x00, 0x00, 0x00, 0x00, 0x00, 0x00, 0x00,
    0x00, 0x00, 0x00, 0x00, 0x00, 0x00, 0x00, 0x00, 0x00, 0x00, 0x00, 0x02, 0x05, 0x06, 0x06, 0x04, 0x05, 0x05, 0x05, 0x05, 0x05, 0x02, 0x05, 0x01, 0x06, 0x05, 0x05, 0x04, 0x02, 0x01, 0x02, 0x05, 0x04, 0x04, 0x01, 0x01, 0x01, 0x01, 0x06, 0x04, 0x01, 0x04, 0x06, 0x01, 0x01, 0x01, 0x01, 0x01, 0x01, 0x05, 0x05, 0x05, 0x05, 0x05, 0x04, 0x06, 0x00, 0x00, 0x00, 0x00, 0x00, 0x00, 0x00, 0x00, 0x00, 0x00, 0x00, 0x00, 0x00, 0x00, 0x00,
    0x00, 0x00, 0x00, 0x00, 0x00, 0x00, 0x00, 0x00, 0x00, 0x00, 0x00, 0x02, 0x05, 0x06, 0x04, 0x01, 0x01, 0x01, 0x01, 0x01, 0x01, 0x02, 0x01, 0x06, 0x01, 0x05, 0x05, 0x02, 0x01, 0x02, 0x05, 0x05, 0x04, 0x04, 0x01, 0x01, 0x01, 0x01, 0x04, 0x01, 0x01, 0x01, 0x04, 0x01, 0x01, 0x01, 0x01, 0x05, 0x05, 0x02, 0x02, 0x02, 0x02, 0x02, 0x02, 0x06, 0x00, 0x00, 0x00, 0x00, 0x00, 0x00, 0x00, 0x00, 0x00, 0x00, 0x00, 0x00, 0x00, 0x00, 0x00,
    0x00, 0x00, 0x00, 0x00, 0x00, 0x00, 0x00, 0x00, 0x00, 0x00, 0x00, 0x00, 0x02, 0x04, 0x05, 0x05, 0x05, 0x05, 0x05, 0x01, 0x02, 0x01, 0x01, 0x02, 0x05, 0x05, 0x05, 0x02, 0x01, 0x02, 0x05, 0x04, 0x04, 0x05, 0x01, 0x01, 0x01, 0x01, 0x01, 0x01, 0x01, 0x01, 0x01, 0x01, 0x01, 0x01, 0x05, 0x02, 0x02, 0x06, 0x02, 0x02, 0x02, 0x06, 0x06, 0x00, 0x00, 0x00, 0x00, 0x00, 0x00, 0x00, 0x00, 0x00, 0x00, 0x00, 0x00, 0x00, 0x00, 0x00, 0x00,
    0x00, 0x00, 0x00, 0x00, 0x00, 0x00, 0x00, 0x00, 0x00, 0x00, 0x00, 0x00, 0x00, 0x02, 0x02, 0x02, 0x02, 0x02, 0x02, 0x02, 0x02, 0x02, 0x02, 0x01, 0x05, 0x05, 0x01, 0x02, 0x01, 0x02, 0x05, 0x04, 0x04, 0x05, 0x01, 0x01, 0x01, 0x01, 0x01, 0x01, 0x01, 0x01, 0x01, 0x01, 0x01, 0x05, 0x02, 0x06, 0x06, 0x02, 0x02, 0x06, 0x06, 0x00, 0x00, 0x00, 0x00, 0x00, 0x00, 0x00, 0x00, 0x00, 0x00, 0x00, 0x00, 0x00, 0x00, 0x00, 0x00, 0x00, 0x00,
    0x00, 0x00, 0x00, 0x00, 0x00, 0x00, 0x00, 0x00, 0x00, 0x00, 0x00, 0x00, 0x00, 0x00, 0x00, 0x00, 0x00, 0x02, 0x01, 0x01, 0x01, 0x01, 0x01, 0x01, 0x01, 0x01, 0x01, 0x02, 0x02, 0x02, 0x02, 0x02, 0x02, 0x02, 0x02, 0x02, 0x02, 0x02, 0x02, 0x02, 0x02, 0x02, 0x02, 0x02, 0x02, 0x02, 0x06, 0x06, 0x06, 0x06, 0x06, 0x00, 0x00, 0x00, 0x00, 0x02, 0x02, 0x02, 0x00, 0x00, 0x02, 0x02, 0x02, 0x00, 0x00, 0x00, 0x00, 0x00, 0x00, 0x00, 0x00,
    0x00, 0x00, 0x00, 0x00, 0x00, 0x00, 0x00, 0x00, 0x00, 0x00, 0x00, 0x00, 0x00, 0x00, 0x00, 0x02, 0x02, 0x02, 0x06, 0x06, 0x06, 0x06, 0x06, 0x06, 0x06, 0x06, 0x06, 0x06, 0x06, 0x05, 0x04, 0x04, 0x04, 0x05, 0x04, 0x04, 0x05, 0x04, 0x05, 0x05, 0x05, 0x05, 0x05, 0x05, 0x05, 0x05, 0x06, 0x06, 0x06, 0x06, 0x06, 0x00, 0x00, 0x00, 0x02, 0x07, 0x07, 0x08, 0x02, 0x02, 0x07, 0x09, 0x07, 0x06, 0x06, 0x00, 0x00, 0x00, 0x00, 0x00, 0x00,
    0x00, 0x00, 0x00, 0x00, 0x00, 0x00, 0x00, 0x00, 0x00, 0x00, 0x00, 0x00, 0x02, 0x02, 0x02, 0x04, 0x01, 0x05, 0x04, 0x05, 0x05, 0x01, 0x05, 0x04, 0x05, 0x05, 0x04, 0x05, 0x04, 0x04, 0x05, 0x05, 0x05, 0x01, 0x01, 0x05, 0x01, 0x05, 0x01, 0x04, 0x03, 0x04, 0x04, 0x01, 0x01, 0x01, 0x03, 0x04, 0x03, 0x04, 0x05, 0x06, 0x06, 0x06, 0x06, 0x06, 0x08, 0x08, 0x02, 0x07, 0x07, 0x07, 0x08, 0x08, 0x08, 0x06, 0x00, 0x00, 0x00, 0x00, 0x00,
    0x00, 0x00, 0x00, 0x00, 0x00, 0x00, 0x00, 0x00, 0x00, 0x00, 0x00, 0x02, 0x04, 0x03, 0x03, 0x04, 0x04, 0x04, 0x04, 0x04, 0x04, 0x04, 0x04, 0x04, 0x04, 0x04, 0x03, 0x03, 0x03, 0x05, 0x01, 0x01, 0x05, 0x01, 0x01, 0x05, 0x01, 0x01, 0x03, 0x0A, 0x0A, 0x0A, 0x0A, 0x04, 0x01, 0x03, 0x0A, 0x0A, 0x0A, 0x0A, 0x04, 0x01, 0x05, 0x05, 0x05, 0x05, 0x06, 0x06, 0x06, 0x08, 0x07, 0x08, 0x08, 0x08, 0x08, 0x0B, 0x06, 0x00, 0x00, 0x00, 0x00,
    0x00, 0x00, 0x00, 0x00, 0x00, 0x00, 0x00, 0x00, 0x00, 0x00, 0x02, 0x03, 0x04, 0x04, 0x04, 0x04, 0x04, 0x04, 0x04, 0x04, 0x04, 0x04, 0x03, 0x04, 0x03, 0x03, 0x03, 0x04, 0x05, 0x01, 0x01, 0x01, 0x01, 0x01, 0x01, 0x01, 0x01, 0x03, 0x0A, 0x03, 0x04, 0x04, 0x05, 0x0A, 0x04, 0x0A, 0x03, 0x04, 0x04, 0x05, 0x0A, 0x04, 0x01, 0x01, 0x05, 0x01, 0x05, 0x04, 0x04, 0x06, 0x06, 0x08, 0x08, 0x08, 0x0B, 0x0B, 0x0B, 0x06, 0x00, 0x00, 0x00,
    0x00, 0x00, 0x00, 0x00, 0x00, 0x00, 0x00, 0x00, 0x00, 0x02, 0x04, 0x04, 0x04, 0x04, 0x04, 0x04, 0x04, 0x05, 0x04, 0x04, 0x04, 0x05, 0x04, 0x04, 0x04, 0x03, 0x05, 0x01, 0x01, 0x01, 0x01, 0x01, 0x01, 0x01, 0x01, 0x01, 0x01, 0x03, 0x0A, 0x04, 0x04, 0x05, 0x05, 0x0C, 0x04, 0x0A, 0x05, 0x04, 0x05, 0x05, 0x0C, 0x04, 0x01, 0x01, 0x01, 0x01, 0x01, 0x05, 0x01, 0x05, 0x04, 0x06, 0x06, 0x0B, 0x0B, 0x0B, 0x08, 0x06, 0x00, 0x00, 0x00,
    0x00, 0x00, 0x00, 0x00, 0x00, 0x00, 0x00, 0x00, 0x02, 0x04, 0x05, 0x04, 0x05, 0x04, 0x05, 0x04, 0x05, 0x05, 0x04, 0x04, 0x05, 0x04, 0x04, 0x04, 0x03, 0x04, 0x05, 0x01, 0x01, 0x01, 0x01, 0x01, 0x01, 0x01, 0x01, 0x01, 0x01, 0x01, 0x04, 0x0A, 0x0A, 0x0A, 0x0C, 0x04, 0x01, 0x04, 0x0A, 0x0A, 0x0C, 0x0C, 0x04, 0x01, 0x01, 0x01, 0x01, 0x01, 0x01, 0x05, 0x01, 0x01, 0x05, 0x05, 0x05, 0x06, 0x06, 0x08, 0x06, 0x00, 0x00, 0x00, 0x00,
    0x00, 0x00, 0x00, 0x00, 0x00, 0x00, 0x00, 0x02, 0x05, 0x02, 0x01, 0x04, 0x05, 0x05, 0x05, 0x04, 0x05, 0x05, 0x04, 0x05, 0x05, 0x01, 0x02, 0x04, 0x03, 0x05, 0x01, 0x01, 0x01, 0x01, 0x01, 0x01, 0x01, 0x01, 0x01, 0x01, 0x01, 0x04, 0x0A, 0x05, 0x04, 0x04, 0x05, 0x0A, 0x04, 0x0A, 0x05, 0x04, 0x04, 0x05, 0x0A, 0x04, 0x01, 0x01, 0x01, 0x01, 0x01, 0x01, 0x01, 0x01, 0x05, 0x01, 0x01, 0x04, 0x05, 0x06, 0x00, 0x00, 0x00, 0x00, 0x00,
    0x00, 0x00, 0x00, 0x00, 0x00, 0x00, 0x02, 0x04, 0x01, 0x02, 0x01, 0x05, 0x05, 0x05, 0x05, 0x05, 0x05, 0x05, 0x05, 0x05, 0x05, 0x02, 0x06, 0x04, 0x04, 0x01, 0x01, 0x01, 0x01, 0x01, 0x01, 0x01, 0x01, 0x01, 0x01, 0x01, 0x01, 0x03, 0x0A, 0x04, 0x01, 0x01, 0x04, 0x0A, 0x03, 0x0A, 0x04, 0x01, 0x01, 0x04, 0x0C, 0x04, 0x01, 0x01, 0x01, 0x01, 0x01, 0x01, 0x01, 0x01, 0x01, 0x01, 0x01, 0x05, 0x01, 0x05, 0x06, 0x00, 0x00, 0x00, 0x00,
    0x00, 0x00, 0x00, 0x00, 0x00, 0x00, 0x02, 0x05, 0x06, 0x06, 0x05, 0x05, 0x05, 0x05, 0x05, 0x05, 0x05, 0x05, 0x05, 0x05, 0x05, 0x02, 0x06, 0x04, 0x05, 0x02, 0x02, 0x02, 0x02, 0x02, 0x01, 0x01, 0x01, 0x01, 0x01, 0x01, 0x01, 0x03, 0x0A, 0x05, 0x04, 0x04, 0x05, 0x0C, 0x03, 0x0A, 0x05, 0x04, 0x04, 0x05, 0x0C, 0x04, 0x01, 0x01, 0x01, 0x01, 0x01, 0x01, 0x01, 0x01, 0x01, 0x01, 0x01, 0x01, 0x01, 0x05, 0x06, 0x00, 0x00, 0x00, 0x00,
    0x00, 0x00, 0x00, 0x02, 0x02, 0x02, 0x05, 0x05, 0x04, 0x04, 0x05, 0x05, 0x05, 0x05, 0x0D, 0x0D, 0x0E, 0x05, 0x05, 0x05, 0x05, 0x04, 0x04, 0x05, 0x02, 0x04, 0x03, 0x04, 0x04, 0x04, 0x02, 0x02, 0x01, 0x01, 0x01, 0x01, 0x01, 0x01, 0x03, 0x0A, 0x0A, 0x0C, 0x0A, 0x04, 0x01, 0x03, 0x0A, 0x0A, 0x0C, 0x0C, 0x04, 0x01, 0x01, 0x03, 0x04, 0x01, 0x03, 0x01, 0x03, 0x04, 0x01, 0x02, 0x02, 0x01, 0x01, 0x01, 0x05, 0x06, 0x00, 0x00, 0x00,
    0x00, 0x00, 0x02, 0x04, 0x05, 0x02, 0x05, 0x05, 0x05, 0x05, 0x0D, 0x0D, 0x0D, 0x0D, 0x0E, 0x0E, 0x0F, 0x01, 0x05, 0x05, 0x05, 0x05, 0x01, 0x02, 0x04, 0x06, 0x06, 0x06, 0x04, 0x05, 0x05, 0x05, 0x02, 0x01, 0x01, 0x01, 0x02, 0x02, 0x01, 0x04, 0x04, 0x04, 0x04, 0x01, 0x01, 0x01, 0x04, 0x03, 0x04, 0x04, 0x01, 0x01, 0x01, 0x04, 0x04, 0x01, 0x04, 0x01, 0x04, 0x04, 0x01, 0x02, 0x05, 0x02, 0x02, 0x01, 0x05, 0x06, 0x00, 0x00, 0x00,
    0x00, 0x02, 0x05, 0x06, 0x06, 0x02, 0x05, 0x05, 0x05, 0x05, 0x0E, 0x0D, 0x0E, 0x0D, 0x0F, 0x0F, 0x0F, 0x02, 0x05, 0x01, 0x05, 0x05, 0x01, 0x01, 0x02, 0x02, 0x03, 0x04, 0x06, 0x05, 0x05, 0x01, 0x01, 0x02, 0x01, 0x01, 0x02, 0x05, 0x02, 0x02, 0x01, 0x01, 0x01, 0x01, 0x01, 0x01, 0x01, 0x01, 0x01, 0x01, 0x01, 0x01, 0x01, 0x01, 0x01, 0x01, 0x01, 0x01, 0x01, 0x01, 0x01, 0x02, 0x04, 0x05, 0x02, 0x02, 0x01, 0x06, 0x00, 0x00, 0x00,
    0x00, 0x00, 0x02, 0x03, 0x04, 0x02, 0x04, 0x05, 0x05, 0x01, 0x0F, 0x0F, 0x0F, 0x0F, 0x02, 0x02, 0x02, 0x01, 0x01, 0x01, 0x01, 0x05, 0x01, 0x01, 0x01, 0x02, 0x09, 0x03, 0x06, 0x05, 0x01, 0x01, 0x01, 0x02, 0x02, 0x01, 0x02, 0x04, 0x05, 0x02, 0x02, 0x02, 0x01, 0x01, 0x01, 0x01, 0x01, 0x01, 0x02, 0x02, 0x02, 0x02, 0x02, 0x02, 0x02, 0x02, 0x02, 0x02, 0x02, 0x02, 0x02, 0x02, 0x02, 0x02, 0x02, 0x02, 0x02, 0x06, 0x00, 0x00, 0x00,
    0x00, 0x00, 0x02, 0x09, 0x03, 0x02, 0x04, 0x01, 0x05, 0x01, 0x02, 0x02, 0x02, 0x02, 0x01, 0x01, 0x01, 0x01, 0x01, 0x02, 0x01, 0x01, 0x01, 0x01, 0x02, 0x02, 0x02, 0x02, 0x02, 0x02, 0x02, 0x02, 0x02, 0x02, 0x02, 0x02, 0x02, 0x02, 0x02, 0x02, 0x02, 0x02, 0x02, 0x02, 0x02, 0x02, 0x02, 0x02, 0x04, 0x04, 0x05, 0x05, 0x05, 0x04, 0x05, 0x04, 0x04, 0x05, 0x04, 0x04, 0x04, 0x04, 0x05, 0x04, 0x05, 0x05, 0x05, 0x05, 0x06, 0x06, 0x00,
    0x00, 0x00, 0x00, 0x02, 0x02, 0x02, 0x02, 0x01, 0x05, 0x01, 0x05, 0x01, 0x02, 0x01, 0x01, 0x02, 0x01, 0x01, 0x01, 0x02, 0x02, 0x02, 0x02, 0x02, 0x02, 0x02, 0x01, 0x01, 0x01, 0x01, 0x01, 0x01, 0x01, 0x04, 0x04, 0x04, 0x05, 0x04, 0x05, 0x05, 0x05, 0x04, 0x05, 0x05, 0x04, 0x05, 0x04, 0x04, 0x01, 0x01, 0x01, 0x01, 0x01, 0x01, 0x01, 0x01, 0x01, 0x01, 0x01, 0x01, 0x01, 0x01, 0x01, 0x01, 0x01, 0x01, 0x01, 0x01, 0x01, 0x01, 0x06,
    0x00, 0x02, 0x02, 0x05, 0x05, 0x01, 0x01, 0x02, 0x01, 0x02, 0x01, 0x01, 0x02, 0x02, 0x01, 0x02, 0x02, 0x01, 0x02, 0x02, 0x01, 0x05, 0x05, 0x05, 0x05, 0x05, 0x05, 0x05, 0x04, 0x05, 0x04, 0x04, 0x04, 0x01, 0x01, 0x01, 0x01, 0x01, 0x01, 0x01, 0x01, 0x01, 0x01, 0x01, 0x01, 0x01, 0x01, 0x01, 0x02, 0x02, 0x06, 0x06, 0x06, 0x06, 0x06, 0x06, 0x06, 0x06, 0x02, 0x06, 0x06, 0x06, 0x02, 0x06, 0x06, 0x06, 0x06, 0x06, 0x06, 0x06, 0x00,
    0x02, 0x05, 0x05, 0x05, 0x05, 0x05, 0x01, 0x01, 0x02, 0x02, 0x02, 0x02, 0x04, 0x05, 0x02, 0x02, 0x02, 0x02, 0x05, 0x05, 0x04, 0x04, 0x04, 0x04, 0x03, 0x04, 0x01, 0x01, 0x01, 0x01, 0x01, 0x01, 0x01, 0x02, 0x06, 0x06, 0x06, 0x06, 0x02, 0x06, 0x06, 0x06, 0x02, 0x06, 0x06, 0x02, 0x06, 0x06, 0x06, 0x02, 0x06, 0x06, 0x06, 0x0B, 0x0B, 0x0B, 0x06, 0x06, 0x06, 0x01, 0x05, 0x01, 0x06, 0x06, 0x06, 0x00, 0x00, 0x00, 0x00, 0x00, 0x00,
    0x06, 0x03, 0x04, 0x05, 0x05, 0x05, 0x01, 0x02, 0x01, 0x05, 0x01, 0x04, 0x01, 0x01, 0x05, 0x05, 0x02, 0x05, 0x04, 0x04, 0x04, 0x01, 0x01, 0x01, 0x01, 0x01, 0x06, 0x06, 0x06, 0x06, 0x06, 0x06, 0x06, 0x06, 0x0B, 0x0B, 0x06, 0x06, 0x01, 0x06, 0x06, 0x06, 0x01, 0x06, 0x06, 0x01, 0x06, 0x06, 0x06, 0x01, 0x06, 0x06, 0x0B, 0x0B, 0x0B, 0x0B, 0x06, 0x06, 0x06, 0x06, 0x06, 0x06, 0x06, 0x06, 0x00, 0x00, 0x00, 0x00, 0x00, 0x00, 0x00,
    0x00, 0x06, 0x06, 0x04, 0x05, 0x01, 0x02, 0x05, 0x04, 0x01, 0x03, 0x05, 0x05, 0x04, 0x04, 0x02, 0x05, 0x04, 0x01, 0x01, 0x01, 0x06, 0x06, 0x06, 0x06, 0x06, 0x08, 0x08, 0x0B, 0x08, 0x0B, 0x06, 0x06, 0x08, 0x0B, 0x0B, 0x0B, 0x06, 0x06, 0x04, 0x05, 0x01, 0x06, 0x06, 0x06, 0x06, 0x04, 0x05, 0x01, 0x06, 0x06, 0x06, 0x08, 0x0B, 0x08, 0x08, 0x06, 0x06, 0x06, 0x07, 0x0B, 0x08, 0x07, 0x0B, 0x06, 0x06, 0x00, 0x00, 0x00, 0x00, 0x00,
    0x00, 0x00, 0x00, 0x06, 0x04, 0x06, 0x01, 0x04, 0x04, 0x05, 0x03, 0x05, 0x04, 0x04, 0x04, 0x02, 0x04, 0x01, 0x06, 0x06, 0x06, 0x07, 0x09, 0x07, 0x0B, 0x08, 0x06, 0x0B, 0x0B, 0x06, 0x06, 0x0B, 0x06, 0x08, 0x0B, 0x08, 0x08, 0x06, 0x06, 0x06, 0x06, 0x06, 0x06, 0x06, 0x06, 0x06, 0x06, 0x06, 0x06, 0x06, 0x06, 0x06, 0x07, 0x08, 0x08, 0x08, 0x06, 0x0B, 0x08, 0x06, 0x06, 0x0B, 0x0B, 0x06, 0x08, 0x07, 0x06, 0x00, 0x00, 0x00, 0x00,
    0x00, 0x00, 0x06, 0x06, 0x05, 0x02, 0x03, 0x05, 0x01, 0x03, 0x01, 0x05, 0x05, 0x03, 0x05, 0x02, 0x01, 0x06, 0x08, 0x08, 0x08, 0x08, 0x07, 0x0B, 0x08, 0x06, 0x07, 0x07, 0x08, 0x08, 0x06, 0x06, 0x06, 0x07, 0x08, 0x08, 0x08, 0x0B, 0x08, 0x0B, 0x07, 0x08, 0x06, 0x06, 0x06, 0x06, 0x06, 0x06, 0x06, 0x08, 0x0B, 0x06, 0x07, 0x08, 0x08, 0x08, 0x0B, 0x06, 0x06, 0x06, 0x07, 0x07, 0x08, 0x08, 0x06, 0x0B, 0x06, 0x00, 0x00, 0x00, 0x00,
    0x00, 0x00, 0x06, 0x0B, 0x07, 0x02, 0x01, 0x05, 0x01, 0x04, 0x01, 0x05, 0x05, 0x01, 0x05, 0x05, 0x06, 0x0B, 0x0B, 0x07, 0x0B, 0x0B, 0x0B, 0x0B, 0x06, 0x07, 0x08, 0x06, 0x06, 0x08, 0x08, 0x06, 0x06, 0x0B, 0x07, 0x08, 0x08, 0x08, 0x06, 0x06, 0x06, 0x06, 0x0B, 0x07, 0x08, 0x0B, 0x07, 0x08, 0x0B, 0x06, 0x06, 0x06, 0x0B, 0x07, 0x08, 0x08, 0x08, 0x06, 0x06, 0x07, 0x08, 0x06, 0x06, 0x08, 0x08, 0x06, 0x08, 0x06, 0x00, 0x00, 0x00,
    0x00, 0x00, 0x06, 0x07, 0x08, 0x02, 0x01, 0x01, 0x02, 0x04, 0x02, 0x01, 0x01, 0x01, 0x01, 0x01, 0x06, 0x07, 0x07, 0x08, 0x09, 0x09, 0x0B, 0x07, 0x0B, 0x07, 0x06, 0x08, 0x0B, 0x06, 0x08, 0x0B, 0x06, 0x06, 0x07, 0x08, 0x07, 0x0B, 0x06, 0x06, 0x07, 0x08, 0x06, 0x06, 0x06, 0x06, 0x06, 0x06, 0x06, 0x07, 0x08, 0x06, 0x06, 0x07, 0x08, 0x07, 0x0B, 0x06, 0x0B, 0x07, 0x06, 0x08, 0x0B, 0x06, 0x08, 0x0B, 0x07, 0x06, 0x00, 0x00, 0x00,
    0x00, 0x00, 0x06, 0x08, 0x08, 0x06, 0x04, 0x01, 0x02, 0x05, 0x02, 0x01, 0x01, 0x04, 0x01, 0x01, 0x06, 0x08, 0x08, 0x08, 0x08, 0x07, 0x0B, 0x08, 0x0B, 0x08, 0x06, 0x0B, 0x0B, 0x06, 0x08, 0x0B, 0x06, 0x06, 0x07, 0x08, 0x0B, 0x06, 0x06, 0x07, 0x06, 0x06, 0x08, 0x06, 0x06, 0x06, 0x06, 0x06, 0x07, 0x06, 0x06, 0x08, 0x06, 0x07, 0x08, 0x0B, 0x06, 0x06, 0x0B, 0x08, 0x06, 0x0B, 0x0B, 0x06, 0x08, 0x0B, 0x0B, 0x06, 0x00, 0x00, 0x00,
    0x00, 0x00, 0x06, 0x0B, 0x07, 0x0B, 0x06, 0x01, 0x01, 0x02, 0x05, 0x02, 0x01, 0x02, 0x01, 0x01, 0x06, 0x0B, 0x0B, 0x07, 0x0B, 0x0B, 0x0B, 0x0B, 0x06, 0x08, 0x08, 0x06, 0x06, 0x08, 0x08, 0x06, 0x06, 0x06, 0x07, 0x08, 0x08, 0x08, 0x06, 0x08, 0x06, 0x06, 0x08, 0x06, 0x0B, 0x06, 0x0B, 0x06, 0x08, 0x06, 0x06, 0x08, 0x06, 0x07, 0x08, 0x08, 0x08, 0x06, 0x06, 0x08, 0x08, 0x06, 0x06, 0x08, 0x08, 0x06, 0x08, 0x06, 0x00, 0x00, 0x00,
    0x00, 0x00, 0x06, 0x07, 0x08, 0x07, 0x07, 0x06, 0x02, 0x02, 0x06, 0x01, 0x06, 0x02, 0x02, 0x02, 0x06, 0x07, 0x07, 0x08, 0x07, 0x09, 0x0B, 0x07, 0x06, 0x06, 0x08, 0x08, 0x08, 0x08, 0x06, 0x06, 0x0B, 0x06, 0x09, 0x08, 0x07, 0x0B, 0x06, 0x06, 0x08, 0x08, 0x06, 0x06, 0x0B, 0x0B, 0x0B, 0x06, 0x06, 0x08, 0x08, 0x06, 0x0B, 0x09, 0x08, 0x07, 0x0B, 0x06, 0x06, 0x06, 0x08, 0x08, 0x08, 0x08, 0x06, 0x07, 0x06, 0x00, 0x00, 0x00, 0x00,
    0x00, 0x00, 0x00, 0x06, 0x08, 0x08, 0x08, 0x08, 0x06, 0x06, 0x06, 0x06, 0x06, 0x06, 0x06, 0x06, 0x06, 0x06, 0x08, 0x08, 0x08, 0x08, 0x07, 0x0B, 0x08, 0x06, 0x06, 0x0B, 0x0B, 0x06, 0x06, 0x0B, 0x0B, 0x06, 0x09, 0x08, 0x0B, 0x06, 0x06, 0x06, 0x06, 0x06, 0x06, 0x0B, 0x0B, 0x0B, 0x06, 0x08, 0x0B, 0x06, 0x06, 0x06, 0x0B, 0x09, 0x08, 0x0B, 0x06, 0x06, 0x0B, 0x06, 0x06, 0x0B, 0x0B, 0x06, 0x06, 0x0B, 0x06, 0x00, 0x00, 0x00, 0x00,
    0x00, 0x00, 0x00, 0x06, 0x0B, 0x07, 0x0B, 0x0B, 0x06, 0x0B, 0x06, 0x02, 0x02, 0x02, 0x02, 0x02, 0x02, 0x06, 0x0B, 0x0B, 0x07, 0x0B, 0x0B, 0x0B, 0x0B, 0x06, 0x06, 0x06, 0x06, 0x06, 0x06, 0x06, 0x06, 0x06, 0x07, 0x08, 0x08, 0x0B, 0x06, 0x06, 0x06, 0x0B, 0x0B, 0x06, 0x0B, 0x0B, 0x06, 0x08, 0x0B, 0x06, 0x06, 0x06, 0x06, 0x07, 0x08, 0x08, 0x0B, 0x06, 0x06, 0x06, 0x06, 0x06, 0x06, 0x06, 0x06, 0x08, 0x06, 0x00, 0x00, 0x00, 0x00,
    0x00, 0x00, 0x00, 0x06, 0x07, 0x08, 0x07, 0x07, 0x06, 0x0B, 0x06, 0x06, 0x06, 0x01, 0x05, 0x05, 0x01, 0x06, 0x07, 0x07, 0x08, 0x07, 0x07, 0x0B, 0x07, 0x06, 0x0B, 0x0B, 0x0B, 0x06, 0x07, 0x07, 0x08, 0x06, 0x0B, 0x0B, 0x0B, 0x06, 0x07, 0x07, 0x08, 0x06, 0x0B, 0x08, 0x06, 0x06, 0x08, 0x0B, 0x06, 0x07, 0x07, 0x08, 0x06, 0x0B, 0x0B, 0x0B, 0x06, 0x07, 0x07, 0x08, 0x06, 0x0B, 0x08, 0x06, 0x07, 0x06, 0x00, 0x00, 0x00, 0x00, 0x00,
    0x00, 0x00, 0x00, 0x00, 0x06, 0x08, 0x08, 0x08, 0x08, 0x06, 0x0B, 0x06, 0x06, 0x06, 0x06, 0x06, 0x06, 0x06, 0x06, 0x08, 0x08, 0x08, 0x08, 0x07, 0x0B, 0x08, 0x06, 0x0B, 0x06, 0x07, 0x0B, 0x06, 0x0B, 0x08, 0x06, 0x06, 0x06, 0x07, 0x0B, 0x06, 0x0B, 0x08, 0x06, 0x0B, 0x08, 0x07, 0x0B, 0x06, 0x07, 0x0B, 0x06, 0x0B, 0x08, 0x06, 0x06, 0x06, 0x07, 0x0B, 0x06, 0x0B, 0x08, 0x06, 0x0B, 0x06, 0x0B, 0x06, 0x00, 0x00, 0x00, 0x00, 0x00,
    0x00, 0x00, 0x00, 0x00, 0x06, 0x0B, 0x07, 0x0B, 0x0B, 0x06, 0x0B, 0x06, 0x06, 0x06, 0x0B, 0x06, 0x06, 0x06, 0x06, 0x0B, 0x0B, 0x07, 0x0B, 0x0B, 0x0B, 0x0B, 0x06, 0x0B, 0x06, 0x07, 0x06, 0x0B, 0x06, 0x08, 0x0B, 0x07, 0x06, 0x07, 0x06, 0x0B, 0x06, 0x08, 0x06, 0x0B, 0x0B, 0x0B, 0x0B, 0x06, 0x07, 0x06, 0x0B, 0x06, 0x08, 0x0B, 0x07, 0x06, 0x07, 0x06, 0x0B, 0x06, 0x08, 0x06, 0x06, 0x06, 0x08, 0x06, 0x00, 0x00, 0x00, 0x00, 0x00,
    0x00, 0x00, 0x00, 0x00, 0x00, 0x06, 0x0B, 0x0B, 0x08, 0x08, 0x06, 0x0B, 0x06, 0x06, 0x08, 0x0B, 0x06, 0x0B, 0x0B, 0x06, 0x08, 0x08, 0x0B, 0x08, 0x08, 0x0B, 0x07, 0x06, 0x06, 0x08, 0x0B, 0x06, 0x0B, 0x08, 0x0B, 0x08, 0x06, 0x08, 0x0B, 0x06, 0x0B, 0x08, 0x06, 0x0B, 0x0B, 0x0B, 0x0B, 0x06, 0x08, 0x0B, 0x06, 0x0B, 0x08, 0x0B, 0x08, 0x06, 0x08, 0x0B, 0x06, 0x0B, 0x08, 0x06, 0x06, 0x07, 0x06, 0x00, 0x00, 0x00, 0x00, 0x00, 0x00,
    0x00, 0x00, 0x00, 0x00, 0x00, 0x06, 0x0B, 0x08, 0x0B, 0x0B, 0x06, 0x08, 0x0B, 0x06, 0x06, 0x08, 0x0B, 0x0B, 0x06, 0x06, 0x0B, 0x0B, 0x08, 0x0B, 0x0B, 0x0B, 0x08, 0x08, 0x06, 0x06, 0x08, 0x08, 0x08, 0x06, 0x06, 0x06, 0x06, 0x06, 0x08, 0x08, 0x08, 0x06, 0x06, 0x06, 0x0B, 0x0B, 0x06, 0x06, 0x06, 0x08, 0x08, 0x08, 0x06, 0x06, 0x06, 0x06, 0x06, 0x08, 0x08, 0x08, 0x06, 0x06, 0x0B, 0x0B, 0x06, 0x00, 0x00, 0x00, 0x00, 0x00, 0x00,
    0x00, 0x00, 0x00, 0x00, 0x00, 0x00, 0x06, 0x06, 0x06, 0x06, 0x06, 0x06, 0x08, 0x08, 0x0B, 0x06, 0x06, 0x06, 0x06, 0x06, 0x06, 0x06, 0x06, 0x06, 0x06, 0x06, 0x06, 0x0B, 0x07, 0x06, 0x06, 0x06, 0x06, 0x06, 0x06, 0x06, 0x06, 0x06, 0x06, 0x06, 0x06, 0x06, 0x06, 0x06, 0x06, 0x06, 0x06, 0x06, 0x06, 0x06, 0x06, 0x06, 0x06, 0x06, 0x06, 0x06, 0x06, 0x06, 0x06, 0x06, 0x0B, 0x07, 0x08, 0x06, 0x00, 0x00, 0x00, 0x00, 0x00, 0x00, 0x00,
    0x00, 0x00, 0x00, 0x00, 0x00, 0x00, 0x00, 0x06, 0x06, 0x0B, 0x0B, 0x0B, 0x06, 0x06, 0x08, 0x08, 0x08, 0x0B, 0x0B, 0x0B, 0x0B, 0x06, 0x06, 0x0B, 0x0B, 0x0B, 0x0B, 0x0B, 0x0B, 0x08, 0x0B, 0x07, 0x08, 0x0B, 0x07, 0x08, 0x0B, 0x07, 0x08, 0x0B, 0x07, 0x08, 0x0B, 0x07, 0x08, 0x0B, 0x07, 0x08, 0x0B, 0x07, 0x08, 0x0B, 0x07, 0x08, 0x0B, 0x07, 0x08, 0x0B, 0x07, 0x08, 0x0B, 0x06, 0x06, 0x00, 0x00, 0x00, 0x00, 0x00, 0x00, 0x00, 0x00,
    0x00, 0x00, 0x00, 0x00, 0x00, 0x00, 0x00, 0x00, 0x00, 0x06, 0x06, 0x06, 0x06, 0x06, 0x06, 0x06, 0x06, 0x06, 0x06, 0x06, 0x06, 0x06, 0x06, 0x06, 0x06, 0x06, 0x06, 0x06, 0x06, 0x06, 0x06, 0x06, 0x06, 0x06, 0x06, 0x06, 0x06, 0x06, 0x06, 0x06, 0x06, 0x06, 0x06, 0x06, 0x06, 0x06, 0x06, 0x06, 0x06, 0x06, 0x06, 0x06, 0x06, 0x06, 0x06, 0x06, 0x06, 0x06, 0x06, 0x06, 0x06, 0x00, 0x00, 0x00, 0x00, 0x00, 0x00, 0x00, 0x00, 0x00, 0x00,
};

// Wrecked Smoking Di-Cokka Tank
constexpr int TANK_DEAD_W = 71;
constexpr int TANK_DEAD_H = 56;
static const uint16_t TANK_DEAD_PAL[16] PROGMEM = {
    0x0000, 0x4142, 0x9BC8, 0x7284, 0x1840, 0xA48F, 0x6AC8, 0xD54B, 0xFF96, 0x3942, 0x9980, 0xC300, 0xD485, 0xFE4A, 0x9280, 0xFFDE,
};
static const uint8_t TANK_DEAD_PIXELS[3976] PROGMEM = {
    0x00, 0x00, 0x00, 0x00, 0x00, 0x00, 0x00, 0x00, 0x00, 0x00, 0x00, 0x00, 0x00, 0x00, 0x00, 0x00, 0x00, 0x00, 0x00, 0x00, 0x00, 0x00, 0x00, 0x00, 0x00, 0x00, 0x00, 0x00, 0x00, 0x00, 0x00, 0x00, 0x00, 0x00, 0x00, 0x00, 0x00, 0x00, 0x00, 0x00, 0x00, 0x00, 0x00, 0x00, 0x00, 0x00, 0x00, 0x00, 0x00, 0x00, 0x00, 0x01, 0x01, 0x02, 0x03, 0x01, 0x04, 0x05, 0x06, 0x04, 0x07, 0x02, 0x03, 0x04, 0x00, 0x00, 0x00, 0x00, 0x00, 0x00, 0x00,
    0x00, 0x00, 0x00, 0x00, 0x00, 0x00, 0x00, 0x00, 0x00, 0x00, 0x00, 0x00, 0x00, 0x00, 0x00, 0x00, 0x00, 0x00, 0x00, 0x00, 0x00, 0x00, 0x00, 0x00, 0x00, 0x00, 0x00, 0x00, 0x00, 0x00, 0x00, 0x00, 0x00, 0x00, 0x00, 0x00, 0x00, 0x00, 0x00, 0x00, 0x00, 0x00, 0x00, 0x00, 0x00, 0x00, 0x00, 0x00, 0x00, 0x00, 0x01, 0x07, 0x02, 0x03, 0x04, 0x04, 0x05, 0x06, 0x04, 0x04, 0x01, 0x02, 0x02, 0x04, 0x00, 0x00, 0x00, 0x00, 0x00, 0x00, 0x00,
    0x00, 0x00, 0x00, 0x00, 0x00, 0x00, 0x00, 0x00, 0x00, 0x00, 0x00, 0x00, 0x00, 0x00, 0x00, 0x00, 0x00, 0x00, 0x00, 0x00, 0x00, 0x00, 0x00, 0x00, 0x00, 0x00, 0x00, 0x00, 0x00, 0x00, 0x00, 0x00, 0x00, 0x00, 0x00, 0x00, 0x00, 0x00, 0x00, 0x00, 0x00, 0x00, 0x00, 0x00, 0x00, 0x00, 0x00, 0x00, 0x00, 0x01, 0x07, 0x03, 0x03, 0x04, 0x05, 0x06, 0x04, 0x04, 0x07, 0x01, 0x03, 0x02, 0x04, 0x00, 0x00, 0x00, 0x00, 0x00, 0x00, 0x00, 0x00,
    0x00, 0x00, 0x00, 0x00, 0x00, 0x00, 0x00, 0x00, 0x00, 0x00, 0x00, 0x00, 0x00, 0x00, 0x00, 0x00, 0x00, 0x00, 0x00, 0x00, 0x00, 0x00, 0x00, 0x00, 0x00, 0x00, 0x00, 0x00, 0x00, 0x00, 0x00, 0x00, 0x00, 0x00, 0x00, 0x00, 0x00, 0x00, 0x00, 0x00, 0x00, 0x00, 0x00, 0x00, 0x00, 0x00, 0x00, 0x00, 0x01, 0x02, 0x01, 0x03, 0x04, 0x05, 0x06, 0x04, 0x04, 0x01, 0x02, 0x02, 0x02, 0x04, 0x00, 0x00, 0x00, 0x00, 0x00, 0x00, 0x00, 0x00, 0x00,
    0x00, 0x00, 0x00, 0x00, 0x00, 0x00, 0x00, 0x00, 0x00, 0x00, 0x00, 0x00, 0x00, 0x00, 0x00, 0x00, 0x00, 0x00, 0x00, 0x00, 0x00, 0x00, 0x00, 0x00, 0x00, 0x00, 0x00, 0x00, 0x00, 0x00, 0x00, 0x00, 0x00, 0x00, 0x00, 0x00, 0x00, 0x00, 0x00, 0x00, 0x00, 0x00, 0x00, 0x00, 0x00, 0x00, 0x00, 0x04, 0x02, 0x01, 0x01, 0x04, 0x06, 0x04, 0x04, 0x02, 0x01, 0x03, 0x02, 0x03, 0x04, 0x00, 0x00, 0x00, 0x00, 0x00, 0x00, 0x00, 0x00, 0x00, 0x00,
    0x00, 0x00, 0x00, 0x00, 0x00, 0x00, 0x00, 0x00, 0x00, 0x00, 0x00, 0x00, 0x00, 0x00, 0x00, 0x00, 0x00, 0x00, 0x00, 0x00, 0x00, 0x00, 0x00, 0x00, 0x00, 0x00, 0x00, 0x00, 0x00, 0x00, 0x00, 0x00, 0x00, 0x00, 0x00, 0x00, 0x00, 0x00, 0x00, 0x00, 0x00, 0x00, 0x00, 0x00, 0x00, 0x00, 0x04, 0x04, 0x04, 0x04, 0x04, 0x06, 0x04, 0x04, 0x01, 0x03, 0x03, 0x03, 0x04, 0x04, 0x00, 0x00, 0x00, 0x00, 0x00, 0x00, 0x00, 0x00, 0x00, 0x00, 0x00,
    0x00, 0x00, 0x00, 0x00, 0x00, 0x00, 0x00, 0x00, 0x00, 0x00, 0x00, 0x00, 0x00, 0x00, 0x00, 0x00, 0x00, 0x00, 0x00, 0x00, 0x00, 0x00, 0x00, 0x00, 0x00, 0x00, 0x00, 0x00, 0x00, 0x00, 0x00, 0x00, 0x00, 0x00, 0x00, 0x00, 0x00, 0x00, 0x00, 0x00, 0x00, 0x00, 0x00, 0x00, 0x04, 0x04, 0x02, 0x02, 0x04, 0x02, 0x04, 0x04, 0x03, 0x01, 0x03, 0x03, 0x03, 0x04, 0x00, 0x00, 0x00, 0x00, 0x00, 0x00, 0x00, 0x00, 0x00, 0x00, 0x00, 0x00, 0x00,
    0x00, 0x00, 0x00, 0x00, 0x00, 0x00, 0x00, 0x00, 0x00, 0x00, 0x00, 0x00, 0x00, 0x00, 0x00, 0x00, 0x00, 0x00, 0x00, 0x00, 0x00, 0x00, 0x00, 0x00, 0x00, 0x00, 0x00, 0x00, 0x00, 0x00, 0x00, 0x00, 0x00, 0x00, 0x00, 0x00, 0x00, 0x00, 0x00, 0x00, 0x00, 0x00, 0x00, 0x04, 0x02, 0x02, 0x04, 0x04, 0x04, 0x04, 0x04, 0x04, 0x04, 0x01, 0x01, 0x04, 0x04, 0x00, 0x00, 0x00, 0x00, 0x00, 0x00, 0x00, 0x00, 0x00, 0x00, 0x00, 0x00, 0x00, 0x00,
    0x00, 0x00, 0x00, 0x00, 0x00, 0x00, 0x00, 0x00, 0x00, 0x00, 0x00, 0x00, 0x00, 0x00, 0x00, 0x00, 0x00, 0x00, 0x00, 0x00, 0x00, 0x00, 0x00, 0x00, 0x01, 0x01, 0x01, 0x00, 0x00, 0x00, 0x00, 0x00, 0x00, 0x00, 0x00, 0x00, 0x00, 0x00, 0x00, 0x00, 0x01, 0x01, 0x01, 0x04, 0x04, 0x04, 0x03, 0x04, 0x04, 0x02, 0x02, 0x02, 0x02, 0x04, 0x04, 0x00, 0x00, 0x00, 0x00, 0x00, 0x00, 0x00, 0x00, 0x00, 0x00, 0x00, 0x00, 0x00, 0x00, 0x00, 0x00,
    0x00, 0x00, 0x00, 0x00, 0x00, 0x00, 0x00, 0x00, 0x00, 0x00, 0x00, 0x00, 0x00, 0x00, 0x00, 0x00, 0x00, 0x00, 0x00, 0x00, 0x00, 0x00, 0x01, 0x01, 0x02, 0x01, 0x03, 0x04, 0x00, 0x00, 0x00, 0x00, 0x00, 0x00, 0x01, 0x01, 0x01, 0x01, 0x01, 0x01, 0x02, 0x02, 0x03, 0x03, 0x04, 0x04, 0x04, 0x02, 0x07, 0x07, 0x02, 0x03, 0x02, 0x04, 0x00, 0x00, 0x00, 0x00, 0x00, 0x00, 0x00, 0x00, 0x00, 0x00, 0x00, 0x00, 0x00, 0x00, 0x00, 0x00, 0x00,
    0x00, 0x00, 0x00, 0x00, 0x00, 0x00, 0x00, 0x00, 0x00, 0x00, 0x00, 0x00, 0x00, 0x00, 0x00, 0x00, 0x00, 0x00, 0x00, 0x00, 0x01, 0x01, 0x02, 0x07, 0x07, 0x01, 0x03, 0x01, 0x04, 0x00, 0x00, 0x01, 0x01, 0x03, 0x07, 0x08, 0x08, 0x08, 0x07, 0x07, 0x03, 0x01, 0x04, 0x04, 0x02, 0x07, 0x07, 0x02, 0x03, 0x03, 0x03, 0x03, 0x03, 0x03, 0x04, 0x00, 0x00, 0x00, 0x00, 0x00, 0x00, 0x00, 0x00, 0x00, 0x00, 0x00, 0x00, 0x00, 0x00, 0x00, 0x00,
    0x00, 0x00, 0x00, 0x00, 0x00, 0x00, 0x00, 0x00, 0x00, 0x00, 0x00, 0x00, 0x00, 0x00, 0x00, 0x00, 0x00, 0x00, 0x00, 0x01, 0x02, 0x07, 0x07, 0x08, 0x08, 0x01, 0x03, 0x01, 0x04, 0x01, 0x03, 0x02, 0x02, 0x07, 0x03, 0x03, 0x01, 0x03, 0x01, 0x01, 0x02, 0x02, 0x07, 0x07, 0x07, 0x02, 0x03, 0x03, 0x01, 0x01, 0x03, 0x02, 0x03, 0x02, 0x04, 0x00, 0x00, 0x00, 0x00, 0x00, 0x00, 0x00, 0x00, 0x00, 0x00, 0x00, 0x00, 0x00, 0x00, 0x00, 0x00,
    0x00, 0x00, 0x00, 0x00, 0x00, 0x00, 0x00, 0x00, 0x00, 0x00, 0x00, 0x00, 0x00, 0x00, 0x00, 0x00, 0x00, 0x01, 0x01, 0x07, 0x07, 0x02, 0x02, 0x02, 0x08, 0x01, 0x03, 0x03, 0x04, 0x04, 0x04, 0x01, 0x01, 0x01, 0x02, 0x02, 0x02, 0x02, 0x02, 0x07, 0x08, 0x07, 0x02, 0x01, 0x03, 0x07, 0x03, 0x01, 0x04, 0x04, 0x01, 0x03, 0x02, 0x03, 0x03, 0x04, 0x00, 0x00, 0x00, 0x00, 0x00, 0x00, 0x00, 0x00, 0x00, 0x00, 0x00, 0x00, 0x00, 0x00, 0x00,
    0x00, 0x00, 0x00, 0x00, 0x00, 0x00, 0x00, 0x00, 0x00, 0x00, 0x00, 0x00, 0x00, 0x00, 0x00, 0x00, 0x01, 0x02, 0x01, 0x01, 0x01, 0x02, 0x02, 0x02, 0x07, 0x03, 0x03, 0x01, 0x04, 0x02, 0x04, 0x02, 0x02, 0x02, 0x07, 0x07, 0x08, 0x08, 0x07, 0x02, 0x01, 0x01, 0x03, 0x03, 0x01, 0x02, 0x03, 0x01, 0x04, 0x04, 0x04, 0x01, 0x07, 0x03, 0x02, 0x04, 0x00, 0x00, 0x00, 0x00, 0x00, 0x00, 0x00, 0x00, 0x00, 0x00, 0x00, 0x00, 0x00, 0x00, 0x00,
    0x00, 0x00, 0x00, 0x00, 0x00, 0x00, 0x00, 0x00, 0x00, 0x00, 0x00, 0x00, 0x00, 0x00, 0x00, 0x01, 0x01, 0x01, 0x03, 0x02, 0x02, 0x01, 0x04, 0x02, 0x08, 0x02, 0x03, 0x03, 0x04, 0x07, 0x04, 0x07, 0x07, 0x07, 0x08, 0x08, 0x02, 0x01, 0x03, 0x03, 0x03, 0x03, 0x02, 0x03, 0x03, 0x02, 0x07, 0x03, 0x04, 0x04, 0x04, 0x01, 0x07, 0x03, 0x02, 0x04, 0x00, 0x00, 0x00, 0x00, 0x00, 0x00, 0x00, 0x00, 0x00, 0x00, 0x00, 0x00, 0x00, 0x00, 0x00,
    0x00, 0x00, 0x00, 0x00, 0x00, 0x00, 0x00, 0x00, 0x00, 0x00, 0x00, 0x00, 0x00, 0x00, 0x00, 0x01, 0x03, 0x03, 0x01, 0x03, 0x07, 0x02, 0x03, 0x01, 0x07, 0x02, 0x01, 0x03, 0x01, 0x04, 0x02, 0x04, 0x02, 0x08, 0x08, 0x07, 0x03, 0x03, 0x03, 0x07, 0x03, 0x03, 0x07, 0x01, 0x03, 0x03, 0x02, 0x03, 0x01, 0x04, 0x04, 0x01, 0x08, 0x03, 0x03, 0x03, 0x04, 0x00, 0x00, 0x00, 0x00, 0x00, 0x00, 0x00, 0x00, 0x00, 0x00, 0x00, 0x00, 0x00, 0x00,
    0x00, 0x00, 0x00, 0x00, 0x00, 0x00, 0x00, 0x00, 0x00, 0x00, 0x00, 0x00, 0x00, 0x01, 0x01, 0x03, 0x02, 0x02, 0x07, 0x02, 0x03, 0x08, 0x02, 0x04, 0x02, 0x07, 0x01, 0x03, 0x03, 0x04, 0x03, 0x04, 0x02, 0x07, 0x08, 0x07, 0x03, 0x03, 0x04, 0x01, 0x08, 0x02, 0x01, 0x04, 0x07, 0x03, 0x03, 0x03, 0x03, 0x01, 0x01, 0x07, 0x03, 0x03, 0x02, 0x03, 0x04, 0x00, 0x00, 0x00, 0x00, 0x00, 0x00, 0x00, 0x00, 0x00, 0x00, 0x00, 0x00, 0x00, 0x00,
    0x00, 0x00, 0x00, 0x00, 0x00, 0x00, 0x00, 0x00, 0x00, 0x00, 0x00, 0x00, 0x01, 0x03, 0x02, 0x02, 0x07, 0x07, 0x07, 0x07, 0x03, 0x08, 0x07, 0x02, 0x04, 0x07, 0x03, 0x03, 0x03, 0x04, 0x01, 0x04, 0x02, 0x07, 0x08, 0x02, 0x03, 0x03, 0x01, 0x04, 0x01, 0x08, 0x04, 0x07, 0x03, 0x03, 0x03, 0x01, 0x02, 0x02, 0x02, 0x03, 0x02, 0x02, 0x07, 0x03, 0x04, 0x00, 0x00, 0x00, 0x00, 0x00, 0x00, 0x00, 0x00, 0x00, 0x00, 0x00, 0x00, 0x00, 0x00,
    0x00, 0x00, 0x00, 0x00, 0x00, 0x00, 0x00, 0x00, 0x00, 0x00, 0x00, 0x01, 0x07, 0x07, 0x07, 0x08, 0x08, 0x07, 0x07, 0x07, 0x02, 0x03, 0x07, 0x03, 0x04, 0x07, 0x02, 0x01, 0x03, 0x01, 0x04, 0x01, 0x02, 0x07, 0x08, 0x02, 0x03, 0x03, 0x07, 0x01, 0x04, 0x04, 0x01, 0x08, 0x02, 0x03, 0x03, 0x02, 0x07, 0x03, 0x03, 0x03, 0x01, 0x04, 0x04, 0x04, 0x00, 0x00, 0x00, 0x00, 0x00, 0x00, 0x00, 0x00, 0x00, 0x00, 0x00, 0x00, 0x00, 0x00, 0x00,
    0x00, 0x00, 0x00, 0x00, 0x00, 0x00, 0x00, 0x00, 0x00, 0x00, 0x01, 0x02, 0x04, 0x03, 0x02, 0x08, 0x07, 0x07, 0x02, 0x02, 0x02, 0x01, 0x02, 0x03, 0x04, 0x02, 0x07, 0x01, 0x03, 0x03, 0x04, 0x03, 0x03, 0x07, 0x08, 0x02, 0x03, 0x03, 0x03, 0x08, 0x02, 0x04, 0x04, 0x04, 0x03, 0x07, 0x03, 0x03, 0x02, 0x03, 0x01, 0x04, 0x04, 0x04, 0x00, 0x00, 0x00, 0x00, 0x00, 0x00, 0x00, 0x00, 0x00, 0x00, 0x00, 0x00, 0x00, 0x00, 0x00, 0x00, 0x00,
    0x00, 0x00, 0x00, 0x00, 0x00, 0x00, 0x00, 0x00, 0x00, 0x00, 0x01, 0x03, 0x01, 0x01, 0x03, 0x07, 0x02, 0x02, 0x02, 0x03, 0x03, 0x01, 0x03, 0x03, 0x04, 0x03, 0x02, 0x03, 0x03, 0x03, 0x01, 0x01, 0x03, 0x07, 0x07, 0x02, 0x02, 0x03, 0x03, 0x03, 0x08, 0x04, 0x07, 0x01, 0x04, 0x04, 0x03, 0x02, 0x03, 0x04, 0x04, 0x04, 0x00, 0x00, 0x00, 0x00, 0x00, 0x00, 0x00, 0x00, 0x00, 0x00, 0x00, 0x00, 0x00, 0x00, 0x00, 0x00, 0x00, 0x00, 0x00,
    0x00, 0x00, 0x00, 0x00, 0x00, 0x00, 0x00, 0x00, 0x00, 0x00, 0x01, 0x03, 0x01, 0x04, 0x04, 0x07, 0x03, 0x03, 0x03, 0x03, 0x02, 0x04, 0x02, 0x01, 0x01, 0x03, 0x03, 0x03, 0x01, 0x03, 0x01, 0x04, 0x02, 0x07, 0x08, 0x02, 0x03, 0x03, 0x03, 0x02, 0x04, 0x01, 0x02, 0x08, 0x01, 0x03, 0x03, 0x02, 0x04, 0x04, 0x04, 0x00, 0x00, 0x00, 0x00, 0x00, 0x00, 0x00, 0x00, 0x00, 0x00, 0x00, 0x00, 0x00, 0x00, 0x00, 0x00, 0x00, 0x00, 0x00, 0x00,
    0x00, 0x00, 0x00, 0x00, 0x00, 0x00, 0x00, 0x00, 0x00, 0x00, 0x00, 0x01, 0x03, 0x01, 0x04, 0x02, 0x03, 0x03, 0x02, 0x02, 0x03, 0x04, 0x03, 0x04, 0x03, 0x03, 0x01, 0x01, 0x01, 0x04, 0x04, 0x01, 0x02, 0x07, 0x07, 0x02, 0x01, 0x02, 0x03, 0x07, 0x04, 0x07, 0x03, 0x03, 0x07, 0x03, 0x03, 0x02, 0x04, 0x04, 0x04, 0x00, 0x00, 0x00, 0x00, 0x00, 0x00, 0x00, 0x00, 0x00, 0x00, 0x00, 0x00, 0x00, 0x00, 0x00, 0x00, 0x00, 0x00, 0x00, 0x00,
    0x00, 0x00, 0x00, 0x00, 0x00, 0x00, 0x00, 0x00, 0x00, 0x00, 0x00, 0x01, 0x02, 0x03, 0x01, 0x02, 0x02, 0x02, 0x02, 0x01, 0x04, 0x04, 0x01, 0x03, 0x01, 0x04, 0x04, 0x04, 0x04, 0x01, 0x01, 0x03, 0x03, 0x07, 0x02, 0x02, 0x04, 0x02, 0x03, 0x03, 0x01, 0x02, 0x03, 0x03, 0x03, 0x03, 0x02, 0x04, 0x04, 0x04, 0x04, 0x04, 0x00, 0x00, 0x00, 0x00, 0x00, 0x00, 0x01, 0x01, 0x01, 0x00, 0x00, 0x00, 0x00, 0x00, 0x00, 0x00, 0x00, 0x00, 0x00,
    0x00, 0x00, 0x00, 0x00, 0x00, 0x00, 0x00, 0x00, 0x00, 0x00, 0x00, 0x00, 0x01, 0x04, 0x03, 0x03, 0x01, 0x04, 0x04, 0x04, 0x01, 0x01, 0x04, 0x04, 0x04, 0x04, 0x04, 0x01, 0x01, 0x01, 0x03, 0x03, 0x03, 0x07, 0x02, 0x02, 0x04, 0x03, 0x02, 0x03, 0x03, 0x03, 0x03, 0x03, 0x01, 0x04, 0x04, 0x04, 0x01, 0x01, 0x01, 0x01, 0x04, 0x04, 0x04, 0x04, 0x00, 0x01, 0x06, 0x05, 0x06, 0x01, 0x01, 0x00, 0x00, 0x01, 0x01, 0x01, 0x00, 0x00, 0x00,
    0x00, 0x00, 0x00, 0x00, 0x00, 0x00, 0x00, 0x00, 0x00, 0x00, 0x00, 0x00, 0x00, 0x01, 0x04, 0x04, 0x04, 0x01, 0x01, 0x01, 0x04, 0x04, 0x04, 0x04, 0x04, 0x04, 0x04, 0x04, 0x04, 0x01, 0x03, 0x03, 0x02, 0x07, 0x03, 0x02, 0x03, 0x01, 0x02, 0x03, 0x03, 0x03, 0x01, 0x04, 0x04, 0x01, 0x01, 0x01, 0x01, 0x03, 0x03, 0x03, 0x03, 0x01, 0x03, 0x01, 0x04, 0x04, 0x04, 0x01, 0x06, 0x06, 0x09, 0x01, 0x01, 0x06, 0x05, 0x06, 0x04, 0x04, 0x00,
    0x00, 0x00, 0x00, 0x00, 0x00, 0x00, 0x00, 0x00, 0x00, 0x00, 0x00, 0x00, 0x01, 0x07, 0x07, 0x02, 0x03, 0x02, 0x03, 0x02, 0x02, 0x03, 0x01, 0x01, 0x04, 0x01, 0x04, 0x04, 0x04, 0x04, 0x01, 0x03, 0x02, 0x02, 0x01, 0x03, 0x03, 0x04, 0x04, 0x02, 0x03, 0x04, 0x04, 0x01, 0x01, 0x01, 0x01, 0x03, 0x03, 0x02, 0x03, 0x02, 0x03, 0x03, 0x02, 0x02, 0x02, 0x02, 0x02, 0x03, 0x04, 0x04, 0x04, 0x04, 0x06, 0x05, 0x05, 0x05, 0x06, 0x09, 0x04,
    0x00, 0x00, 0x00, 0x00, 0x00, 0x00, 0x00, 0x00, 0x00, 0x00, 0x00, 0x01, 0x02, 0x07, 0x07, 0x07, 0x07, 0x07, 0x07, 0x07, 0x07, 0x07, 0x02, 0x02, 0x02, 0x02, 0x02, 0x03, 0x03, 0x01, 0x04, 0x04, 0x04, 0x04, 0x04, 0x04, 0x04, 0x04, 0x04, 0x04, 0x01, 0x03, 0x02, 0x07, 0x07, 0x02, 0x07, 0x02, 0x02, 0x07, 0x07, 0x07, 0x02, 0x07, 0x02, 0x07, 0x07, 0x02, 0x07, 0x07, 0x07, 0x02, 0x04, 0x04, 0x04, 0x05, 0x05, 0x06, 0x06, 0x06, 0x09,
    0x00, 0x00, 0x00, 0x00, 0x00, 0x00, 0x00, 0x00, 0x00, 0x00, 0x00, 0x01, 0x07, 0x02, 0x02, 0x07, 0x07, 0x02, 0x07, 0x02, 0x02, 0x07, 0x07, 0x08, 0x07, 0x07, 0x07, 0x07, 0x02, 0x02, 0x02, 0x02, 0x02, 0x07, 0x07, 0x07, 0x02, 0x02, 0x07, 0x08, 0x08, 0x07, 0x08, 0x07, 0x07, 0x07, 0x07, 0x07, 0x07, 0x07, 0x02, 0x02, 0x02, 0x02, 0x02, 0x02, 0x02, 0x03, 0x01, 0x04, 0x04, 0x01, 0x03, 0x02, 0x02, 0x04, 0x06, 0x06, 0x06, 0x09, 0x09,
    0x00, 0x00, 0x00, 0x00, 0x00, 0x00, 0x00, 0x00, 0x00, 0x00, 0x01, 0x03, 0x01, 0x03, 0x02, 0x02, 0x07, 0x02, 0x02, 0x01, 0x03, 0x02, 0x07, 0x07, 0x07, 0x08, 0x08, 0x07, 0x08, 0x08, 0x08, 0x08, 0x08, 0x08, 0x08, 0x07, 0x08, 0x07, 0x07, 0x07, 0x07, 0x07, 0x02, 0x02, 0x02, 0x02, 0x02, 0x02, 0x03, 0x03, 0x08, 0x08, 0x07, 0x03, 0x02, 0x02, 0x03, 0x01, 0x04, 0x02, 0x02, 0x04, 0x04, 0x04, 0x01, 0x03, 0x04, 0x04, 0x09, 0x09, 0x09,
    0x00, 0x00, 0x00, 0x00, 0x00, 0x01, 0x01, 0x01, 0x01, 0x01, 0x01, 0x02, 0x01, 0x02, 0x02, 0x07, 0x02, 0x02, 0x01, 0x03, 0x02, 0x02, 0x07, 0x02, 0x07, 0x07, 0x07, 0x08, 0x08, 0x08, 0x08, 0x07, 0x07, 0x07, 0x02, 0x02, 0x02, 0x02, 0x02, 0x02, 0x03, 0x03, 0x02, 0x08, 0x08, 0x07, 0x07, 0x03, 0x03, 0x07, 0x0A, 0x0B, 0x0B, 0x0B, 0x07, 0x03, 0x01, 0x01, 0x04, 0x07, 0x08, 0x07, 0x02, 0x02, 0x04, 0x04, 0x04, 0x01, 0x04, 0x09, 0x09,
    0x00, 0x00, 0x00, 0x00, 0x01, 0x07, 0x08, 0x07, 0x02, 0x01, 0x03, 0x01, 0x03, 0x07, 0x02, 0x02, 0x02, 0x02, 0x03, 0x02, 0x02, 0x07, 0x07, 0x03, 0x04, 0x07, 0x02, 0x07, 0x08, 0x02, 0x02, 0x02, 0x02, 0x01, 0x02, 0x03, 0x02, 0x02, 0x03, 0x03, 0x03, 0x03, 0x08, 0x0A, 0x0A, 0x0B, 0x0B, 0x07, 0x02, 0x0A, 0x07, 0x07, 0x07, 0x02, 0x0A, 0x07, 0x01, 0x04, 0x01, 0x07, 0x03, 0x03, 0x03, 0x03, 0x02, 0x02, 0x03, 0x04, 0x04, 0x04, 0x04,
    0x00, 0x00, 0x00, 0x00, 0x01, 0x01, 0x04, 0x03, 0x02, 0x01, 0x02, 0x07, 0x08, 0x07, 0x02, 0x02, 0x02, 0x02, 0x02, 0x07, 0x08, 0x07, 0x02, 0x04, 0x01, 0x02, 0x07, 0x08, 0x07, 0x02, 0x03, 0x03, 0x03, 0x02, 0x07, 0x03, 0x02, 0x03, 0x03, 0x03, 0x03, 0x07, 0x0A, 0x07, 0x07, 0x02, 0x02, 0x0B, 0x07, 0x0B, 0x07, 0x02, 0x02, 0x0A, 0x0B, 0x08, 0x03, 0x04, 0x07, 0x02, 0x03, 0x01, 0x02, 0x03, 0x03, 0x03, 0x03, 0x02, 0x02, 0x04, 0x06,
    0x00, 0x00, 0x00, 0x00, 0x00, 0x01, 0x08, 0x04, 0x02, 0x01, 0x02, 0x02, 0x02, 0x0C, 0x0D, 0x0C, 0x0E, 0x02, 0x02, 0x02, 0x02, 0x02, 0x02, 0x01, 0x03, 0x02, 0x07, 0x07, 0x02, 0x03, 0x03, 0x03, 0x03, 0x03, 0x03, 0x03, 0x03, 0x01, 0x02, 0x03, 0x03, 0x07, 0x0B, 0x07, 0x02, 0x0A, 0x0A, 0x0B, 0x08, 0x0A, 0x0A, 0x0A, 0x0A, 0x02, 0x0A, 0x07, 0x02, 0x04, 0x07, 0x03, 0x03, 0x02, 0x07, 0x03, 0x03, 0x03, 0x03, 0x03, 0x02, 0x04, 0x04,
    0x00, 0x00, 0x00, 0x00, 0x00, 0x01, 0x07, 0x02, 0x01, 0x02, 0x02, 0x02, 0x02, 0x0E, 0x0E, 0x0C, 0x0D, 0x0D, 0x0C, 0x0C, 0x01, 0x02, 0x02, 0x07, 0x08, 0x02, 0x07, 0x03, 0x03, 0x03, 0x03, 0x03, 0x03, 0x03, 0x03, 0x03, 0x03, 0x02, 0x07, 0x03, 0x03, 0x02, 0x0A, 0x0A, 0x0A, 0x02, 0x02, 0x0A, 0x07, 0x02, 0x0A, 0x02, 0x02, 0x07, 0x07, 0x0A, 0x02, 0x04, 0x02, 0x03, 0x03, 0x03, 0x03, 0x03, 0x03, 0x03, 0x03, 0x03, 0x03, 0x02, 0x04,
    0x00, 0x00, 0x00, 0x00, 0x00, 0x01, 0x01, 0x04, 0x04, 0x03, 0x03, 0x02, 0x02, 0x01, 0x01, 0x01, 0x0E, 0x0E, 0x0C, 0x0E, 0x01, 0x02, 0x02, 0x03, 0x02, 0x07, 0x07, 0x03, 0x03, 0x03, 0x03, 0x03, 0x03, 0x03, 0x03, 0x03, 0x03, 0x03, 0x03, 0x03, 0x03, 0x03, 0x07, 0x0A, 0x02, 0x07, 0x07, 0x07, 0x0A, 0x07, 0x0A, 0x07, 0x07, 0x02, 0x02, 0x0B, 0x03, 0x01, 0x03, 0x03, 0x02, 0x03, 0x08, 0x07, 0x03, 0x03, 0x03, 0x03, 0x03, 0x02, 0x04,
    0x00, 0x00, 0x00, 0x01, 0x01, 0x02, 0x02, 0x03, 0x03, 0x04, 0x01, 0x03, 0x03, 0x01, 0x03, 0x02, 0x01, 0x01, 0x01, 0x01, 0x02, 0x03, 0x03, 0x02, 0x03, 0x02, 0x02, 0x03, 0x03, 0x03, 0x03, 0x03, 0x03, 0x03, 0x03, 0x03, 0x03, 0x03, 0x03, 0x03, 0x01, 0x03, 0x02, 0x0A, 0x07, 0x02, 0x02, 0x02, 0x0B, 0x02, 0x07, 0x0A, 0x0A, 0x0B, 0x0A, 0x07, 0x01, 0x07, 0x07, 0x03, 0x07, 0x03, 0x07, 0x02, 0x03, 0x03, 0x01, 0x01, 0x03, 0x03, 0x04,
    0x00, 0x00, 0x00, 0x01, 0x07, 0x08, 0x02, 0x02, 0x03, 0x03, 0x04, 0x01, 0x01, 0x01, 0x01, 0x03, 0x03, 0x03, 0x03, 0x01, 0x03, 0x03, 0x01, 0x03, 0x03, 0x03, 0x03, 0x03, 0x01, 0x03, 0x03, 0x01, 0x03, 0x01, 0x01, 0x01, 0x04, 0x03, 0x03, 0x01, 0x02, 0x01, 0x01, 0x07, 0x0A, 0x0B, 0x0B, 0x0A, 0x07, 0x03, 0x03, 0x02, 0x02, 0x07, 0x07, 0x03, 0x04, 0x02, 0x07, 0x03, 0x02, 0x03, 0x03, 0x03, 0x03, 0x01, 0x02, 0x07, 0x01, 0x03, 0x04,
    0x00, 0x00, 0x00, 0x04, 0x04, 0x07, 0x02, 0x02, 0x03, 0x03, 0x04, 0x03, 0x03, 0x07, 0x02, 0x01, 0x01, 0x01, 0x03, 0x01, 0x01, 0x01, 0x01, 0x01, 0x01, 0x01, 0x03, 0x01, 0x01, 0x03, 0x01, 0x01, 0x01, 0x02, 0x07, 0x02, 0x03, 0x04, 0x03, 0x04, 0x03, 0x07, 0x03, 0x01, 0x07, 0x07, 0x07, 0x07, 0x03, 0x03, 0x01, 0x01, 0x03, 0x01, 0x03, 0x01, 0x04, 0x03, 0x01, 0x01, 0x01, 0x04, 0x01, 0x04, 0x04, 0x04, 0x03, 0x02, 0x07, 0x01, 0x01,
    0x00, 0x00, 0x00, 0x00, 0x00, 0x04, 0x07, 0x03, 0x03, 0x04, 0x02, 0x03, 0x07, 0x02, 0x01, 0x03, 0x03, 0x01, 0x01, 0x01, 0x01, 0x01, 0x03, 0x03, 0x03, 0x03, 0x01, 0x01, 0x01, 0x01, 0x02, 0x02, 0x07, 0x07, 0x02, 0x02, 0x03, 0x04, 0x01, 0x01, 0x04, 0x02, 0x07, 0x03, 0x01, 0x04, 0x04, 0x01, 0x04, 0x01, 0x01, 0x04, 0x04, 0x01, 0x01, 0x01, 0x01, 0x01, 0x03, 0x03, 0x03, 0x03, 0x03, 0x03, 0x03, 0x03, 0x04, 0x01, 0x02, 0x01, 0x02,
    0x00, 0x00, 0x00, 0x00, 0x00, 0x04, 0x02, 0x03, 0x01, 0x07, 0x07, 0x02, 0x07, 0x02, 0x02, 0x02, 0x03, 0x03, 0x01, 0x01, 0x02, 0x02, 0x07, 0x07, 0x07, 0x07, 0x01, 0x01, 0x03, 0x03, 0x07, 0x08, 0x07, 0x02, 0x02, 0x03, 0x04, 0x01, 0x03, 0x03, 0x01, 0x04, 0x04, 0x01, 0x03, 0x02, 0x07, 0x02, 0x07, 0x07, 0x02, 0x07, 0x02, 0x07, 0x07, 0x02, 0x02, 0x02, 0x02, 0x02, 0x02, 0x02, 0x02, 0x02, 0x02, 0x02, 0x02, 0x04, 0x01, 0x03, 0x07,
    0x00, 0x00, 0x00, 0x00, 0x00, 0x00, 0x04, 0x01, 0x08, 0x07, 0x03, 0x08, 0x03, 0x02, 0x07, 0x07, 0x07, 0x02, 0x01, 0x02, 0x07, 0x07, 0x07, 0x08, 0x07, 0x01, 0x02, 0x07, 0x08, 0x08, 0x07, 0x07, 0x02, 0x02, 0x03, 0x04, 0x08, 0x07, 0x07, 0x07, 0x07, 0x02, 0x07, 0x02, 0x02, 0x02, 0x03, 0x03, 0x03, 0x03, 0x03, 0x03, 0x02, 0x02, 0x02, 0x02, 0x07, 0x07, 0x02, 0x07, 0x07, 0x07, 0x07, 0x07, 0x02, 0x03, 0x03, 0x03, 0x03, 0x02, 0x08,
    0x00, 0x00, 0x00, 0x00, 0x04, 0x04, 0x04, 0x01, 0x01, 0x03, 0x03, 0x08, 0x03, 0x02, 0x02, 0x08, 0x07, 0x07, 0x01, 0x07, 0x07, 0x07, 0x02, 0x02, 0x01, 0x02, 0x03, 0x01, 0x04, 0x03, 0x02, 0x08, 0x02, 0x03, 0x03, 0x04, 0x01, 0x01, 0x01, 0x04, 0x04, 0x04, 0x04, 0x04, 0x04, 0x04, 0x04, 0x04, 0x04, 0x04, 0x04, 0x04, 0x01, 0x01, 0x01, 0x01, 0x01, 0x01, 0x02, 0x02, 0x02, 0x02, 0x02, 0x07, 0x07, 0x07, 0x07, 0x08, 0x07, 0x08, 0x08,
    0x00, 0x00, 0x00, 0x04, 0x09, 0x06, 0x06, 0x01, 0x03, 0x03, 0x03, 0x07, 0x03, 0x02, 0x02, 0x07, 0x03, 0x02, 0x01, 0x02, 0x03, 0x03, 0x01, 0x04, 0x01, 0x01, 0x04, 0x04, 0x01, 0x03, 0x01, 0x02, 0x07, 0x03, 0x04, 0x04, 0x04, 0x04, 0x04, 0x04, 0x03, 0x04, 0x04, 0x04, 0x04, 0x01, 0x04, 0x01, 0x03, 0x04, 0x04, 0x01, 0x03, 0x04, 0x04, 0x04, 0x04, 0x04, 0x01, 0x01, 0x01, 0x01, 0x01, 0x01, 0x01, 0x01, 0x01, 0x02, 0x02, 0x02, 0x02,
    0x00, 0x00, 0x00, 0x04, 0x05, 0x05, 0x06, 0x09, 0x01, 0x02, 0x03, 0x04, 0x04, 0x04, 0x04, 0x03, 0x04, 0x04, 0x04, 0x04, 0x04, 0x04, 0x09, 0x09, 0x09, 0x09, 0x09, 0x04, 0x07, 0x08, 0x03, 0x04, 0x07, 0x04, 0x05, 0x06, 0x09, 0x04, 0x04, 0x04, 0x04, 0x02, 0x07, 0x02, 0x03, 0x04, 0x04, 0x04, 0x01, 0x07, 0x02, 0x02, 0x04, 0x04, 0x04, 0x05, 0x06, 0x09, 0x04, 0x04, 0x04, 0x04, 0x04, 0x09, 0x06, 0x06, 0x09, 0x01, 0x01, 0x01, 0x01,
    0x04, 0x04, 0x04, 0x04, 0x04, 0x04, 0x09, 0x06, 0x01, 0x04, 0x04, 0x09, 0x06, 0x05, 0x06, 0x04, 0x09, 0x05, 0x06, 0x04, 0x04, 0x09, 0x09, 0x09, 0x09, 0x06, 0x06, 0x04, 0x02, 0x07, 0x01, 0x04, 0x02, 0x04, 0x04, 0x04, 0x04, 0x05, 0x06, 0x09, 0x04, 0x04, 0x04, 0x04, 0x04, 0x09, 0x05, 0x06, 0x09, 0x04, 0x04, 0x09, 0x05, 0x06, 0x09, 0x04, 0x04, 0x04, 0x04, 0x04, 0x09, 0x06, 0x05, 0x06, 0x09, 0x09, 0x09, 0x09, 0x09, 0x04, 0x06,
    0x05, 0x06, 0x04, 0x06, 0x05, 0x05, 0x06, 0x04, 0x04, 0x06, 0x06, 0x06, 0x09, 0x09, 0x05, 0x0F, 0x06, 0x09, 0x09, 0x05, 0x06, 0x04, 0x04, 0x06, 0x09, 0x06, 0x06, 0x05, 0x04, 0x04, 0x04, 0x04, 0x04, 0x04, 0x04, 0x04, 0x04, 0x04, 0x04, 0x04, 0x05, 0x06, 0x09, 0x05, 0x06, 0x04, 0x04, 0x04, 0x04, 0x04, 0x04, 0x04, 0x04, 0x04, 0x04, 0x04, 0x04, 0x09, 0x06, 0x05, 0x05, 0x05, 0x06, 0x06, 0x06, 0x06, 0x06, 0x06, 0x09, 0x04, 0x09,
    0x06, 0x09, 0x06, 0x05, 0x06, 0x09, 0x09, 0x04, 0x06, 0x05, 0x05, 0x05, 0x06, 0x04, 0x09, 0x09, 0x05, 0x06, 0x04, 0x09, 0x05, 0x06, 0x04, 0x04, 0x06, 0x09, 0x06, 0x09, 0x09, 0x06, 0x09, 0x04, 0x04, 0x04, 0x09, 0x05, 0x06, 0x09, 0x04, 0x04, 0x04, 0x04, 0x04, 0x04, 0x04, 0x04, 0x09, 0x05, 0x06, 0x09, 0x04, 0x04, 0x04, 0x04, 0x04, 0x04, 0x09, 0x05, 0x0F, 0x05, 0x06, 0x06, 0x06, 0x06, 0x05, 0x09, 0x06, 0x06, 0x09, 0x04, 0x04,
    0x06, 0x09, 0x06, 0x06, 0x09, 0x04, 0x04, 0x04, 0x09, 0x09, 0x09, 0x05, 0x0F, 0x05, 0x06, 0x04, 0x04, 0x04, 0x04, 0x04, 0x09, 0x09, 0x05, 0x06, 0x04, 0x06, 0x05, 0x06, 0x06, 0x05, 0x09, 0x04, 0x04, 0x04, 0x05, 0x04, 0x04, 0x06, 0x04, 0x04, 0x09, 0x09, 0x09, 0x04, 0x09, 0x04, 0x05, 0x04, 0x04, 0x06, 0x04, 0x04, 0x04, 0x04, 0x04, 0x04, 0x06, 0x05, 0x06, 0x06, 0x06, 0x06, 0x06, 0x06, 0x09, 0x09, 0x06, 0x09, 0x04, 0x09, 0x06,
    0x06, 0x09, 0x09, 0x09, 0x04, 0x04, 0x04, 0x04, 0x04, 0x05, 0x06, 0x09, 0x09, 0x06, 0x04, 0x06, 0x06, 0x06, 0x06, 0x09, 0x04, 0x04, 0x04, 0x04, 0x04, 0x04, 0x06, 0x05, 0x06, 0x09, 0x09, 0x06, 0x04, 0x04, 0x06, 0x04, 0x04, 0x06, 0x04, 0x04, 0x09, 0x09, 0x09, 0x04, 0x06, 0x09, 0x06, 0x04, 0x04, 0x05, 0x04, 0x09, 0x06, 0x06, 0x06, 0x09, 0x05, 0x06, 0x06, 0x06, 0x05, 0x09, 0x06, 0x06, 0x04, 0x04, 0x04, 0x09, 0x06, 0x06, 0x06,
    0x09, 0x04, 0x06, 0x05, 0x06, 0x04, 0x04, 0x04, 0x04, 0x06, 0x09, 0x04, 0x04, 0x04, 0x05, 0x04, 0x04, 0x09, 0x09, 0x06, 0x04, 0x06, 0x09, 0x05, 0x05, 0x06, 0x04, 0x06, 0x05, 0x06, 0x06, 0x06, 0x04, 0x04, 0x04, 0x09, 0x09, 0x04, 0x04, 0x04, 0x09, 0x04, 0x04, 0x09, 0x06, 0x09, 0x09, 0x06, 0x05, 0x09, 0x09, 0x06, 0x09, 0x06, 0x06, 0x06, 0x09, 0x06, 0x06, 0x06, 0x09, 0x04, 0x04, 0x04, 0x04, 0x04, 0x09, 0x06, 0x09, 0x05, 0x05,
    0x04, 0x09, 0x09, 0x09, 0x06, 0x05, 0x05, 0x06, 0x04, 0x04, 0x04, 0x06, 0x09, 0x05, 0x04, 0x09, 0x06, 0x04, 0x09, 0x05, 0x09, 0x09, 0x06, 0x04, 0x04, 0x09, 0x06, 0x04, 0x09, 0x05, 0x05, 0x09, 0x04, 0x04, 0x09, 0x06, 0x05, 0x05, 0x06, 0x04, 0x09, 0x06, 0x05, 0x06, 0x09, 0x04, 0x04, 0x04, 0x04, 0x04, 0x06, 0x09, 0x05, 0x04, 0x04, 0x09, 0x06, 0x04, 0x04, 0x04, 0x04, 0x06, 0x05, 0x06, 0x06, 0x04, 0x06, 0x09, 0x05, 0x09, 0x09,
    0x06, 0x05, 0x06, 0x04, 0x09, 0x09, 0x06, 0x0F, 0x05, 0x06, 0x04, 0x06, 0x09, 0x05, 0x04, 0x06, 0x05, 0x04, 0x09, 0x05, 0x09, 0x06, 0x04, 0x04, 0x04, 0x09, 0x06, 0x04, 0x04, 0x09, 0x09, 0x04, 0x04, 0x06, 0x05, 0x06, 0x06, 0x09, 0x09, 0x09, 0x04, 0x04, 0x04, 0x04, 0x04, 0x04, 0x04, 0x04, 0x04, 0x04, 0x09, 0x05, 0x04, 0x04, 0x04, 0x04, 0x06, 0x04, 0x04, 0x06, 0x05, 0x05, 0x06, 0x09, 0x09, 0x04, 0x09, 0x05, 0x04, 0x09, 0x06,
    0x09, 0x09, 0x05, 0x0F, 0x06, 0x04, 0x09, 0x09, 0x04, 0x04, 0x04, 0x09, 0x04, 0x09, 0x06, 0x04, 0x04, 0x09, 0x05, 0x09, 0x04, 0x06, 0x09, 0x04, 0x09, 0x05, 0x09, 0x04, 0x04, 0x04, 0x04, 0x04, 0x04, 0x09, 0x09, 0x06, 0x05, 0x05, 0x06, 0x06, 0x04, 0x04, 0x04, 0x04, 0x04, 0x04, 0x04, 0x04, 0x04, 0x04, 0x09, 0x06, 0x09, 0x04, 0x04, 0x06, 0x09, 0x04, 0x04, 0x09, 0x09, 0x06, 0x06, 0x05, 0x06, 0x04, 0x09, 0x06, 0x09, 0x04, 0x04,
    0x06, 0x04, 0x09, 0x06, 0x05, 0x06, 0x04, 0x04, 0x06, 0x05, 0x05, 0x05, 0x06, 0x09, 0x09, 0x06, 0x06, 0x06, 0x09, 0x06, 0x06, 0x04, 0x06, 0x05, 0x05, 0x09, 0x06, 0x09, 0x05, 0x06, 0x09, 0x05, 0x06, 0x09, 0x06, 0x05, 0x06, 0x09, 0x04, 0x09, 0x05, 0x06, 0x09, 0x04, 0x05, 0x06, 0x09, 0x05, 0x06, 0x09, 0x06, 0x09, 0x06, 0x05, 0x05, 0x09, 0x05, 0x06, 0x09, 0x06, 0x06, 0x05, 0x05, 0x04, 0x09, 0x06, 0x04, 0x09, 0x06, 0x06, 0x06,
    0x04, 0x04, 0x04, 0x04, 0x04, 0x04, 0x04, 0x04, 0x04, 0x04, 0x04, 0x04, 0x04, 0x04, 0x04, 0x04, 0x04, 0x04, 0x04, 0x04, 0x04, 0x04, 0x04, 0x04, 0x04, 0x04, 0x04, 0x04, 0x04, 0x04, 0x04, 0x04, 0x04, 0x04, 0x04, 0x04, 0x04, 0x04, 0x04, 0x04, 0x04, 0x04, 0x04, 0x04, 0x04, 0x04, 0x04, 0x04, 0x04, 0x04, 0x04, 0x04, 0x04, 0x04, 0x04, 0x04, 0x04, 0x04, 0x04, 0x04, 0x04, 0x04, 0x04, 0x04, 0x04, 0x04, 0x04, 0x04, 0x04, 0x04, 0x04,
};

// Di-Cokka Cannon Shell
constexpr int TANK_BULLET_W = 15;
constexpr int TANK_BULLET_H = 15;
static const uint16_t TANK_BULLET_PAL[7] PROGMEM = {
    0x0000, 0x3186, 0x9986, 0xFFB4, 0xF52D, 0xFFFF, 0xDBCB,
};
static const uint8_t TANK_BULLET_PIXELS[225] PROGMEM = {
    0x00, 0x00, 0x00, 0x00, 0x00, 0x00, 0x00, 0x01, 0x00, 0x00, 0x00, 0x00, 0x00, 0x00, 0x00,
    0x00, 0x00, 0x00, 0x00, 0x00, 0x01, 0x02, 0x01, 0x02, 0x01, 0x00, 0x00, 0x00, 0x00, 0x00,
    0x00, 0x00, 0x00, 0x01, 0x01, 0x03, 0x03, 0x04, 0x02, 0x02, 0x02, 0x01, 0x00, 0x00, 0x00,
    0x00, 0x00, 0x01, 0x02, 0x01, 0x04, 0x05, 0x06, 0x06, 0x01, 0x06, 0x01, 0x01, 0x00, 0x00,
    0x00, 0x00, 0x01, 0x02, 0x02, 0x01, 0x01, 0x06, 0x01, 0x01, 0x02, 0x02, 0x01, 0x00, 0x00,
    0x00, 0x01, 0x01, 0x02, 0x01, 0x01, 0x01, 0x01, 0x01, 0x06, 0x06, 0x02, 0x01, 0x01, 0x00,
    0x00, 0x01, 0x01, 0x02, 0x06, 0x01, 0x06, 0x03, 0x06, 0x06, 0x06, 0x02, 0x01, 0x01, 0x00,
    0x01, 0x01, 0x01, 0x02, 0x02, 0x06, 0x03, 0x03, 0x03, 0x06, 0x02, 0x02, 0x01, 0x01, 0x01,
    0x00, 0x01, 0x01, 0x01, 0x02, 0x02, 0x04, 0x03, 0x04, 0x02, 0x02, 0x01, 0x01, 0x01, 0x00,
    0x00, 0x01, 0x01, 0x01, 0x01, 0x01, 0x01, 0x04, 0x01, 0x01, 0x01, 0x01, 0x01, 0x01, 0x00,
    0x00, 0x00, 0x01, 0x01, 0x01, 0x01, 0x04, 0x04, 0x04, 0x01, 0x01, 0x01, 0x01, 0x00, 0x00,
    0x00, 0x00, 0x01, 0x02, 0x01, 0x01, 0x06, 0x04, 0x06, 0x01, 0x01, 0x02, 0x01, 0x00, 0x00,
    0x00, 0x00, 0x00, 0x01, 0x02, 0x02, 0x02, 0x06, 0x06, 0x06, 0x06, 0x01, 0x00, 0x00, 0x00,
    0x00, 0x00, 0x00, 0x00, 0x00, 0x01, 0x06, 0x02, 0x04, 0x01, 0x00, 0x00, 0x00, 0x00, 0x00,
    0x00, 0x00, 0x00, 0x00, 0x00, 0x00, 0x00, 0x02, 0x00, 0x00, 0x00, 0x00, 0x00, 0x00, 0x00,
};

// Rebel Patrol Helicopter
constexpr int ENEMY_HELI_W = 45;
constexpr int ENEMY_HELI_H = 33;
static const uint16_t ENEMY_HELI_PAL[20] PROGMEM = {
    0x0000, 0xAD12, 0x8C0E, 0x0881, 0x9C90, 0x7B8C, 0x6B0A, 0x41C5, 0x9D14, 0x6B8E, 0x2145, 0xF79E, 0x4249, 0xF68F, 0xB408, 0x7A42, 0xA980, 0x7000, 0x5247, 0x3143,
};
static const uint8_t ENEMY_HELI_PIXELS[1485] PROGMEM = {
    0x00, 0x00, 0x00, 0x00, 0x00, 0x00, 0x00, 0x00, 0x00, 0x00, 0x00, 0x00, 0x00, 0x00, 0x00, 0x00, 0x00, 0x00, 0x00, 0x00, 0x00, 0x00, 0x00, 0x00, 0x01, 0x01, 0x01, 0x01, 0x01, 0x00, 0x00, 0x00, 0x00, 0x00, 0x00, 0x00, 0x00, 0x00, 0x00, 0x00, 0x00, 0x00, 0x00, 0x00, 0x00,
    0x00, 0x00, 0x00, 0x00, 0x00, 0x00, 0x01, 0x00, 0x00, 0x00, 0x00, 0x00, 0x00, 0x00, 0x00, 0x00, 0x00, 0x00, 0x00, 0x00, 0x00, 0x02, 0x02, 0x02, 0x02, 0x00, 0x00, 0x00, 0x00, 0x00, 0x00, 0x00, 0x00, 0x00, 0x00, 0x00, 0x00, 0x00, 0x03, 0x00, 0x00, 0x00, 0x00, 0x00, 0x00,
    0x00, 0x01, 0x01, 0x01, 0x04, 0x04, 0x04, 0x02, 0x02, 0x05, 0x05, 0x05, 0x06, 0x06, 0x06, 0x00, 0x00, 0x00, 0x07, 0x06, 0x00, 0x00, 0x00, 0x00, 0x00, 0x00, 0x00, 0x00, 0x00, 0x00, 0x00, 0x00, 0x00, 0x00, 0x00, 0x00, 0x08, 0x09, 0x0A, 0x03, 0x00, 0x00, 0x00, 0x00, 0x00,
    0x00, 0x00, 0x00, 0x00, 0x00, 0x00, 0x00, 0x00, 0x00, 0x00, 0x00, 0x00, 0x00, 0x00, 0x00, 0x00, 0x0B, 0x06, 0x06, 0x06, 0x06, 0x06, 0x06, 0x06, 0x06, 0x05, 0x05, 0x02, 0x00, 0x00, 0x00, 0x00, 0x00, 0x00, 0x00, 0x00, 0x09, 0x0A, 0x03, 0x0C, 0x00, 0x00, 0x00, 0x00, 0x00,
    0x00, 0x00, 0x00, 0x00, 0x00, 0x00, 0x00, 0x00, 0x00, 0x00, 0x00, 0x00, 0x00, 0x05, 0x05, 0x05, 0x00, 0x00, 0x03, 0x00, 0x00, 0x00, 0x00, 0x00, 0x00, 0x0C, 0x02, 0x02, 0x04, 0x04, 0x04, 0x01, 0x01, 0x01, 0x00, 0x03, 0x0A, 0x03, 0x03, 0x0A, 0x00, 0x00, 0x00, 0x00, 0x00,
    0x00, 0x00, 0x00, 0x00, 0x00, 0x00, 0x00, 0x04, 0x04, 0x04, 0x04, 0x04, 0x04, 0x04, 0x00, 0x00, 0x00, 0x00, 0x03, 0x03, 0x00, 0x00, 0x00, 0x00, 0x00, 0x09, 0x00, 0x00, 0x00, 0x00, 0x00, 0x00, 0x00, 0x00, 0x08, 0x08, 0x0C, 0x03, 0x03, 0x0A, 0x03, 0x00, 0x00, 0x00, 0x00,
    0x00, 0x00, 0x00, 0x00, 0x00, 0x00, 0x00, 0x00, 0x00, 0x00, 0x00, 0x00, 0x00, 0x00, 0x00, 0x00, 0x03, 0x00, 0x03, 0x00, 0x00, 0x00, 0x00, 0x00, 0x03, 0x0A, 0x00, 0x00, 0x00, 0x00, 0x00, 0x00, 0x00, 0x00, 0x0C, 0x0C, 0x0C, 0x03, 0x03, 0x0A, 0x03, 0x00, 0x00, 0x00, 0x00,
    0x00, 0x00, 0x00, 0x00, 0x00, 0x00, 0x00, 0x00, 0x00, 0x00, 0x00, 0x00, 0x00, 0x00, 0x00, 0x03, 0x03, 0x03, 0x03, 0x03, 0x03, 0x00, 0x00, 0x00, 0x03, 0x0A, 0x00, 0x00, 0x00, 0x00, 0x00, 0x00, 0x00, 0x00, 0x03, 0x03, 0x03, 0x03, 0x03, 0x0A, 0x0A, 0x00, 0x00, 0x00, 0x00,
    0x00, 0x00, 0x00, 0x00, 0x00, 0x00, 0x00, 0x00, 0x00, 0x00, 0x00, 0x00, 0x00, 0x00, 0x03, 0x0B, 0x0B, 0x0D, 0x0E, 0x0F, 0x0F, 0x0F, 0x0F, 0x0F, 0x03, 0x0A, 0x00, 0x00, 0x00, 0x00, 0x00, 0x00, 0x00, 0x03, 0x03, 0x03, 0x0A, 0x09, 0x0A, 0x0C, 0x0A, 0x00, 0x00, 0x00, 0x00,
    0x00, 0x00, 0x00, 0x00, 0x00, 0x00, 0x00, 0x00, 0x00, 0x00, 0x00, 0x00, 0x00, 0x03, 0x0B, 0x0D, 0x0D, 0x0D, 0x0F, 0x0F, 0x0F, 0x03, 0x03, 0x09, 0x09, 0x0B, 0x09, 0x03, 0x00, 0x00, 0x00, 0x09, 0x09, 0x0C, 0x03, 0x03, 0x09, 0x0A, 0x0A, 0x03, 0x0C, 0x0C, 0x0C, 0x0C, 0x03,
    0x00, 0x00, 0x00, 0x00, 0x00, 0x00, 0x00, 0x00, 0x00, 0x00, 0x00, 0x00, 0x03, 0x03, 0x08, 0x09, 0x09, 0x08, 0x0C, 0x03, 0x0B, 0x01, 0x01, 0x0A, 0x08, 0x10, 0x10, 0x0B, 0x09, 0x03, 0x00, 0x00, 0x00, 0x03, 0x03, 0x0C, 0x03, 0x0C, 0x09, 0x09, 0x0C, 0x09, 0x09, 0x09, 0x00,
    0x00, 0x00, 0x00, 0x00, 0x00, 0x00, 0x00, 0x00, 0x00, 0x00, 0x00, 0x00, 0x05, 0x03, 0x09, 0x03, 0x03, 0x08, 0x0C, 0x05, 0x03, 0x01, 0x01, 0x05, 0x03, 0x0C, 0x11, 0x11, 0x0C, 0x0C, 0x03, 0x03, 0x0D, 0x0D, 0x0C, 0x09, 0x09, 0x0A, 0x0A, 0x0A, 0x03, 0x03, 0x03, 0x00, 0x00,
    0x00, 0x00, 0x00, 0x00, 0x00, 0x00, 0x00, 0x00, 0x00, 0x03, 0x09, 0x09, 0x09, 0x09, 0x09, 0x08, 0x08, 0x0A, 0x0C, 0x03, 0x03, 0x03, 0x05, 0x05, 0x12, 0x0C, 0x09, 0x0C, 0x0A, 0x0A, 0x0A, 0x0A, 0x0D, 0x0D, 0x0D, 0x0C, 0x0C, 0x0C, 0x0A, 0x0A, 0x03, 0x00, 0x00, 0x00, 0x00,
    0x00, 0x00, 0x00, 0x00, 0x00, 0x00, 0x00, 0x00, 0x08, 0x03, 0x03, 0x03, 0x03, 0x13, 0x03, 0x08, 0x03, 0x03, 0x0A, 0x0C, 0x05, 0x03, 0x01, 0x12, 0x12, 0x0A, 0x0A, 0x0A, 0x03, 0x0A, 0x09, 0x0C, 0x09, 0x0E, 0x0E, 0x0A, 0x0A, 0x0A, 0x03, 0x05, 0x03, 0x03, 0x00, 0x00, 0x00,
    0x00, 0x00, 0x00, 0x00, 0x00, 0x00, 0x00, 0x08, 0x00, 0x03, 0x12, 0x12, 0x13, 0x08, 0x03, 0x03, 0x13, 0x13, 0x03, 0x0A, 0x03, 0x03, 0x03, 0x12, 0x13, 0x03, 0x0A, 0x0A, 0x0C, 0x0C, 0x0C, 0x0C, 0x0C, 0x0E, 0x0F, 0x0A, 0x03, 0x00, 0x03, 0x03, 0x12, 0x05, 0x00, 0x00, 0x00,
    0x00, 0x00, 0x00, 0x00, 0x00, 0x00, 0x08, 0x00, 0x03, 0x01, 0x05, 0x03, 0x03, 0x13, 0x09, 0x03, 0x13, 0x13, 0x03, 0x0A, 0x0C, 0x13, 0x12, 0x03, 0x0A, 0x0C, 0x0C, 0x0A, 0x0A, 0x09, 0x09, 0x03, 0x0C, 0x0F, 0x03, 0x00, 0x00, 0x00, 0x00, 0x03, 0x03, 0x12, 0x00, 0x00, 0x00,
    0x00, 0x00, 0x00, 0x00, 0x00, 0x03, 0x03, 0x0C, 0x05, 0x12, 0x12, 0x03, 0x05, 0x13, 0x03, 0x03, 0x13, 0x03, 0x0A, 0x0C, 0x0C, 0x0C, 0x0C, 0x0A, 0x0C, 0x09, 0x08, 0x08, 0x09, 0x09, 0x09, 0x09, 0x09, 0x03, 0x00, 0x00, 0x00, 0x00, 0x00, 0x00, 0x03, 0x03, 0x00, 0x00, 0x00,
    0x00, 0x00, 0x00, 0x00, 0x03, 0x09, 0x03, 0x03, 0x03, 0x12, 0x08, 0x03, 0x03, 0x03, 0x03, 0x03, 0x03, 0x03, 0x0A, 0x0C, 0x0C, 0x0A, 0x0C, 0x03, 0x09, 0x09, 0x09, 0x09, 0x0C, 0x08, 0x08, 0x08, 0x0C, 0x09, 0x00, 0x00, 0x00, 0x00, 0x00, 0x00, 0x00, 0x00, 0x00, 0x00, 0x00,
    0x00, 0x00, 0x00, 0x0C, 0x08, 0x0A, 0x03, 0x03, 0x03, 0x03, 0x03, 0x03, 0x0E, 0x03, 0x03, 0x13, 0x0C, 0x03, 0x0A, 0x0C, 0x0A, 0x09, 0x09, 0x08, 0x08, 0x08, 0x09, 0x09, 0x09, 0x09, 0x09, 0x09, 0x09, 0x08, 0x09, 0x03, 0x00, 0x00, 0x00, 0x00, 0x00, 0x00, 0x00, 0x00, 0x00,
    0x00, 0x00, 0x09, 0x03, 0x09, 0x03, 0x03, 0x03, 0x12, 0x0E, 0x03, 0x0E, 0x0F, 0x12, 0x05, 0x03, 0x03, 0x08, 0x0A, 0x0C, 0x0C, 0x0C, 0x0A, 0x10, 0x0A, 0x09, 0x03, 0x03, 0x03, 0x08, 0x09, 0x09, 0x0C, 0x0A, 0x0A, 0x03, 0x05, 0x13, 0x00, 0x00, 0x00, 0x00, 0x00, 0x00, 0x00,
    0x00, 0x00, 0x0C, 0x03, 0x03, 0x03, 0x03, 0x13, 0x12, 0x03, 0x0C, 0x03, 0x05, 0x12, 0x12, 0x03, 0x0C, 0x09, 0x0C, 0x09, 0x0C, 0x10, 0x10, 0x0E, 0x11, 0x03, 0x0A, 0x0A, 0x0C, 0x0A, 0x03, 0x0A, 0x0A, 0x0A, 0x0A, 0x03, 0x13, 0x00, 0x00, 0x00, 0x00, 0x00, 0x00, 0x00, 0x00,
    0x00, 0x00, 0x00, 0x00, 0x0A, 0x0A, 0x0C, 0x0A, 0x09, 0x09, 0x0C, 0x13, 0x03, 0x05, 0x12, 0x03, 0x0A, 0x0C, 0x0C, 0x0A, 0x10, 0x10, 0x0E, 0x11, 0x11, 0x11, 0x03, 0x12, 0x0A, 0x03, 0x03, 0x03, 0x0A, 0x0C, 0x0A, 0x0A, 0x00, 0x00, 0x00, 0x00, 0x00, 0x00, 0x00, 0x00, 0x00,
    0x00, 0x00, 0x00, 0x08, 0x09, 0x09, 0x09, 0x09, 0x08, 0x09, 0x03, 0x0C, 0x13, 0x13, 0x03, 0x0A, 0x0C, 0x0A, 0x09, 0x09, 0x08, 0x03, 0x11, 0x0E, 0x11, 0x12, 0x12, 0x13, 0x12, 0x13, 0x13, 0x13, 0x0C, 0x0A, 0x09, 0x0A, 0x00, 0x00, 0x00, 0x00, 0x00, 0x00, 0x00, 0x00, 0x00,
    0x00, 0x00, 0x03, 0x09, 0x09, 0x09, 0x08, 0x09, 0x0C, 0x0C, 0x0C, 0x0A, 0x0C, 0x09, 0x0A, 0x0C, 0x08, 0x0B, 0x0B, 0x08, 0x0A, 0x03, 0x0F, 0x11, 0x05, 0x01, 0x05, 0x05, 0x05, 0x12, 0x13, 0x13, 0x13, 0x0C, 0x0A, 0x03, 0x00, 0x00, 0x00, 0x00, 0x00, 0x00, 0x00, 0x00, 0x00,
    0x00, 0x03, 0x0B, 0x08, 0x09, 0x08, 0x0C, 0x0A, 0x0C, 0x0C, 0x0C, 0x0C, 0x03, 0x08, 0x0C, 0x0A, 0x09, 0x09, 0x08, 0x0A, 0x0A, 0x03, 0x11, 0x03, 0x01, 0x0B, 0x01, 0x05, 0x13, 0x12, 0x12, 0x03, 0x00, 0x03, 0x00, 0x00, 0x00, 0x00, 0x00, 0x00, 0x00, 0x00, 0x00, 0x00, 0x00,
    0x03, 0x01, 0x03, 0x0A, 0x0A, 0x03, 0x05, 0x13, 0x03, 0x0C, 0x0C, 0x0A, 0x03, 0x0A, 0x0A, 0x09, 0x09, 0x09, 0x0C, 0x0A, 0x0A, 0x0A, 0x11, 0x03, 0x05, 0x01, 0x05, 0x12, 0x03, 0x03, 0x00, 0x00, 0x00, 0x00, 0x00, 0x00, 0x00, 0x00, 0x00, 0x00, 0x00, 0x00, 0x00, 0x00, 0x00,
    0x03, 0x01, 0x03, 0x03, 0x0B, 0x01, 0x12, 0x05, 0x03, 0x03, 0x0A, 0x0A, 0x0C, 0x0A, 0x03, 0x08, 0x08, 0x0B, 0x0A, 0x0A, 0x0A, 0x0A, 0x03, 0x02, 0x03, 0x12, 0x12, 0x03, 0x03, 0x00, 0x00, 0x00, 0x00, 0x00, 0x00, 0x00, 0x00, 0x00, 0x00, 0x00, 0x00, 0x00, 0x00, 0x00, 0x00,
    0x03, 0x12, 0x03, 0x03, 0x05, 0x01, 0x12, 0x13, 0x03, 0x0A, 0x0C, 0x03, 0x03, 0x13, 0x13, 0x03, 0x0C, 0x0A, 0x09, 0x0A, 0x0C, 0x03, 0x00, 0x00, 0x00, 0x00, 0x00, 0x00, 0x00, 0x00, 0x00, 0x00, 0x00, 0x00, 0x00, 0x00, 0x00, 0x00, 0x00, 0x00, 0x00, 0x00, 0x00, 0x00, 0x00,
    0x00, 0x00, 0x03, 0x03, 0x12, 0x12, 0x13, 0x12, 0x03, 0x03, 0x13, 0x03, 0x13, 0x05, 0x03, 0x12, 0x03, 0x03, 0x03, 0x03, 0x12, 0x03, 0x00, 0x00, 0x00, 0x00, 0x00, 0x00, 0x00, 0x00, 0x00, 0x00, 0x00, 0x00, 0x00, 0x00, 0x00, 0x00, 0x00, 0x00, 0x00, 0x00, 0x00, 0x00, 0x00,
    0x00, 0x00, 0x03, 0x00, 0x00, 0x13, 0x03, 0x03, 0x03, 0x03, 0x03, 0x03, 0x00, 0x03, 0x03, 0x00, 0x03, 0x03, 0x03, 0x03, 0x03, 0x03, 0x00, 0x00, 0x00, 0x00, 0x00, 0x00, 0x00, 0x00, 0x00, 0x00, 0x00, 0x00, 0x00, 0x00, 0x00, 0x00, 0x00, 0x00, 0x00, 0x00, 0x00, 0x00, 0x00,
    0x00, 0x03, 0x00, 0x00, 0x03, 0x13, 0x13, 0x03, 0x03, 0x13, 0x03, 0x00, 0x00, 0x00, 0x00, 0x00, 0x00, 0x03, 0x13, 0x03, 0x03, 0x00, 0x00, 0x00, 0x00, 0x00, 0x00, 0x00, 0x00, 0x00, 0x00, 0x00, 0x00, 0x00, 0x00, 0x00, 0x00, 0x00, 0x00, 0x00, 0x00, 0x00, 0x00, 0x00, 0x00,
    0x00, 0x00, 0x00, 0x00, 0x12, 0x03, 0x03, 0x00, 0x00, 0x00, 0x00, 0x00, 0x00, 0x00, 0x00, 0x00, 0x00, 0x00, 0x03, 0x03, 0x00, 0x00, 0x00, 0x00, 0x00, 0x00, 0x00, 0x00, 0x00, 0x00, 0x00, 0x00, 0x00, 0x00, 0x00, 0x00, 0x00, 0x00, 0x00, 0x00, 0x00, 0x00, 0x00, 0x00, 0x00,
    0x00, 0x00, 0x00, 0x00, 0x00, 0x03, 0x00, 0x00, 0x00, 0x00, 0x00, 0x00, 0x00, 0x00, 0x00, 0x00, 0x00, 0x00, 0x00, 0x00, 0x00, 0x00, 0x00, 0x00, 0x00, 0x00, 0x00, 0x00, 0x00, 0x00, 0x00, 0x00, 0x00, 0x00, 0x00, 0x00, 0x00, 0x00, 0x00, 0x00, 0x00, 0x00, 0x00, 0x00, 0x00,
};

// Fireball Explosion Blast Frame 0
constexpr int EXPLOSION_0_W = 36;
constexpr int EXPLOSION_0_H = 48;
static const uint16_t EXPLOSION_0_PAL[10] PROGMEM = {
    0x0000, 0x9140, 0xBA41, 0xD304, 0x6000, 0xEC46, 0xFD88, 0xFEC5, 0xFFD0, 0xFFDF,
};
static const uint8_t EXPLOSION_0_PIXELS[1728] PROGMEM = {
    0x00, 0x00, 0x00, 0x00, 0x00, 0x00, 0x00, 0x00, 0x00, 0x00, 0x00, 0x00, 0x01, 0x00, 0x00, 0x00, 0x00, 0x00, 0x00, 0x00, 0x00, 0x00, 0x00, 0x00, 0x00, 0x00, 0x00, 0x00, 0x00, 0x00, 0x00, 0x00, 0x00, 0x00, 0x00, 0x00,
    0x00, 0x00, 0x00, 0x00, 0x00, 0x00, 0x00, 0x00, 0x00, 0x00, 0x00, 0x00, 0x00, 0x00, 0x01, 0x02, 0x02, 0x03, 0x03, 0x03, 0x03, 0x03, 0x03, 0x01, 0x04, 0x00, 0x00, 0x00, 0x00, 0x00, 0x00, 0x00, 0x00, 0x00, 0x00, 0x00,
    0x00, 0x00, 0x00, 0x00, 0x00, 0x00, 0x00, 0x00, 0x00, 0x00, 0x00, 0x01, 0x01, 0x01, 0x05, 0x05, 0x05, 0x06, 0x06, 0x06, 0x07, 0x07, 0x06, 0x05, 0x03, 0x03, 0x04, 0x01, 0x01, 0x00, 0x00, 0x00, 0x00, 0x00, 0x00, 0x00,
    0x00, 0x00, 0x00, 0x00, 0x01, 0x03, 0x03, 0x03, 0x03, 0x03, 0x06, 0x06, 0x06, 0x07, 0x07, 0x06, 0x06, 0x05, 0x05, 0x06, 0x08, 0x08, 0x08, 0x07, 0x06, 0x05, 0x06, 0x06, 0x05, 0x05, 0x05, 0x02, 0x00, 0x00, 0x00, 0x00,
    0x00, 0x00, 0x01, 0x03, 0x05, 0x07, 0x07, 0x05, 0x05, 0x05, 0x06, 0x07, 0x08, 0x09, 0x09, 0x09, 0x09, 0x07, 0x07, 0x06, 0x05, 0x06, 0x07, 0x08, 0x08, 0x08, 0x08, 0x08, 0x07, 0x07, 0x06, 0x05, 0x02, 0x01, 0x00, 0x00,
    0x00, 0x01, 0x02, 0x06, 0x07, 0x03, 0x05, 0x07, 0x07, 0x07, 0x06, 0x07, 0x07, 0x08, 0x08, 0x09, 0x08, 0x07, 0x07, 0x07, 0x06, 0x06, 0x07, 0x09, 0x09, 0x09, 0x09, 0x09, 0x08, 0x08, 0x07, 0x06, 0x05, 0x02, 0x00, 0x00,
    0x00, 0x03, 0x05, 0x07, 0x07, 0x07, 0x07, 0x08, 0x08, 0x08, 0x08, 0x08, 0x06, 0x07, 0x07, 0x08, 0x08, 0x07, 0x07, 0x07, 0x06, 0x06, 0x06, 0x08, 0x08, 0x08, 0x07, 0x07, 0x07, 0x07, 0x08, 0x07, 0x05, 0x03, 0x01, 0x00,
    0x01, 0x05, 0x06, 0x05, 0x03, 0x06, 0x07, 0x08, 0x08, 0x08, 0x07, 0x06, 0x07, 0x08, 0x09, 0x09, 0x08, 0x09, 0x08, 0x06, 0x06, 0x06, 0x06, 0x07, 0x06, 0x06, 0x06, 0x06, 0x08, 0x08, 0x08, 0x07, 0x05, 0x03, 0x02, 0x01,
    0x01, 0x05, 0x06, 0x05, 0x03, 0x07, 0x08, 0x07, 0x07, 0x05, 0x03, 0x03, 0x06, 0x08, 0x08, 0x08, 0x08, 0x08, 0x08, 0x06, 0x07, 0x06, 0x05, 0x05, 0x05, 0x05, 0x02, 0x02, 0x06, 0x06, 0x07, 0x06, 0x05, 0x06, 0x03, 0x02,
    0x00, 0x03, 0x05, 0x05, 0x03, 0x07, 0x08, 0x07, 0x07, 0x07, 0x03, 0x03, 0x05, 0x06, 0x08, 0x08, 0x08, 0x06, 0x07, 0x07, 0x07, 0x07, 0x07, 0x06, 0x06, 0x06, 0x03, 0x03, 0x03, 0x03, 0x05, 0x03, 0x07, 0x07, 0x03, 0x02,
    0x00, 0x01, 0x01, 0x01, 0x03, 0x07, 0x06, 0x03, 0x02, 0x03, 0x05, 0x05, 0x05, 0x06, 0x07, 0x07, 0x07, 0x08, 0x08, 0x09, 0x09, 0x09, 0x09, 0x09, 0x09, 0x08, 0x06, 0x05, 0x05, 0x03, 0x03, 0x05, 0x07, 0x06, 0x02, 0x00,
    0x00, 0x00, 0x00, 0x01, 0x01, 0x02, 0x01, 0x05, 0x05, 0x05, 0x06, 0x06, 0x07, 0x06, 0x05, 0x06, 0x06, 0x08, 0x08, 0x09, 0x08, 0x08, 0x08, 0x08, 0x08, 0x08, 0x07, 0x05, 0x06, 0x05, 0x03, 0x03, 0x05, 0x05, 0x00, 0x00,
    0x00, 0x00, 0x00, 0x01, 0x01, 0x06, 0x07, 0x07, 0x07, 0x08, 0x09, 0x08, 0x07, 0x07, 0x06, 0x06, 0x06, 0x07, 0x07, 0x08, 0x08, 0x08, 0x08, 0x07, 0x07, 0x07, 0x06, 0x07, 0x07, 0x07, 0x07, 0x03, 0x02, 0x02, 0x00, 0x00,
    0x00, 0x00, 0x04, 0x01, 0x02, 0x06, 0x05, 0x08, 0x08, 0x08, 0x08, 0x07, 0x07, 0x07, 0x07, 0x05, 0x05, 0x02, 0x05, 0x06, 0x07, 0x07, 0x07, 0x06, 0x06, 0x06, 0x07, 0x07, 0x08, 0x07, 0x07, 0x07, 0x05, 0x03, 0x01, 0x00,
    0x00, 0x00, 0x04, 0x01, 0x03, 0x05, 0x05, 0x08, 0x08, 0x07, 0x07, 0x08, 0x09, 0x07, 0x06, 0x05, 0x05, 0x03, 0x02, 0x03, 0x05, 0x05, 0x05, 0x05, 0x05, 0x06, 0x05, 0x06, 0x06, 0x07, 0x08, 0x08, 0x07, 0x07, 0x03, 0x02,
    0x00, 0x00, 0x00, 0x01, 0x02, 0x03, 0x05, 0x08, 0x07, 0x07, 0x07, 0x07, 0x09, 0x07, 0x06, 0x05, 0x03, 0x02, 0x04, 0x03, 0x06, 0x05, 0x05, 0x03, 0x04, 0x03, 0x06, 0x05, 0x05, 0x05, 0x06, 0x06, 0x06, 0x06, 0x03, 0x02,
    0x00, 0x00, 0x00, 0x00, 0x00, 0x02, 0x02, 0x05, 0x06, 0x06, 0x07, 0x06, 0x06, 0x05, 0x03, 0x05, 0x02, 0x03, 0x05, 0x02, 0x03, 0x03, 0x03, 0x06, 0x05, 0x05, 0x01, 0x01, 0x03, 0x03, 0x03, 0x05, 0x05, 0x05, 0x01, 0x00,
    0x00, 0x00, 0x00, 0x00, 0x00, 0x02, 0x02, 0x05, 0x05, 0x06, 0x06, 0x06, 0x05, 0x05, 0x03, 0x03, 0x04, 0x05, 0x05, 0x05, 0x05, 0x02, 0x03, 0x03, 0x02, 0x02, 0x01, 0x04, 0x01, 0x01, 0x02, 0x03, 0x02, 0x02, 0x00, 0x00,
    0x00, 0x00, 0x00, 0x00, 0x00, 0x01, 0x05, 0x03, 0x03, 0x05, 0x06, 0x06, 0x07, 0x08, 0x07, 0x07, 0x03, 0x05, 0x05, 0x03, 0x02, 0x05, 0x06, 0x06, 0x07, 0x07, 0x05, 0x05, 0x05, 0x02, 0x01, 0x01, 0x01, 0x00, 0x00, 0x00,
    0x00, 0x00, 0x00, 0x00, 0x00, 0x03, 0x03, 0x05, 0x05, 0x05, 0x08, 0x08, 0x09, 0x08, 0x05, 0x06, 0x06, 0x06, 0x06, 0x06, 0x05, 0x03, 0x02, 0x05, 0x05, 0x06, 0x07, 0x07, 0x06, 0x02, 0x01, 0x01, 0x00, 0x00, 0x00, 0x00,
    0x00, 0x00, 0x00, 0x00, 0x00, 0x01, 0x03, 0x05, 0x05, 0x06, 0x08, 0x08, 0x06, 0x03, 0x07, 0x08, 0x08, 0x08, 0x08, 0x08, 0x08, 0x07, 0x06, 0x05, 0x03, 0x05, 0x07, 0x08, 0x09, 0x09, 0x08, 0x02, 0x00, 0x00, 0x00, 0x00,
    0x00, 0x00, 0x00, 0x01, 0x01, 0x05, 0x06, 0x07, 0x08, 0x07, 0x07, 0x07, 0x06, 0x07, 0x08, 0x09, 0x09, 0x09, 0x09, 0x09, 0x09, 0x09, 0x08, 0x07, 0x05, 0x06, 0x07, 0x08, 0x08, 0x09, 0x09, 0x07, 0x06, 0x02, 0x00, 0x00,
    0x00, 0x00, 0x00, 0x03, 0x03, 0x06, 0x07, 0x07, 0x07, 0x07, 0x06, 0x07, 0x07, 0x07, 0x09, 0x09, 0x09, 0x09, 0x09, 0x09, 0x09, 0x09, 0x08, 0x07, 0x07, 0x06, 0x06, 0x07, 0x08, 0x08, 0x08, 0x08, 0x06, 0x02, 0x00, 0x00,
    0x00, 0x00, 0x01, 0x05, 0x05, 0x06, 0x07, 0x06, 0x05, 0x01, 0x03, 0x05, 0x07, 0x08, 0x09, 0x09, 0x09, 0x09, 0x09, 0x09, 0x09, 0x09, 0x09, 0x08, 0x07, 0x07, 0x07, 0x07, 0x08, 0x07, 0x08, 0x07, 0x05, 0x03, 0x00, 0x00,
    0x00, 0x00, 0x01, 0x05, 0x05, 0x06, 0x05, 0x03, 0x03, 0x01, 0x05, 0x06, 0x07, 0x08, 0x08, 0x08, 0x08, 0x08, 0x08, 0x07, 0x07, 0x07, 0x08, 0x08, 0x07, 0x07, 0x03, 0x05, 0x06, 0x06, 0x07, 0x07, 0x06, 0x05, 0x00, 0x00,
    0x00, 0x00, 0x01, 0x03, 0x05, 0x03, 0x03, 0x01, 0x03, 0x03, 0x06, 0x06, 0x07, 0x08, 0x08, 0x08, 0x08, 0x06, 0x06, 0x03, 0x05, 0x06, 0x07, 0x08, 0x08, 0x07, 0x05, 0x03, 0x05, 0x06, 0x07, 0x07, 0x06, 0x03, 0x00, 0x00,
    0x00, 0x00, 0x00, 0x02, 0x02, 0x01, 0x01, 0x02, 0x03, 0x03, 0x05, 0x05, 0x07, 0x07, 0x07, 0x07, 0x06, 0x03, 0x03, 0x01, 0x05, 0x02, 0x03, 0x07, 0x07, 0x07, 0x06, 0x05, 0x02, 0x03, 0x06, 0x06, 0x05, 0x03, 0x00, 0x00,
    0x00, 0x00, 0x00, 0x01, 0x04, 0x04, 0x04, 0x02, 0x02, 0x03, 0x03, 0x07, 0x05, 0x07, 0x07, 0x07, 0x06, 0x06, 0x05, 0x01, 0x04, 0x01, 0x03, 0x05, 0x06, 0x07, 0x06, 0x06, 0x03, 0x02, 0x06, 0x06, 0x03, 0x01, 0x00, 0x00,
    0x00, 0x00, 0x00, 0x00, 0x04, 0x01, 0x01, 0x02, 0x03, 0x03, 0x05, 0x05, 0x01, 0x04, 0x03, 0x03, 0x05, 0x05, 0x03, 0x03, 0x01, 0x03, 0x05, 0x05, 0x05, 0x07, 0x04, 0x06, 0x06, 0x03, 0x05, 0x02, 0x01, 0x01, 0x00, 0x00,
    0x00, 0x00, 0x00, 0x00, 0x00, 0x03, 0x03, 0x06, 0x02, 0x01, 0x05, 0x06, 0x03, 0x05, 0x02, 0x02, 0x02, 0x07, 0x07, 0x06, 0x06, 0x07, 0x05, 0x01, 0x03, 0x05, 0x06, 0x06, 0x02, 0x05, 0x03, 0x03, 0x02, 0x00, 0x00, 0x00,
    0x00, 0x00, 0x00, 0x00, 0x00, 0x02, 0x03, 0x06, 0x05, 0x05, 0x07, 0x07, 0x02, 0x03, 0x04, 0x04, 0x04, 0x05, 0x06, 0x06, 0x08, 0x05, 0x06, 0x06, 0x06, 0x07, 0x02, 0x04, 0x03, 0x05, 0x01, 0x03, 0x00, 0x00, 0x00, 0x00,
    0x00, 0x00, 0x00, 0x00, 0x00, 0x04, 0x04, 0x06, 0x01, 0x01, 0x07, 0x07, 0x07, 0x05, 0x03, 0x02, 0x02, 0x01, 0x01, 0x06, 0x08, 0x07, 0x07, 0x06, 0x01, 0x01, 0x04, 0x04, 0x01, 0x01, 0x05, 0x01, 0x03, 0x00, 0x00, 0x00,
    0x00, 0x00, 0x00, 0x00, 0x00, 0x01, 0x02, 0x06, 0x06, 0x06, 0x01, 0x05, 0x05, 0x02, 0x06, 0x06, 0x05, 0x05, 0x06, 0x08, 0x06, 0x05, 0x02, 0x02, 0x04, 0x01, 0x01, 0x05, 0x01, 0x05, 0x05, 0x05, 0x03, 0x00, 0x00, 0x00,
    0x00, 0x00, 0x00, 0x00, 0x00, 0x01, 0x01, 0x06, 0x06, 0x06, 0x02, 0x02, 0x01, 0x05, 0x06, 0x05, 0x03, 0x05, 0x05, 0x03, 0x06, 0x02, 0x02, 0x01, 0x02, 0x03, 0x04, 0x05, 0x04, 0x05, 0x06, 0x05, 0x03, 0x00, 0x00, 0x00,
    0x00, 0x00, 0x00, 0x00, 0x00, 0x01, 0x02, 0x06, 0x07, 0x07, 0x06, 0x05, 0x05, 0x05, 0x06, 0x06, 0x05, 0x05, 0x05, 0x06, 0x06, 0x06, 0x06, 0x06, 0x06, 0x03, 0x02, 0x02, 0x05, 0x06, 0x06, 0x05, 0x03, 0x00, 0x00, 0x00,
    0x00, 0x00, 0x00, 0x00, 0x00, 0x01, 0x02, 0x06, 0x08, 0x07, 0x07, 0x06, 0x06, 0x06, 0x07, 0x07, 0x07, 0x06, 0x07, 0x07, 0x05, 0x03, 0x06, 0x02, 0x05, 0x02, 0x03, 0x02, 0x06, 0x06, 0x03, 0x03, 0x00, 0x00, 0x00, 0x00,
    0x00, 0x00, 0x00, 0x00, 0x00, 0x01, 0x02, 0x03, 0x06, 0x07, 0x07, 0x07, 0x06, 0x06, 0x07, 0x07, 0x07, 0x07, 0x07, 0x07, 0x05, 0x07, 0x07, 0x05, 0x06, 0x03, 0x02, 0x02, 0x06, 0x06, 0x05, 0x03, 0x00, 0x00, 0x00, 0x00,
    0x00, 0x00, 0x00, 0x00, 0x00, 0x01, 0x02, 0x03, 0x06, 0x06, 0x08, 0x08, 0x08, 0x08, 0x08, 0x08, 0x08, 0x07, 0x08, 0x07, 0x07, 0x06, 0x07, 0x06, 0x06, 0x07, 0x07, 0x07, 0x05, 0x05, 0x03, 0x00, 0x00, 0x00, 0x00, 0x00,
    0x00, 0x00, 0x00, 0x00, 0x00, 0x00, 0x01, 0x02, 0x06, 0x06, 0x08, 0x08, 0x08, 0x08, 0x08, 0x08, 0x08, 0x06, 0x08, 0x08, 0x07, 0x07, 0x08, 0x07, 0x07, 0x08, 0x07, 0x07, 0x05, 0x05, 0x03, 0x00, 0x00, 0x00, 0x00, 0x00,
    0x00, 0x00, 0x00, 0x00, 0x00, 0x00, 0x00, 0x05, 0x05, 0x06, 0x07, 0x07, 0x08, 0x08, 0x08, 0x09, 0x08, 0x09, 0x08, 0x08, 0x08, 0x08, 0x08, 0x08, 0x05, 0x07, 0x07, 0x07, 0x03, 0x02, 0x00, 0x00, 0x00, 0x00, 0x00, 0x00,
    0x00, 0x00, 0x00, 0x00, 0x00, 0x00, 0x00, 0x06, 0x03, 0x06, 0x06, 0x06, 0x07, 0x08, 0x08, 0x08, 0x09, 0x09, 0x09, 0x09, 0x08, 0x07, 0x07, 0x06, 0x05, 0x05, 0x03, 0x03, 0x00, 0x00, 0x00, 0x00, 0x00, 0x00, 0x00, 0x00,
    0x00, 0x00, 0x00, 0x00, 0x00, 0x00, 0x00, 0x03, 0x06, 0x03, 0x05, 0x05, 0x05, 0x06, 0x06, 0x06, 0x06, 0x06, 0x06, 0x06, 0x06, 0x05, 0x05, 0x03, 0x03, 0x05, 0x02, 0x01, 0x00, 0x00, 0x00, 0x00, 0x00, 0x00, 0x00, 0x00,
    0x00, 0x00, 0x00, 0x00, 0x00, 0x00, 0x00, 0x01, 0x03, 0x05, 0x05, 0x05, 0x03, 0x03, 0x03, 0x03, 0x03, 0x03, 0x03, 0x03, 0x03, 0x03, 0x03, 0x03, 0x05, 0x06, 0x02, 0x01, 0x00, 0x00, 0x00, 0x00, 0x00, 0x00, 0x00, 0x00,
    0x00, 0x00, 0x00, 0x00, 0x00, 0x00, 0x00, 0x00, 0x01, 0x02, 0x05, 0x05, 0x05, 0x03, 0x03, 0x03, 0x02, 0x02, 0x02, 0x02, 0x02, 0x03, 0x03, 0x05, 0x06, 0x05, 0x02, 0x01, 0x00, 0x00, 0x00, 0x00, 0x00, 0x00, 0x00, 0x00,
    0x00, 0x00, 0x00, 0x00, 0x00, 0x00, 0x00, 0x00, 0x00, 0x00, 0x02, 0x03, 0x05, 0x06, 0x05, 0x05, 0x05, 0x03, 0x03, 0x03, 0x05, 0x05, 0x05, 0x05, 0x05, 0x05, 0x01, 0x00, 0x00, 0x00, 0x00, 0x00, 0x00, 0x00, 0x00, 0x00,
    0x00, 0x00, 0x00, 0x00, 0x00, 0x00, 0x00, 0x00, 0x00, 0x00, 0x01, 0x03, 0x01, 0x05, 0x05, 0x06, 0x06, 0x06, 0x06, 0x06, 0x06, 0x05, 0x05, 0x05, 0x03, 0x03, 0x00, 0x00, 0x00, 0x00, 0x00, 0x00, 0x00, 0x00, 0x00, 0x00,
    0x00, 0x00, 0x00, 0x00, 0x00, 0x00, 0x00, 0x00, 0x00, 0x00, 0x00, 0x00, 0x00, 0x01, 0x03, 0x03, 0x03, 0x05, 0x05, 0x05, 0x03, 0x03, 0x03, 0x01, 0x01, 0x00, 0x00, 0x00, 0x00, 0x00, 0x00, 0x00, 0x00, 0x00, 0x00, 0x00,
    0x00, 0x00, 0x00, 0x00, 0x00, 0x00, 0x00, 0x00, 0x00, 0x00, 0x00, 0x00, 0x00, 0x00, 0x00, 0x00, 0x00, 0x01, 0x01, 0x01, 0x01, 0x00, 0x00, 0x00, 0x00, 0x00, 0x00, 0x00, 0x00, 0x00, 0x00, 0x00, 0x00, 0x00, 0x00, 0x00,
};

// Fireball Explosion Blast Frame 1
constexpr int EXPLOSION_1_W = 36;
constexpr int EXPLOSION_1_H = 48;
static const uint16_t EXPLOSION_1_PAL[11] PROGMEM = {
    0x0000, 0x9140, 0xBA41, 0x6000, 0xD304, 0xEC46, 0x3942, 0xFD88, 0xFEC5, 0x49C4, 0x28C1,
};
static const uint8_t EXPLOSION_1_PIXELS[1728] PROGMEM = {
    0x00, 0x00, 0x00, 0x00, 0x00, 0x00, 0x00, 0x00, 0x00, 0x00, 0x00, 0x01, 0x01, 0x01, 0x02, 0x02, 0x02, 0x02, 0x02, 0x01, 0x01, 0x03, 0x03, 0x00, 0x00, 0x00, 0x00, 0x00, 0x00, 0x00, 0x00, 0x00, 0x00, 0x00, 0x00, 0x00,
    0x00, 0x00, 0x00, 0x00, 0x00, 0x00, 0x00, 0x00, 0x03, 0x01, 0x01, 0x02, 0x04, 0x02, 0x05, 0x05, 0x05, 0x05, 0x05, 0x05, 0x01, 0x02, 0x02, 0x01, 0x01, 0x01, 0x01, 0x03, 0x00, 0x00, 0x00, 0x00, 0x00, 0x00, 0x00, 0x00,
    0x00, 0x00, 0x00, 0x00, 0x00, 0x03, 0x03, 0x06, 0x02, 0x05, 0x05, 0x05, 0x05, 0x05, 0x05, 0x05, 0x05, 0x05, 0x04, 0x01, 0x02, 0x05, 0x04, 0x04, 0x04, 0x05, 0x05, 0x05, 0x02, 0x02, 0x02, 0x03, 0x00, 0x00, 0x00, 0x00,
    0x00, 0x00, 0x00, 0x03, 0x03, 0x01, 0x01, 0x01, 0x02, 0x04, 0x05, 0x05, 0x04, 0x05, 0x04, 0x04, 0x02, 0x04, 0x02, 0x04, 0x04, 0x04, 0x04, 0x02, 0x02, 0x01, 0x03, 0x01, 0x02, 0x05, 0x05, 0x04, 0x01, 0x03, 0x00, 0x00,
    0x00, 0x00, 0x03, 0x01, 0x02, 0x02, 0x04, 0x03, 0x01, 0x04, 0x05, 0x04, 0x01, 0x01, 0x02, 0x02, 0x02, 0x02, 0x04, 0x05, 0x07, 0x07, 0x05, 0x07, 0x05, 0x07, 0x05, 0x05, 0x04, 0x02, 0x02, 0x01, 0x04, 0x04, 0x00, 0x00,
    0x00, 0x00, 0x06, 0x01, 0x01, 0x01, 0x03, 0x06, 0x03, 0x01, 0x01, 0x06, 0x01, 0x01, 0x01, 0x01, 0x02, 0x04, 0x05, 0x07, 0x07, 0x05, 0x05, 0x05, 0x05, 0x05, 0x05, 0x05, 0x04, 0x04, 0x02, 0x01, 0x02, 0x02, 0x06, 0x00,
    0x00, 0x00, 0x03, 0x03, 0x01, 0x06, 0x06, 0x06, 0x01, 0x04, 0x05, 0x01, 0x06, 0x06, 0x01, 0x01, 0x06, 0x04, 0x05, 0x05, 0x07, 0x05, 0x05, 0x04, 0x04, 0x04, 0x05, 0x05, 0x05, 0x05, 0x04, 0x02, 0x01, 0x04, 0x06, 0x00,
    0x00, 0x00, 0x01, 0x02, 0x02, 0x03, 0x01, 0x02, 0x06, 0x01, 0x04, 0x02, 0x02, 0x04, 0x04, 0x01, 0x06, 0x01, 0x02, 0x02, 0x04, 0x04, 0x04, 0x02, 0x02, 0x04, 0x05, 0x05, 0x05, 0x04, 0x02, 0x02, 0x01, 0x03, 0x06, 0x06,
    0x00, 0x00, 0x01, 0x01, 0x01, 0x03, 0x01, 0x02, 0x01, 0x04, 0x04, 0x04, 0x01, 0x02, 0x02, 0x04, 0x04, 0x04, 0x05, 0x05, 0x05, 0x01, 0x03, 0x03, 0x01, 0x04, 0x04, 0x05, 0x04, 0x02, 0x02, 0x01, 0x03, 0x06, 0x03, 0x06,
    0x03, 0x03, 0x03, 0x03, 0x01, 0x02, 0x04, 0x04, 0x02, 0x02, 0x04, 0x04, 0x05, 0x05, 0x05, 0x07, 0x07, 0x07, 0x07, 0x07, 0x05, 0x05, 0x04, 0x01, 0x03, 0x01, 0x02, 0x02, 0x01, 0x01, 0x01, 0x01, 0x01, 0x01, 0x03, 0x06,
    0x03, 0x01, 0x02, 0x06, 0x06, 0x01, 0x02, 0x02, 0x02, 0x05, 0x02, 0x05, 0x07, 0x07, 0x08, 0x08, 0x07, 0x07, 0x07, 0x05, 0x05, 0x07, 0x07, 0x05, 0x05, 0x02, 0x02, 0x02, 0x01, 0x01, 0x02, 0x02, 0x02, 0x01, 0x06, 0x00,
    0x00, 0x06, 0x03, 0x02, 0x04, 0x01, 0x04, 0x05, 0x05, 0x01, 0x04, 0x05, 0x07, 0x07, 0x07, 0x07, 0x07, 0x07, 0x05, 0x05, 0x05, 0x05, 0x07, 0x07, 0x07, 0x05, 0x04, 0x04, 0x04, 0x02, 0x01, 0x01, 0x01, 0x03, 0x00, 0x00,
    0x00, 0x00, 0x03, 0x01, 0x02, 0x04, 0x04, 0x05, 0x05, 0x02, 0x02, 0x05, 0x07, 0x07, 0x07, 0x07, 0x07, 0x05, 0x05, 0x05, 0x05, 0x05, 0x05, 0x05, 0x07, 0x07, 0x07, 0x05, 0x04, 0x04, 0x02, 0x01, 0x03, 0x03, 0x00, 0x00,
    0x00, 0x00, 0x06, 0x03, 0x03, 0x04, 0x04, 0x05, 0x02, 0x01, 0x01, 0x04, 0x05, 0x05, 0x05, 0x05, 0x04, 0x04, 0x05, 0x05, 0x05, 0x05, 0x05, 0x05, 0x07, 0x07, 0x07, 0x05, 0x04, 0x04, 0x04, 0x05, 0x02, 0x02, 0x06, 0x00,
    0x00, 0x00, 0x06, 0x03, 0x03, 0x03, 0x01, 0x02, 0x03, 0x03, 0x01, 0x02, 0x02, 0x04, 0x04, 0x02, 0x02, 0x02, 0x04, 0x04, 0x05, 0x05, 0x05, 0x07, 0x07, 0x07, 0x05, 0x04, 0x01, 0x01, 0x01, 0x07, 0x05, 0x05, 0x02, 0x01,
    0x00, 0x00, 0x03, 0x01, 0x02, 0x04, 0x04, 0x01, 0x06, 0x06, 0x06, 0x03, 0x03, 0x03, 0x01, 0x02, 0x05, 0x04, 0x05, 0x05, 0x05, 0x07, 0x05, 0x07, 0x07, 0x05, 0x05, 0x04, 0x01, 0x01, 0x04, 0x05, 0x05, 0x05, 0x02, 0x01,
    0x00, 0x06, 0x02, 0x02, 0x04, 0x04, 0x01, 0x03, 0x01, 0x06, 0x03, 0x02, 0x02, 0x02, 0x02, 0x04, 0x04, 0x04, 0x05, 0x05, 0x05, 0x05, 0x07, 0x07, 0x07, 0x05, 0x04, 0x04, 0x01, 0x01, 0x04, 0x05, 0x05, 0x04, 0x02, 0x01,
    0x06, 0x03, 0x02, 0x02, 0x02, 0x01, 0x01, 0x03, 0x03, 0x03, 0x06, 0x02, 0x04, 0x04, 0x05, 0x02, 0x04, 0x04, 0x04, 0x04, 0x05, 0x05, 0x05, 0x05, 0x05, 0x04, 0x04, 0x01, 0x02, 0x04, 0x04, 0x04, 0x02, 0x02, 0x03, 0x00,
    0x06, 0x06, 0x01, 0x02, 0x02, 0x06, 0x03, 0x01, 0x01, 0x01, 0x01, 0x03, 0x01, 0x02, 0x02, 0x02, 0x02, 0x01, 0x02, 0x04, 0x05, 0x04, 0x04, 0x02, 0x03, 0x03, 0x01, 0x01, 0x01, 0x01, 0x02, 0x05, 0x05, 0x05, 0x01, 0x03,
    0x00, 0x06, 0x01, 0x01, 0x06, 0x03, 0x01, 0x01, 0x01, 0x01, 0x03, 0x03, 0x01, 0x02, 0x02, 0x02, 0x02, 0x02, 0x02, 0x02, 0x02, 0x03, 0x01, 0x06, 0x03, 0x02, 0x03, 0x06, 0x03, 0x03, 0x02, 0x02, 0x04, 0x02, 0x01, 0x03,
    0x00, 0x06, 0x03, 0x01, 0x06, 0x01, 0x01, 0x01, 0x01, 0x06, 0x06, 0x01, 0x02, 0x02, 0x02, 0x01, 0x01, 0x02, 0x01, 0x01, 0x02, 0x03, 0x06, 0x01, 0x01, 0x04, 0x04, 0x04, 0x03, 0x06, 0x01, 0x01, 0x01, 0x03, 0x03, 0x00,
    0x00, 0x00, 0x06, 0x06, 0x06, 0x01, 0x01, 0x01, 0x06, 0x06, 0x06, 0x03, 0x01, 0x01, 0x02, 0x01, 0x03, 0x01, 0x02, 0x01, 0x01, 0x06, 0x03, 0x01, 0x01, 0x05, 0x04, 0x01, 0x03, 0x06, 0x03, 0x03, 0x01, 0x01, 0x06, 0x00,
    0x00, 0x00, 0x06, 0x06, 0x06, 0x01, 0x02, 0x03, 0x06, 0x01, 0x04, 0x06, 0x03, 0x03, 0x01, 0x02, 0x03, 0x06, 0x01, 0x01, 0x01, 0x06, 0x03, 0x02, 0x02, 0x01, 0x01, 0x01, 0x06, 0x06, 0x06, 0x03, 0x01, 0x03, 0x00, 0x00,
    0x00, 0x00, 0x06, 0x06, 0x06, 0x06, 0x02, 0x03, 0x06, 0x01, 0x03, 0x06, 0x06, 0x06, 0x03, 0x01, 0x01, 0x06, 0x01, 0x03, 0x03, 0x03, 0x03, 0x03, 0x01, 0x02, 0x01, 0x03, 0x03, 0x06, 0x03, 0x03, 0x06, 0x06, 0x00, 0x00,
    0x00, 0x00, 0x00, 0x00, 0x06, 0x01, 0x02, 0x06, 0x06, 0x02, 0x01, 0x01, 0x03, 0x03, 0x06, 0x01, 0x03, 0x03, 0x06, 0x06, 0x06, 0x03, 0x03, 0x02, 0x04, 0x01, 0x01, 0x06, 0x06, 0x03, 0x06, 0x00, 0x00, 0x00, 0x00, 0x00,
    0x00, 0x00, 0x00, 0x00, 0x06, 0x06, 0x04, 0x01, 0x01, 0x04, 0x04, 0x03, 0x03, 0x06, 0x06, 0x01, 0x01, 0x01, 0x06, 0x06, 0x06, 0x03, 0x03, 0x02, 0x04, 0x06, 0x01, 0x02, 0x06, 0x06, 0x06, 0x00, 0x00, 0x00, 0x00, 0x00,
    0x00, 0x00, 0x00, 0x00, 0x00, 0x01, 0x01, 0x04, 0x01, 0x01, 0x01, 0x02, 0x01, 0x03, 0x01, 0x06, 0x01, 0x05, 0x01, 0x06, 0x06, 0x02, 0x04, 0x01, 0x02, 0x01, 0x01, 0x01, 0x06, 0x01, 0x06, 0x00, 0x00, 0x00, 0x00, 0x00,
    0x00, 0x00, 0x00, 0x00, 0x06, 0x01, 0x01, 0x02, 0x01, 0x06, 0x01, 0x01, 0x02, 0x02, 0x03, 0x03, 0x01, 0x04, 0x06, 0x01, 0x02, 0x04, 0x04, 0x02, 0x01, 0x01, 0x09, 0x09, 0x01, 0x06, 0x00, 0x00, 0x00, 0x00, 0x00, 0x00,
    0x00, 0x00, 0x00, 0x00, 0x06, 0x01, 0x02, 0x02, 0x02, 0x01, 0x01, 0x02, 0x01, 0x01, 0x06, 0x03, 0x02, 0x04, 0x02, 0x04, 0x04, 0x01, 0x01, 0x01, 0x01, 0x06, 0x06, 0x06, 0x00, 0x00, 0x00, 0x00, 0x00, 0x00, 0x00, 0x00,
    0x00, 0x00, 0x00, 0x00, 0x00, 0x06, 0x03, 0x03, 0x02, 0x01, 0x01, 0x03, 0x01, 0x01, 0x01, 0x01, 0x02, 0x04, 0x06, 0x06, 0x03, 0x03, 0x03, 0x09, 0x03, 0x06, 0x06, 0x06, 0x06, 0x00, 0x00, 0x06, 0x00, 0x00, 0x00, 0x00,
    0x00, 0x00, 0x00, 0x00, 0x00, 0x06, 0x06, 0x06, 0x01, 0x01, 0x01, 0x02, 0x04, 0x02, 0x02, 0x01, 0x01, 0x01, 0x01, 0x01, 0x02, 0x03, 0x06, 0x06, 0x06, 0x03, 0x06, 0x06, 0x00, 0x00, 0x00, 0x00, 0x00, 0x00, 0x00, 0x00,
    0x00, 0x00, 0x00, 0x00, 0x00, 0x06, 0x06, 0x06, 0x06, 0x03, 0x03, 0x01, 0x02, 0x04, 0x04, 0x01, 0x03, 0x03, 0x04, 0x04, 0x04, 0x04, 0x02, 0x03, 0x03, 0x06, 0x06, 0x06, 0x00, 0x00, 0x00, 0x00, 0x00, 0x00, 0x00, 0x00,
    0x00, 0x00, 0x00, 0x00, 0x00, 0x00, 0x06, 0x06, 0x03, 0x03, 0x03, 0x01, 0x01, 0x02, 0x04, 0x01, 0x01, 0x04, 0x02, 0x02, 0x02, 0x03, 0x03, 0x06, 0x06, 0x06, 0x06, 0x06, 0x06, 0x00, 0x00, 0x00, 0x00, 0x00, 0x00, 0x00,
    0x00, 0x00, 0x00, 0x00, 0x00, 0x00, 0x00, 0x00, 0x06, 0x03, 0x03, 0x03, 0x03, 0x03, 0x01, 0x01, 0x02, 0x02, 0x03, 0x03, 0x03, 0x01, 0x03, 0x06, 0x06, 0x06, 0x06, 0x00, 0x00, 0x00, 0x06, 0x00, 0x00, 0x00, 0x00, 0x00,
    0x00, 0x00, 0x00, 0x00, 0x00, 0x00, 0x00, 0x00, 0x06, 0x03, 0x01, 0x01, 0x01, 0x03, 0x01, 0x01, 0x01, 0x01, 0x01, 0x03, 0x06, 0x06, 0x06, 0x06, 0x03, 0x06, 0x0A, 0x06, 0x00, 0x00, 0x00, 0x00, 0x00, 0x00, 0x00, 0x00,
    0x00, 0x00, 0x00, 0x00, 0x00, 0x00, 0x00, 0x00, 0x03, 0x03, 0x03, 0x03, 0x06, 0x06, 0x03, 0x01, 0x01, 0x01, 0x01, 0x03, 0x03, 0x09, 0x09, 0x06, 0x06, 0x06, 0x06, 0x06, 0x00, 0x00, 0x00, 0x00, 0x00, 0x00, 0x00, 0x00,
    0x00, 0x00, 0x00, 0x00, 0x00, 0x00, 0x00, 0x00, 0x06, 0x06, 0x06, 0x06, 0x06, 0x06, 0x06, 0x03, 0x03, 0x03, 0x03, 0x03, 0x06, 0x09, 0x09, 0x09, 0x0A, 0x0A, 0x0A, 0x00, 0x00, 0x00, 0x00, 0x00, 0x00, 0x00, 0x00, 0x00,
    0x00, 0x00, 0x00, 0x00, 0x00, 0x00, 0x00, 0x00, 0x00, 0x06, 0x06, 0x06, 0x06, 0x06, 0x06, 0x06, 0x06, 0x06, 0x06, 0x06, 0x09, 0x09, 0x09, 0x09, 0x06, 0x00, 0x0A, 0x00, 0x00, 0x00, 0x00, 0x00, 0x00, 0x00, 0x00, 0x00,
    0x00, 0x00, 0x00, 0x00, 0x00, 0x00, 0x00, 0x00, 0x00, 0x00, 0x00, 0x06, 0x06, 0x03, 0x06, 0x0A, 0x0A, 0x0A, 0x06, 0x06, 0x06, 0x09, 0x06, 0x00, 0x00, 0x00, 0x00, 0x00, 0x00, 0x00, 0x00, 0x00, 0x00, 0x00, 0x00, 0x00,
    0x00, 0x00, 0x00, 0x00, 0x00, 0x00, 0x00, 0x00, 0x00, 0x00, 0x00, 0x06, 0x06, 0x06, 0x06, 0x03, 0x06, 0x06, 0x06, 0x0A, 0x0A, 0x06, 0x09, 0x00, 0x00, 0x00, 0x00, 0x00, 0x00, 0x00, 0x00, 0x00, 0x00, 0x00, 0x00, 0x00,
    0x00, 0x00, 0x00, 0x00, 0x00, 0x00, 0x00, 0x00, 0x00, 0x00, 0x00, 0x00, 0x06, 0x06, 0x0A, 0x06, 0x06, 0x09, 0x06, 0x0A, 0x06, 0x09, 0x09, 0x0A, 0x00, 0x00, 0x00, 0x00, 0x00, 0x00, 0x00, 0x00, 0x00, 0x00, 0x00, 0x00,
    0x00, 0x00, 0x00, 0x00, 0x00, 0x00, 0x00, 0x00, 0x00, 0x0A, 0x0A, 0x00, 0x06, 0x09, 0x06, 0x06, 0x06, 0x06, 0x00, 0x0A, 0x06, 0x09, 0x09, 0x00, 0x00, 0x00, 0x00, 0x00, 0x00, 0x00, 0x00, 0x00, 0x00, 0x00, 0x00, 0x00,
    0x00, 0x00, 0x00, 0x00, 0x00, 0x00, 0x00, 0x00, 0x00, 0x00, 0x00, 0x00, 0x00, 0x06, 0x00, 0x06, 0x06, 0x06, 0x00, 0x00, 0x0A, 0x09, 0x09, 0x00, 0x0A, 0x00, 0x00, 0x00, 0x00, 0x00, 0x00, 0x00, 0x00, 0x00, 0x00, 0x00,
    0x00, 0x00, 0x00, 0x00, 0x00, 0x00, 0x00, 0x00, 0x00, 0x00, 0x00, 0x00, 0x00, 0x06, 0x00, 0x06, 0x06, 0x06, 0x00, 0x00, 0x0A, 0x06, 0x06, 0x00, 0x00, 0x00, 0x00, 0x00, 0x00, 0x00, 0x00, 0x00, 0x00, 0x00, 0x00, 0x00,
    0x00, 0x00, 0x00, 0x00, 0x00, 0x00, 0x00, 0x00, 0x00, 0x00, 0x00, 0x00, 0x00, 0x00, 0x00, 0x06, 0x06, 0x06, 0x00, 0x00, 0x0A, 0x06, 0x06, 0x00, 0x00, 0x00, 0x00, 0x00, 0x00, 0x00, 0x00, 0x00, 0x00, 0x00, 0x00, 0x00,
    0x00, 0x00, 0x00, 0x00, 0x00, 0x00, 0x00, 0x00, 0x00, 0x00, 0x00, 0x00, 0x00, 0x00, 0x00, 0x06, 0x06, 0x09, 0x00, 0x00, 0x0A, 0x00, 0x00, 0x00, 0x00, 0x00, 0x00, 0x00, 0x00, 0x00, 0x00, 0x00, 0x00, 0x00, 0x00, 0x00,
    0x00, 0x00, 0x00, 0x00, 0x00, 0x00, 0x00, 0x00, 0x00, 0x00, 0x00, 0x00, 0x00, 0x00, 0x00, 0x00, 0x06, 0x09, 0x00, 0x00, 0x00, 0x00, 0x00, 0x00, 0x00, 0x00, 0x00, 0x00, 0x00, 0x00, 0x00, 0x00, 0x00, 0x00, 0x00, 0x00,
    0x00, 0x00, 0x00, 0x00, 0x00, 0x00, 0x00, 0x00, 0x00, 0x00, 0x00, 0x00, 0x00, 0x00, 0x00, 0x00, 0x06, 0x09, 0x00, 0x00, 0x00, 0x00, 0x00, 0x00, 0x00, 0x00, 0x00, 0x00, 0x00, 0x00, 0x00, 0x00, 0x00, 0x00, 0x00, 0x00,
};

// Fireball Explosion Blast Frame 2
constexpr int EXPLOSION_2_W = 36;
constexpr int EXPLOSION_2_H = 48;
static const uint16_t EXPLOSION_2_PAL[10] PROGMEM = {
    0x0000, 0x3942, 0x28C1, 0x6000, 0x49C4, 0x6AC8, 0x9140, 0x838B, 0xD304, 0xBA41,
};
static const uint8_t EXPLOSION_2_PIXELS[1728] PROGMEM = {
    0x00, 0x00, 0x00, 0x00, 0x00, 0x00, 0x00, 0x00, 0x00, 0x01, 0x01, 0x01, 0x01, 0x01, 0x00, 0x00, 0x00, 0x00, 0x00, 0x00, 0x00, 0x00, 0x01, 0x02, 0x02, 0x02, 0x01, 0x01, 0x00, 0x00, 0x00, 0x00, 0x00, 0x00, 0x00, 0x00,
    0x00, 0x00, 0x00, 0x00, 0x00, 0x00, 0x02, 0x02, 0x02, 0x02, 0x03, 0x03, 0x03, 0x02, 0x02, 0x01, 0x01, 0x03, 0x03, 0x03, 0x03, 0x03, 0x03, 0x02, 0x03, 0x02, 0x02, 0x02, 0x02, 0x02, 0x01, 0x00, 0x00, 0x00, 0x00, 0x00,
    0x00, 0x00, 0x00, 0x00, 0x00, 0x01, 0x02, 0x03, 0x03, 0x01, 0x04, 0x04, 0x04, 0x04, 0x01, 0x02, 0x02, 0x03, 0x03, 0x03, 0x02, 0x01, 0x04, 0x05, 0x05, 0x05, 0x04, 0x04, 0x02, 0x06, 0x02, 0x01, 0x00, 0x00, 0x00, 0x00,
    0x00, 0x00, 0x00, 0x00, 0x00, 0x02, 0x02, 0x04, 0x04, 0x04, 0x04, 0x04, 0x04, 0x04, 0x04, 0x02, 0x02, 0x02, 0x02, 0x02, 0x01, 0x04, 0x04, 0x04, 0x04, 0x04, 0x05, 0x05, 0x01, 0x02, 0x02, 0x01, 0x00, 0x00, 0x00, 0x00,
    0x00, 0x00, 0x00, 0x01, 0x01, 0x05, 0x07, 0x07, 0x07, 0x05, 0x01, 0x02, 0x02, 0x02, 0x01, 0x01, 0x01, 0x02, 0x02, 0x02, 0x02, 0x02, 0x01, 0x04, 0x04, 0x04, 0x04, 0x04, 0x04, 0x01, 0x02, 0x01, 0x01, 0x01, 0x00, 0x00,
    0x00, 0x00, 0x00, 0x01, 0x01, 0x07, 0x07, 0x07, 0x07, 0x05, 0x02, 0x02, 0x02, 0x01, 0x01, 0x02, 0x02, 0x02, 0x03, 0x03, 0x03, 0x03, 0x02, 0x01, 0x04, 0x04, 0x04, 0x04, 0x04, 0x01, 0x02, 0x02, 0x02, 0x01, 0x00, 0x00,
    0x00, 0x00, 0x01, 0x04, 0x04, 0x04, 0x04, 0x05, 0x04, 0x04, 0x01, 0x02, 0x03, 0x03, 0x03, 0x06, 0x06, 0x08, 0x09, 0x09, 0x06, 0x06, 0x06, 0x03, 0x02, 0x02, 0x02, 0x02, 0x02, 0x02, 0x03, 0x06, 0x03, 0x03, 0x01, 0x00,
    0x00, 0x04, 0x05, 0x07, 0x07, 0x05, 0x05, 0x01, 0x01, 0x02, 0x06, 0x06, 0x09, 0x09, 0x09, 0x06, 0x06, 0x09, 0x03, 0x03, 0x06, 0x09, 0x09, 0x08, 0x09, 0x09, 0x06, 0x06, 0x03, 0x02, 0x03, 0x06, 0x06, 0x06, 0x01, 0x01,
    0x01, 0x05, 0x05, 0x05, 0x05, 0x05, 0x05, 0x02, 0x03, 0x03, 0x09, 0x08, 0x06, 0x06, 0x06, 0x06, 0x06, 0x06, 0x03, 0x03, 0x09, 0x08, 0x08, 0x09, 0x09, 0x09, 0x03, 0x06, 0x06, 0x06, 0x02, 0x03, 0x03, 0x03, 0x01, 0x02,
    0x01, 0x04, 0x04, 0x04, 0x01, 0x01, 0x01, 0x03, 0x03, 0x06, 0x08, 0x09, 0x06, 0x06, 0x06, 0x06, 0x06, 0x09, 0x09, 0x03, 0x03, 0x06, 0x06, 0x03, 0x03, 0x06, 0x02, 0x02, 0x03, 0x06, 0x02, 0x02, 0x02, 0x02, 0x01, 0x00,
    0x00, 0x04, 0x04, 0x01, 0x04, 0x04, 0x02, 0x03, 0x03, 0x06, 0x08, 0x09, 0x06, 0x06, 0x03, 0x03, 0x03, 0x09, 0x09, 0x03, 0x03, 0x09, 0x06, 0x03, 0x03, 0x03, 0x02, 0x02, 0x03, 0x06, 0x02, 0x01, 0x02, 0x02, 0x01, 0x01,
    0x00, 0x02, 0x04, 0x04, 0x04, 0x02, 0x02, 0x03, 0x06, 0x06, 0x06, 0x06, 0x06, 0x06, 0x03, 0x02, 0x02, 0x02, 0x03, 0x01, 0x03, 0x03, 0x03, 0x01, 0x01, 0x01, 0x02, 0x01, 0x03, 0x02, 0x02, 0x01, 0x04, 0x05, 0x05, 0x04,
    0x00, 0x04, 0x04, 0x02, 0x02, 0x02, 0x02, 0x03, 0x03, 0x06, 0x09, 0x09, 0x09, 0x06, 0x03, 0x02, 0x02, 0x04, 0x04, 0x05, 0x01, 0x02, 0x01, 0x04, 0x04, 0x01, 0x01, 0x01, 0x01, 0x01, 0x02, 0x04, 0x05, 0x05, 0x05, 0x04,
    0x02, 0x04, 0x04, 0x02, 0x03, 0x02, 0x02, 0x02, 0x03, 0x03, 0x06, 0x06, 0x03, 0x03, 0x02, 0x02, 0x04, 0x04, 0x04, 0x05, 0x05, 0x04, 0x01, 0x01, 0x01, 0x02, 0x01, 0x01, 0x01, 0x01, 0x01, 0x01, 0x04, 0x04, 0x04, 0x01,
    0x02, 0x04, 0x02, 0x02, 0x02, 0x02, 0x02, 0x01, 0x01, 0x02, 0x03, 0x03, 0x03, 0x03, 0x02, 0x05, 0x07, 0x05, 0x05, 0x04, 0x04, 0x04, 0x01, 0x02, 0x02, 0x01, 0x01, 0x02, 0x01, 0x02, 0x01, 0x01, 0x04, 0x04, 0x01, 0x02,
    0x02, 0x01, 0x04, 0x04, 0x04, 0x04, 0x01, 0x01, 0x01, 0x01, 0x04, 0x02, 0x02, 0x02, 0x04, 0x07, 0x07, 0x05, 0x05, 0x01, 0x01, 0x01, 0x03, 0x02, 0x02, 0x04, 0x05, 0x05, 0x04, 0x04, 0x04, 0x02, 0x03, 0x02, 0x00, 0x00,
    0x02, 0x05, 0x05, 0x05, 0x07, 0x05, 0x04, 0x05, 0x05, 0x07, 0x07, 0x07, 0x07, 0x05, 0x01, 0x04, 0x04, 0x01, 0x01, 0x01, 0x03, 0x02, 0x02, 0x04, 0x05, 0x07, 0x07, 0x07, 0x05, 0x05, 0x05, 0x02, 0x04, 0x04, 0x01, 0x02,
    0x00, 0x04, 0x05, 0x05, 0x05, 0x07, 0x07, 0x07, 0x07, 0x07, 0x07, 0x07, 0x07, 0x07, 0x01, 0x01, 0x02, 0x02, 0x02, 0x01, 0x01, 0x01, 0x01, 0x04, 0x05, 0x05, 0x05, 0x05, 0x05, 0x04, 0x04, 0x01, 0x04, 0x04, 0x04, 0x01,
    0x00, 0x02, 0x04, 0x04, 0x04, 0x05, 0x05, 0x07, 0x07, 0x07, 0x07, 0x07, 0x05, 0x04, 0x01, 0x01, 0x02, 0x01, 0x03, 0x04, 0x05, 0x04, 0x04, 0x01, 0x04, 0x04, 0x04, 0x04, 0x04, 0x04, 0x01, 0x01, 0x04, 0x04, 0x01, 0x00,
    0x00, 0x01, 0x01, 0x04, 0x04, 0x05, 0x05, 0x05, 0x05, 0x05, 0x05, 0x05, 0x04, 0x04, 0x01, 0x01, 0x02, 0x03, 0x05, 0x05, 0x05, 0x05, 0x05, 0x04, 0x04, 0x04, 0x04, 0x04, 0x01, 0x01, 0x04, 0x01, 0x04, 0x04, 0x01, 0x00,
    0x00, 0x00, 0x00, 0x01, 0x01, 0x01, 0x01, 0x04, 0x04, 0x04, 0x05, 0x05, 0x04, 0x01, 0x04, 0x05, 0x05, 0x04, 0x04, 0x05, 0x04, 0x04, 0x04, 0x04, 0x04, 0x04, 0x05, 0x04, 0x04, 0x01, 0x01, 0x02, 0x02, 0x02, 0x00, 0x00,
    0x00, 0x00, 0x02, 0x04, 0x05, 0x04, 0x04, 0x02, 0x02, 0x02, 0x04, 0x04, 0x04, 0x04, 0x05, 0x05, 0x05, 0x04, 0x04, 0x01, 0x04, 0x04, 0x04, 0x05, 0x05, 0x07, 0x07, 0x05, 0x04, 0x04, 0x04, 0x01, 0x00, 0x00, 0x00, 0x00,
    0x00, 0x00, 0x02, 0x05, 0x07, 0x07, 0x05, 0x04, 0x04, 0x02, 0x01, 0x01, 0x01, 0x01, 0x04, 0x04, 0x04, 0x01, 0x01, 0x02, 0x04, 0x05, 0x05, 0x07, 0x07, 0x07, 0x07, 0x07, 0x05, 0x04, 0x01, 0x02, 0x02, 0x00, 0x00, 0x00,
    0x00, 0x00, 0x00, 0x04, 0x05, 0x05, 0x05, 0x04, 0x02, 0x02, 0x01, 0x01, 0x04, 0x05, 0x05, 0x05, 0x05, 0x05, 0x04, 0x01, 0x05, 0x07, 0x05, 0x07, 0x07, 0x07, 0x07, 0x07, 0x05, 0x05, 0x01, 0x01, 0x02, 0x00, 0x00, 0x00,
    0x00, 0x00, 0x00, 0x02, 0x04, 0x05, 0x05, 0x04, 0x02, 0x02, 0x01, 0x01, 0x05, 0x07, 0x07, 0x05, 0x05, 0x04, 0x04, 0x01, 0x05, 0x05, 0x05, 0x07, 0x07, 0x07, 0x07, 0x07, 0x04, 0x04, 0x01, 0x01, 0x02, 0x00, 0x00, 0x00,
    0x00, 0x00, 0x00, 0x02, 0x02, 0x04, 0x04, 0x04, 0x04, 0x04, 0x01, 0x01, 0x04, 0x07, 0x07, 0x07, 0x07, 0x04, 0x02, 0x01, 0x01, 0x04, 0x04, 0x05, 0x05, 0x05, 0x05, 0x05, 0x04, 0x04, 0x02, 0x02, 0x00, 0x00, 0x00, 0x00,
    0x00, 0x00, 0x00, 0x00, 0x02, 0x04, 0x04, 0x04, 0x04, 0x04, 0x01, 0x01, 0x01, 0x01, 0x04, 0x04, 0x04, 0x02, 0x01, 0x01, 0x02, 0x01, 0x01, 0x04, 0x04, 0x04, 0x04, 0x04, 0x01, 0x01, 0x02, 0x00, 0x00, 0x00, 0x00, 0x00,
    0x00, 0x00, 0x00, 0x00, 0x00, 0x02, 0x02, 0x04, 0x04, 0x04, 0x01, 0x01, 0x01, 0x01, 0x01, 0x01, 0x01, 0x02, 0x01, 0x01, 0x02, 0x01, 0x01, 0x04, 0x04, 0x04, 0x04, 0x04, 0x02, 0x02, 0x00, 0x00, 0x00, 0x00, 0x00, 0x00,
    0x00, 0x00, 0x00, 0x00, 0x00, 0x00, 0x00, 0x02, 0x02, 0x01, 0x01, 0x01, 0x01, 0x02, 0x02, 0x02, 0x02, 0x02, 0x02, 0x03, 0x02, 0x01, 0x01, 0x01, 0x01, 0x01, 0x01, 0x01, 0x00, 0x00, 0x00, 0x00, 0x00, 0x00, 0x00, 0x00,
    0x00, 0x00, 0x00, 0x00, 0x00, 0x00, 0x00, 0x01, 0x04, 0x04, 0x02, 0x02, 0x02, 0x02, 0x03, 0x03, 0x03, 0x03, 0x03, 0x02, 0x02, 0x02, 0x02, 0x02, 0x01, 0x01, 0x01, 0x02, 0x00, 0x00, 0x00, 0x00, 0x00, 0x00, 0x00, 0x00,
    0x00, 0x00, 0x00, 0x00, 0x00, 0x00, 0x00, 0x01, 0x01, 0x04, 0x04, 0x04, 0x01, 0x02, 0x02, 0x02, 0x02, 0x03, 0x03, 0x02, 0x02, 0x02, 0x02, 0x02, 0x02, 0x01, 0x02, 0x00, 0x00, 0x00, 0x00, 0x00, 0x00, 0x00, 0x00, 0x00,
    0x00, 0x00, 0x00, 0x00, 0x00, 0x00, 0x00, 0x00, 0x01, 0x04, 0x04, 0x04, 0x04, 0x01, 0x01, 0x02, 0x02, 0x02, 0x02, 0x02, 0x02, 0x01, 0x01, 0x02, 0x02, 0x02, 0x02, 0x02, 0x00, 0x00, 0x00, 0x00, 0x00, 0x00, 0x00, 0x00,
    0x00, 0x00, 0x00, 0x00, 0x00, 0x00, 0x00, 0x00, 0x01, 0x04, 0x05, 0x04, 0x04, 0x01, 0x01, 0x02, 0x02, 0x02, 0x02, 0x02, 0x02, 0x01, 0x01, 0x02, 0x02, 0x02, 0x02, 0x02, 0x00, 0x00, 0x00, 0x00, 0x00, 0x00, 0x00, 0x00,
    0x00, 0x00, 0x00, 0x00, 0x00, 0x00, 0x00, 0x00, 0x01, 0x04, 0x05, 0x04, 0x04, 0x01, 0x02, 0x02, 0x02, 0x02, 0x02, 0x03, 0x02, 0x01, 0x01, 0x02, 0x02, 0x02, 0x02, 0x00, 0x00, 0x00, 0x00, 0x00, 0x00, 0x00, 0x00, 0x00,
    0x00, 0x00, 0x00, 0x00, 0x00, 0x00, 0x00, 0x00, 0x00, 0x04, 0x05, 0x04, 0x04, 0x01, 0x02, 0x02, 0x02, 0x03, 0x02, 0x02, 0x02, 0x01, 0x02, 0x02, 0x02, 0x02, 0x02, 0x00, 0x00, 0x00, 0x00, 0x00, 0x00, 0x00, 0x00, 0x00,
    0x00, 0x00, 0x00, 0x00, 0x00, 0x00, 0x00, 0x00, 0x00, 0x00, 0x04, 0x05, 0x04, 0x01, 0x01, 0x01, 0x01, 0x02, 0x02, 0x02, 0x01, 0x01, 0x02, 0x02, 0x02, 0x00, 0x00, 0x00, 0x00, 0x00, 0x00, 0x00, 0x00, 0x00, 0x00, 0x00,
    0x00, 0x00, 0x00, 0x00, 0x00, 0x00, 0x00, 0x00, 0x00, 0x00, 0x00, 0x04, 0x05, 0x01, 0x01, 0x01, 0x01, 0x02, 0x03, 0x04, 0x01, 0x04, 0x01, 0x02, 0x00, 0x00, 0x00, 0x00, 0x00, 0x00, 0x00, 0x00, 0x00, 0x00, 0x00, 0x00,
    0x00, 0x00, 0x00, 0x00, 0x00, 0x00, 0x00, 0x00, 0x02, 0x00, 0x00, 0x00, 0x01, 0x01, 0x01, 0x01, 0x01, 0x04, 0x05, 0x04, 0x01, 0x04, 0x01, 0x00, 0x00, 0x00, 0x00, 0x00, 0x00, 0x00, 0x00, 0x00, 0x00, 0x00, 0x00, 0x00,
    0x00, 0x00, 0x00, 0x00, 0x00, 0x00, 0x00, 0x00, 0x00, 0x00, 0x00, 0x00, 0x00, 0x01, 0x01, 0x01, 0x01, 0x04, 0x05, 0x05, 0x01, 0x04, 0x01, 0x00, 0x00, 0x00, 0x00, 0x00, 0x00, 0x00, 0x00, 0x00, 0x00, 0x00, 0x00, 0x00,
    0x00, 0x00, 0x00, 0x00, 0x00, 0x00, 0x00, 0x00, 0x00, 0x00, 0x00, 0x00, 0x00, 0x00, 0x01, 0x01, 0x04, 0x05, 0x05, 0x05, 0x01, 0x05, 0x04, 0x00, 0x00, 0x00, 0x00, 0x00, 0x00, 0x00, 0x00, 0x00, 0x00, 0x00, 0x00, 0x00,
    0x00, 0x00, 0x00, 0x00, 0x00, 0x00, 0x00, 0x00, 0x00, 0x00, 0x00, 0x00, 0x00, 0x00, 0x00, 0x01, 0x01, 0x04, 0x01, 0x02, 0x02, 0x05, 0x04, 0x00, 0x00, 0x00, 0x02, 0x00, 0x00, 0x00, 0x00, 0x00, 0x00, 0x00, 0x00, 0x00,
    0x00, 0x00, 0x00, 0x00, 0x00, 0x00, 0x00, 0x00, 0x00, 0x00, 0x00, 0x02, 0x00, 0x00, 0x00, 0x00, 0x01, 0x04, 0x01, 0x00, 0x02, 0x01, 0x04, 0x00, 0x00, 0x00, 0x02, 0x00, 0x00, 0x00, 0x00, 0x00, 0x00, 0x00, 0x00, 0x00,
    0x00, 0x00, 0x00, 0x00, 0x00, 0x00, 0x00, 0x00, 0x00, 0x00, 0x00, 0x00, 0x02, 0x00, 0x00, 0x00, 0x02, 0x04, 0x01, 0x00, 0x00, 0x04, 0x04, 0x00, 0x00, 0x00, 0x00, 0x00, 0x00, 0x00, 0x00, 0x00, 0x00, 0x00, 0x00, 0x00,
    0x00, 0x00, 0x00, 0x00, 0x00, 0x00, 0x00, 0x00, 0x00, 0x00, 0x00, 0x00, 0x00, 0x00, 0x00, 0x00, 0x00, 0x04, 0x01, 0x00, 0x01, 0x01, 0x04, 0x00, 0x00, 0x00, 0x00, 0x00, 0x00, 0x00, 0x00, 0x00, 0x00, 0x00, 0x00, 0x00,
    0x00, 0x00, 0x00, 0x00, 0x00, 0x00, 0x00, 0x00, 0x00, 0x00, 0x00, 0x00, 0x00, 0x00, 0x00, 0x00, 0x00, 0x04, 0x01, 0x00, 0x00, 0x01, 0x00, 0x00, 0x00, 0x00, 0x00, 0x00, 0x00, 0x00, 0x00, 0x00, 0x00, 0x00, 0x00, 0x00,
    0x00, 0x00, 0x00, 0x00, 0x00, 0x00, 0x00, 0x00, 0x00, 0x00, 0x00, 0x00, 0x00, 0x00, 0x00, 0x00, 0x00, 0x04, 0x01, 0x00, 0x02, 0x00, 0x04, 0x00, 0x00, 0x00, 0x00, 0x00, 0x00, 0x00, 0x00, 0x00, 0x00, 0x00, 0x00, 0x00,
    0x00, 0x00, 0x00, 0x00, 0x00, 0x00, 0x00, 0x00, 0x00, 0x00, 0x00, 0x00, 0x00, 0x00, 0x00, 0x00, 0x00, 0x01, 0x02, 0x00, 0x02, 0x00, 0x00, 0x00, 0x00, 0x00, 0x00, 0x00, 0x00, 0x00, 0x00, 0x00, 0x00, 0x00, 0x00, 0x00,
    0x00, 0x00, 0x00, 0x00, 0x00, 0x00, 0x00, 0x00, 0x00, 0x00, 0x00, 0x00, 0x00, 0x00, 0x00, 0x00, 0x00, 0x00, 0x02, 0x00, 0x00, 0x00, 0x00, 0x00, 0x00, 0x00, 0x00, 0x00, 0x00, 0x00, 0x00, 0x00, 0x00, 0x00, 0x00, 0x00,
};

// Fireball Explosion Blast Frame 3
constexpr int EXPLOSION_3_W = 36;
constexpr int EXPLOSION_3_H = 48;
static const uint16_t EXPLOSION_3_PAL[6] PROGMEM = {
    0x0000, 0x3942, 0x49C4, 0x838B, 0x6AC8, 0x28C1,
};
static const uint8_t EXPLOSION_3_PIXELS[1728] PROGMEM = {
    0x00, 0x00, 0x00, 0x00, 0x00, 0x00, 0x00, 0x00, 0x00, 0x00, 0x00, 0x00, 0x00, 0x01, 0x01, 0x01, 0x01, 0x00, 0x00, 0x00, 0x00, 0x00, 0x00, 0x00, 0x00, 0x00, 0x00, 0x00, 0x00, 0x00, 0x00, 0x00, 0x00, 0x00, 0x00, 0x00,
    0x00, 0x00, 0x00, 0x00, 0x00, 0x00, 0x00, 0x00, 0x00, 0x00, 0x01, 0x02, 0x02, 0x02, 0x03, 0x03, 0x03, 0x04, 0x04, 0x02, 0x05, 0x01, 0x01, 0x04, 0x04, 0x02, 0x01, 0x05, 0x00, 0x00, 0x00, 0x00, 0x00, 0x00, 0x00, 0x00,
    0x00, 0x00, 0x00, 0x00, 0x00, 0x00, 0x01, 0x01, 0x01, 0x05, 0x04, 0x02, 0x02, 0x04, 0x03, 0x03, 0x03, 0x03, 0x03, 0x02, 0x05, 0x05, 0x05, 0x02, 0x04, 0x04, 0x01, 0x01, 0x00, 0x00, 0x00, 0x00, 0x00, 0x00, 0x00, 0x00,
    0x00, 0x00, 0x00, 0x00, 0x00, 0x02, 0x02, 0x02, 0x02, 0x01, 0x02, 0x01, 0x04, 0x04, 0x03, 0x03, 0x03, 0x03, 0x03, 0x03, 0x02, 0x01, 0x01, 0x05, 0x01, 0x01, 0x01, 0x01, 0x05, 0x05, 0x05, 0x00, 0x00, 0x00, 0x00, 0x00,
    0x00, 0x00, 0x00, 0x01, 0x02, 0x04, 0x04, 0x04, 0x04, 0x04, 0x01, 0x02, 0x03, 0x03, 0x03, 0x03, 0x04, 0x04, 0x02, 0x04, 0x04, 0x04, 0x04, 0x04, 0x02, 0x02, 0x01, 0x01, 0x05, 0x05, 0x02, 0x02, 0x01, 0x05, 0x00, 0x00,
    0x00, 0x00, 0x00, 0x02, 0x02, 0x02, 0x03, 0x03, 0x03, 0x03, 0x01, 0x02, 0x03, 0x03, 0x03, 0x03, 0x02, 0x02, 0x02, 0x02, 0x04, 0x03, 0x03, 0x04, 0x04, 0x02, 0x01, 0x01, 0x05, 0x05, 0x01, 0x02, 0x02, 0x01, 0x00, 0x00,
    0x00, 0x00, 0x00, 0x02, 0x02, 0x03, 0x03, 0x03, 0x03, 0x03, 0x01, 0x02, 0x04, 0x03, 0x03, 0x03, 0x01, 0x02, 0x02, 0x03, 0x03, 0x03, 0x03, 0x04, 0x04, 0x02, 0x01, 0x05, 0x02, 0x04, 0x04, 0x04, 0x02, 0x01, 0x00, 0x00,
    0x00, 0x00, 0x00, 0x01, 0x01, 0x03, 0x03, 0x03, 0x03, 0x03, 0x04, 0x02, 0x02, 0x04, 0x04, 0x04, 0x01, 0x02, 0x02, 0x03, 0x03, 0x03, 0x03, 0x04, 0x04, 0x02, 0x05, 0x01, 0x04, 0x03, 0x03, 0x03, 0x02, 0x02, 0x05, 0x00,
    0x00, 0x00, 0x05, 0x01, 0x01, 0x03, 0x03, 0x03, 0x03, 0x03, 0x03, 0x04, 0x02, 0x02, 0x02, 0x02, 0x01, 0x02, 0x04, 0x04, 0x04, 0x04, 0x03, 0x02, 0x02, 0x01, 0x01, 0x05, 0x04, 0x02, 0x03, 0x03, 0x03, 0x03, 0x01, 0x05,
    0x00, 0x00, 0x05, 0x01, 0x01, 0x02, 0x02, 0x03, 0x03, 0x03, 0x03, 0x04, 0x02, 0x02, 0x05, 0x05, 0x05, 0x03, 0x03, 0x04, 0x04, 0x02, 0x02, 0x04, 0x04, 0x04, 0x01, 0x01, 0x04, 0x02, 0x03, 0x03, 0x04, 0x03, 0x01, 0x05,
    0x00, 0x02, 0x04, 0x04, 0x04, 0x01, 0x01, 0x04, 0x04, 0x03, 0x03, 0x04, 0x02, 0x02, 0x05, 0x01, 0x01, 0x03, 0x03, 0x03, 0x04, 0x02, 0x02, 0x02, 0x02, 0x04, 0x01, 0x05, 0x04, 0x02, 0x04, 0x04, 0x02, 0x04, 0x01, 0x05,
    0x01, 0x03, 0x03, 0x03, 0x03, 0x01, 0x01, 0x02, 0x02, 0x02, 0x04, 0x04, 0x02, 0x02, 0x02, 0x02, 0x04, 0x03, 0x03, 0x03, 0x04, 0x02, 0x02, 0x01, 0x01, 0x01, 0x01, 0x01, 0x02, 0x02, 0x01, 0x01, 0x02, 0x02, 0x05, 0x00,
    0x01, 0x03, 0x03, 0x03, 0x03, 0x02, 0x02, 0x01, 0x02, 0x02, 0x04, 0x04, 0x04, 0x04, 0x02, 0x02, 0x02, 0x03, 0x03, 0x03, 0x04, 0x02, 0x02, 0x01, 0x01, 0x01, 0x01, 0x05, 0x01, 0x01, 0x05, 0x01, 0x02, 0x01, 0x00, 0x00,
    0x01, 0x03, 0x03, 0x03, 0x04, 0x02, 0x02, 0x02, 0x02, 0x04, 0x03, 0x03, 0x03, 0x03, 0x04, 0x04, 0x02, 0x02, 0x02, 0x02, 0x02, 0x02, 0x02, 0x02, 0x01, 0x05, 0x05, 0x01, 0x05, 0x05, 0x01, 0x02, 0x04, 0x03, 0x05, 0x00,
    0x01, 0x04, 0x03, 0x03, 0x04, 0x01, 0x01, 0x02, 0x02, 0x04, 0x03, 0x03, 0x03, 0x03, 0x03, 0x04, 0x04, 0x02, 0x03, 0x02, 0x02, 0x02, 0x02, 0x01, 0x05, 0x01, 0x01, 0x05, 0x01, 0x01, 0x02, 0x02, 0x04, 0x04, 0x05, 0x00,
    0x01, 0x04, 0x04, 0x04, 0x04, 0x01, 0x01, 0x02, 0x02, 0x02, 0x04, 0x03, 0x03, 0x04, 0x04, 0x04, 0x04, 0x02, 0x04, 0x04, 0x02, 0x02, 0x02, 0x01, 0x05, 0x01, 0x02, 0x01, 0x02, 0x04, 0x04, 0x02, 0x02, 0x04, 0x05, 0x00,
    0x00, 0x01, 0x01, 0x02, 0x02, 0x02, 0x02, 0x01, 0x01, 0x01, 0x02, 0x04, 0x04, 0x04, 0x02, 0x02, 0x02, 0x02, 0x02, 0x01, 0x01, 0x01, 0x01, 0x05, 0x01, 0x02, 0x04, 0x02, 0x02, 0x04, 0x03, 0x03, 0x03, 0x04, 0x02, 0x01,
    0x00, 0x01, 0x05, 0x01, 0x02, 0x02, 0x02, 0x01, 0x01, 0x05, 0x02, 0x02, 0x04, 0x02, 0x02, 0x02, 0x02, 0x04, 0x02, 0x02, 0x01, 0x01, 0x05, 0x05, 0x05, 0x02, 0x04, 0x02, 0x04, 0x04, 0x03, 0x03, 0x03, 0x04, 0x02, 0x02,
    0x00, 0x04, 0x02, 0x01, 0x01, 0x02, 0x02, 0x01, 0x01, 0x01, 0x01, 0x01, 0x01, 0x02, 0x04, 0x03, 0x03, 0x03, 0x04, 0x02, 0x02, 0x01, 0x05, 0x05, 0x01, 0x02, 0x02, 0x02, 0x02, 0x04, 0x04, 0x04, 0x04, 0x04, 0x02, 0x02,
    0x00, 0x02, 0x02, 0x01, 0x01, 0x01, 0x01, 0x01, 0x02, 0x04, 0x04, 0x04, 0x02, 0x02, 0x03, 0x03, 0x03, 0x03, 0x03, 0x04, 0x01, 0x05, 0x05, 0x05, 0x01, 0x02, 0x01, 0x01, 0x02, 0x02, 0x04, 0x04, 0x04, 0x04, 0x01, 0x02,
    0x00, 0x01, 0x02, 0x02, 0x01, 0x01, 0x01, 0x02, 0x04, 0x03, 0x03, 0x03, 0x04, 0x04, 0x04, 0x04, 0x04, 0x04, 0x04, 0x02, 0x01, 0x05, 0x05, 0x05, 0x05, 0x01, 0x05, 0x05, 0x01, 0x02, 0x02, 0x04, 0x04, 0x02, 0x01, 0x00,
    0x00, 0x01, 0x02, 0x01, 0x01, 0x05, 0x05, 0x02, 0x04, 0x04, 0x03, 0x04, 0x04, 0x04, 0x02, 0x02, 0x02, 0x04, 0x04, 0x02, 0x01, 0x05, 0x05, 0x05, 0x05, 0x05, 0x05, 0x05, 0x05, 0x01, 0x02, 0x02, 0x02, 0x04, 0x05, 0x00,
    0x00, 0x00, 0x01, 0x01, 0x01, 0x05, 0x05, 0x02, 0x02, 0x04, 0x04, 0x04, 0x04, 0x04, 0x04, 0x02, 0x02, 0x04, 0x04, 0x02, 0x02, 0x01, 0x05, 0x01, 0x05, 0x05, 0x05, 0x05, 0x05, 0x01, 0x01, 0x02, 0x02, 0x02, 0x00, 0x00,
    0x00, 0x00, 0x00, 0x00, 0x05, 0x05, 0x05, 0x01, 0x01, 0x01, 0x02, 0x04, 0x04, 0x04, 0x04, 0x04, 0x01, 0x02, 0x02, 0x01, 0x01, 0x05, 0x01, 0x02, 0x01, 0x01, 0x01, 0x01, 0x05, 0x05, 0x01, 0x05, 0x00, 0x00, 0x00, 0x00,
    0x00, 0x00, 0x00, 0x00, 0x00, 0x05, 0x01, 0x05, 0x05, 0x05, 0x02, 0x02, 0x04, 0x04, 0x04, 0x02, 0x02, 0x01, 0x01, 0x01, 0x05, 0x05, 0x01, 0x02, 0x02, 0x01, 0x05, 0x05, 0x05, 0x05, 0x00, 0x00, 0x00, 0x00, 0x00, 0x00,
    0x00, 0x00, 0x00, 0x00, 0x05, 0x00, 0x05, 0x05, 0x05, 0x05, 0x01, 0x01, 0x01, 0x02, 0x02, 0x02, 0x01, 0x01, 0x05, 0x05, 0x05, 0x01, 0x01, 0x02, 0x02, 0x02, 0x01, 0x05, 0x05, 0x00, 0x00, 0x05, 0x00, 0x00, 0x00, 0x00,
    0x00, 0x00, 0x00, 0x00, 0x00, 0x05, 0x00, 0x05, 0x05, 0x01, 0x01, 0x01, 0x01, 0x01, 0x01, 0x01, 0x01, 0x05, 0x05, 0x05, 0x01, 0x01, 0x01, 0x01, 0x02, 0x02, 0x05, 0x05, 0x05, 0x00, 0x05, 0x00, 0x00, 0x00, 0x00, 0x00,
    0x00, 0x00, 0x00, 0x00, 0x00, 0x00, 0x05, 0x00, 0x01, 0x01, 0x02, 0x05, 0x05, 0x01, 0x01, 0x01, 0x05, 0x05, 0x05, 0x05, 0x05, 0x05, 0x05, 0x01, 0x01, 0x01, 0x05, 0x05, 0x05, 0x05, 0x00, 0x00, 0x00, 0x00, 0x00, 0x00,
    0x00, 0x00, 0x00, 0x00, 0x00, 0x00, 0x00, 0x05, 0x01, 0x02, 0x01, 0x01, 0x05, 0x05, 0x05, 0x05, 0x05, 0x05, 0x05, 0x05, 0x05, 0x05, 0x05, 0x05, 0x05, 0x05, 0x05, 0x00, 0x00, 0x05, 0x00, 0x00, 0x00, 0x00, 0x00, 0x00,
    0x00, 0x00, 0x00, 0x00, 0x00, 0x00, 0x00, 0x05, 0x01, 0x01, 0x01, 0x01, 0x01, 0x05, 0x05, 0x05, 0x05, 0x05, 0x05, 0x01, 0x05, 0x05, 0x05, 0x05, 0x05, 0x00, 0x00, 0x00, 0x00, 0x00, 0x00, 0x00, 0x00, 0x00, 0x00, 0x00,
    0x00, 0x00, 0x00, 0x00, 0x00, 0x00, 0x00, 0x00, 0x00, 0x01, 0x01, 0x01, 0x01, 0x05, 0x05, 0x05, 0x05, 0x00, 0x00, 0x01, 0x05, 0x05, 0x05, 0x05, 0x05, 0x00, 0x00, 0x00, 0x00, 0x00, 0x00, 0x00, 0x00, 0x00, 0x00, 0x00,
    0x00, 0x00, 0x00, 0x00, 0x00, 0x00, 0x00, 0x05, 0x05, 0x00, 0x05, 0x05, 0x05, 0x05, 0x05, 0x05, 0x05, 0x05, 0x05, 0x05, 0x05, 0x05, 0x05, 0x05, 0x05, 0x00, 0x00, 0x05, 0x00, 0x00, 0x00, 0x00, 0x00, 0x00, 0x00, 0x00,
    0x00, 0x00, 0x00, 0x00, 0x00, 0x00, 0x00, 0x00, 0x00, 0x05, 0x00, 0x01, 0x02, 0x01, 0x01, 0x05, 0x05, 0x00, 0x00, 0x05, 0x00, 0x01, 0x01, 0x05, 0x05, 0x00, 0x05, 0x05, 0x00, 0x00, 0x00, 0x00, 0x00, 0x00, 0x00, 0x00,
    0x00, 0x00, 0x00, 0x00, 0x00, 0x00, 0x00, 0x00, 0x02, 0x00, 0x01, 0x00, 0x02, 0x01, 0x01, 0x01, 0x01, 0x00, 0x00, 0x02, 0x01, 0x01, 0x05, 0x05, 0x00, 0x00, 0x00, 0x00, 0x05, 0x00, 0x00, 0x00, 0x00, 0x00, 0x00, 0x00,
    0x00, 0x00, 0x00, 0x00, 0x00, 0x00, 0x00, 0x00, 0x00, 0x00, 0x05, 0x05, 0x01, 0x01, 0x01, 0x05, 0x05, 0x05, 0x00, 0x02, 0x01, 0x01, 0x05, 0x05, 0x00, 0x05, 0x00, 0x00, 0x00, 0x00, 0x00, 0x00, 0x00, 0x00, 0x00, 0x00,
    0x00, 0x00, 0x00, 0x00, 0x00, 0x00, 0x00, 0x00, 0x00, 0x00, 0x01, 0x00, 0x01, 0x01, 0x00, 0x01, 0x05, 0x00, 0x02, 0x00, 0x00, 0x00, 0x01, 0x05, 0x00, 0x00, 0x00, 0x00, 0x00, 0x00, 0x00, 0x00, 0x00, 0x00, 0x00, 0x00,
    0x00, 0x00, 0x00, 0x00, 0x00, 0x00, 0x00, 0x00, 0x00, 0x00, 0x00, 0x00, 0x00, 0x00, 0x00, 0x05, 0x05, 0x00, 0x00, 0x00, 0x00, 0x02, 0x01, 0x00, 0x00, 0x00, 0x00, 0x00, 0x05, 0x00, 0x00, 0x00, 0x00, 0x00, 0x00, 0x00,
    0x00, 0x00, 0x00, 0x00, 0x00, 0x00, 0x00, 0x00, 0x00, 0x00, 0x00, 0x00, 0x00, 0x00, 0x01, 0x00, 0x00, 0x00, 0x00, 0x00, 0x00, 0x02, 0x01, 0x00, 0x00, 0x00, 0x00, 0x00, 0x00, 0x00, 0x00, 0x00, 0x00, 0x00, 0x00, 0x00,
    0x00, 0x00, 0x00, 0x00, 0x00, 0x00, 0x00, 0x00, 0x00, 0x00, 0x00, 0x00, 0x00, 0x00, 0x01, 0x00, 0x01, 0x00, 0x00, 0x00, 0x01, 0x00, 0x00, 0x00, 0x02, 0x00, 0x00, 0x00, 0x00, 0x00, 0x00, 0x00, 0x00, 0x00, 0x00, 0x00,
    0x00, 0x00, 0x00, 0x00, 0x00, 0x00, 0x00, 0x00, 0x00, 0x00, 0x00, 0x00, 0x00, 0x00, 0x00, 0x01, 0x00, 0x00, 0x00, 0x00, 0x00, 0x02, 0x00, 0x00, 0x00, 0x02, 0x00, 0x00, 0x00, 0x00, 0x00, 0x00, 0x00, 0x00, 0x00, 0x00,
    0x00, 0x00, 0x00, 0x00, 0x00, 0x00, 0x00, 0x00, 0x00, 0x00, 0x00, 0x00, 0x00, 0x00, 0x00, 0x00, 0x01, 0x00, 0x00, 0x00, 0x00, 0x00, 0x00, 0x00, 0x00, 0x00, 0x00, 0x00, 0x00, 0x00, 0x00, 0x00, 0x00, 0x00, 0x00, 0x00,
    0x00, 0x00, 0x00, 0x00, 0x00, 0x00, 0x00, 0x00, 0x00, 0x00, 0x00, 0x00, 0x00, 0x00, 0x00, 0x00, 0x00, 0x00, 0x00, 0x00, 0x00, 0x00, 0x02, 0x00, 0x00, 0x00, 0x00, 0x00, 0x00, 0x00, 0x00, 0x00, 0x00, 0x00, 0x00, 0x00,
    0x00, 0x00, 0x00, 0x00, 0x00, 0x00, 0x00, 0x00, 0x00, 0x00, 0x00, 0x00, 0x00, 0x00, 0x00, 0x00, 0x00, 0x00, 0x00, 0x00, 0x00, 0x00, 0x00, 0x00, 0x00, 0x00, 0x00, 0x00, 0x00, 0x00, 0x00, 0x00, 0x00, 0x00, 0x00, 0x00,
    0x00, 0x00, 0x00, 0x00, 0x00, 0x00, 0x00, 0x00, 0x00, 0x00, 0x00, 0x00, 0x05, 0x00, 0x00, 0x00, 0x00, 0x00, 0x00, 0x00, 0x00, 0x00, 0x00, 0x00, 0x00, 0x00, 0x00, 0x00, 0x00, 0x00, 0x00, 0x00, 0x00, 0x00, 0x00, 0x00,
    0x00, 0x00, 0x00, 0x00, 0x00, 0x00, 0x00, 0x00, 0x00, 0x00, 0x00, 0x00, 0x05, 0x00, 0x00, 0x00, 0x00, 0x00, 0x00, 0x00, 0x01, 0x00, 0x00, 0x00, 0x00, 0x00, 0x00, 0x00, 0x00, 0x00, 0x00, 0x00, 0x00, 0x00, 0x00, 0x00,
    0x00, 0x00, 0x00, 0x00, 0x00, 0x00, 0x00, 0x00, 0x00, 0x00, 0x00, 0x00, 0x00, 0x00, 0x00, 0x00, 0x00, 0x00, 0x00, 0x00, 0x00, 0x00, 0x00, 0x00, 0x00, 0x00, 0x00, 0x00, 0x00, 0x00, 0x00, 0x00, 0x00, 0x00, 0x00, 0x00,
    0x00, 0x00, 0x00, 0x00, 0x00, 0x00, 0x00, 0x00, 0x00, 0x00, 0x00, 0x00, 0x00, 0x00, 0x00, 0x00, 0x00, 0x00, 0x00, 0x00, 0x00, 0x00, 0x00, 0x00, 0x00, 0x00, 0x00, 0x00, 0x00, 0x00, 0x00, 0x00, 0x00, 0x00, 0x00, 0x00,
    0x00, 0x00, 0x00, 0x00, 0x00, 0x00, 0x00, 0x00, 0x00, 0x00, 0x00, 0x00, 0x00, 0x00, 0x00, 0x00, 0x00, 0x00, 0x00, 0x00, 0x05, 0x00, 0x00, 0x00, 0x00, 0x00, 0x00, 0x00, 0x00, 0x00, 0x00, 0x00, 0x00, 0x00, 0x00, 0x00,
};


struct PalettedSprite {
    const uint16_t* palette;
    const uint8_t* pixels;
    int w;
    int h;
};

static const PalettedSprite EXPLOSION_SPRITES[4] = {
    { EXPLOSION_0_PAL, EXPLOSION_0_PIXELS, EXPLOSION_0_W, EXPLOSION_0_H },
    { EXPLOSION_1_PAL, EXPLOSION_1_PIXELS, EXPLOSION_1_W, EXPLOSION_1_H },
    { EXPLOSION_2_PAL, EXPLOSION_2_PIXELS, EXPLOSION_2_W, EXPLOSION_2_H },
    { EXPLOSION_3_PAL, EXPLOSION_3_PIXELS, EXPLOSION_3_W, EXPLOSION_3_H }
};

} // namespace MetalSlugAssets

#endif // !HARDWARE_PROFILE_ESP32_DEV

#endif // METALSLUGASSETS_H
