#ifndef STREETFIGHTERASSETS_H
#define STREETFIGHTERASSETS_H

#include <Arduino.h>

/**
 * Official Street Fighter Animated Artwork & Sprites:
 * - 4-Frame Idle Breathing Cycle for Ryu & Ken (Suzaku Castle Rooftop)
 * - Ryu Hadouken Windup & Thrust Attack Pose
 * - Ken Hit / Recoil Impact Pose
 * - Authentic 12x10 Hadouken Plasma Energy Projectile
 * - 12x12 Dynamic Hit Spark Impact
 * - 8-Bit Chibi Ryu & Ken with Punch & Recoil poses (SFxMM)
 * - 32x32 SF2 Turbo Arcade Portraits
 * Stored in Flash PROGMEM (RGB565, MASK = 0x000E).
 */

namespace StreetFighterAssets {

constexpr uint16_t MASK = 0x000E;

// 3x5 Arcade Font for Digits 0..9 and ':'
static const uint8_t ARCADE_FONT_3x5[11][5] = {
    { 0x07, 0x05, 0x05, 0x05, 0x07 }, // '0'
    { 0x02, 0x06, 0x02, 0x02, 0x07 }, // '1'
    { 0x07, 0x01, 0x07, 0x04, 0x07 }, // '2'
    { 0x07, 0x01, 0x07, 0x01, 0x07 }, // '3'
    { 0x05, 0x05, 0x07, 0x01, 0x01 }, // '4'
    { 0x07, 0x04, 0x07, 0x01, 0x07 }, // '5'
    { 0x07, 0x04, 0x07, 0x05, 0x07 }, // '6'
    { 0x07, 0x01, 0x02, 0x02, 0x02 }, // '7'
    { 0x07, 0x05, 0x07, 0x05, 0x07 }, // '8'
    { 0x07, 0x05, 0x07, 0x01, 0x07 }, // '9'
    { 0x00, 0x02, 0x00, 0x02, 0x00 }  // ':'
};

constexpr int SFXMM_RYU_W = 21;
constexpr int SFXMM_RYU_H = 24;
static const uint16_t SFXMM_RYU[504] = {
    0x000E, 0x000E, 0x000E, 0x000E, 0x000E, 0x000E, 0x0000, 0x0000, 0x0000, 0x0000, 0x0000, 0x0000, 0x0000, 0x0000, 0x000E, 0x000E, 0x000E, 0x000E, 0x000E, 0x000E, 0x000E,
    0x000E, 0x000E, 0x000E, 0x000E, 0x000E, 0x0000, 0x2103, 0x2103, 0x2103, 0x2103, 0x2103, 0x2103, 0x2103, 0x2103, 0x0000, 0x000E, 0x000E, 0x000E, 0x000E, 0x000E, 0x000E,
    0x000E, 0x000E, 0x000E, 0x000E, 0x0000, 0x2103, 0x2103, 0x2103, 0x2103, 0x2103, 0x2103, 0x2103, 0x2103, 0x2103, 0x2103, 0x0000, 0x000E, 0x000E, 0x000E, 0x000E, 0x000E,
    0x000E, 0x000E, 0x000E, 0x000E, 0x0000, 0x2103, 0x2103, 0x2103, 0x2103, 0x2103, 0x2103, 0x2103, 0x2103, 0x2103, 0x2103, 0x0000, 0x000E, 0x000E, 0x000E, 0x000E, 0x000E,
    0x000E, 0x000E, 0x000E, 0x000E, 0x0000, 0x2103, 0xE042, 0x2103, 0xE042, 0x2103, 0xE042, 0x2103, 0xE042, 0x2103, 0x2103, 0xE042, 0x0000, 0x000E, 0x000E, 0x000E, 0x000E,
    0x000E, 0x000E, 0x000E, 0x000E, 0x0000, 0xE042, 0xE042, 0xE042, 0xE042, 0xE042, 0xE042, 0xE042, 0xE042, 0xE042, 0xFDEF, 0x2103, 0xE042, 0x0000, 0x000E, 0x000E, 0x000E,
    0x000E, 0x000E, 0x000E, 0x000E, 0x0000, 0xFFFF, 0xFFFF, 0xFDEF, 0xFFFF, 0xFFFF, 0xFFFF, 0xFDEF, 0xFDEF, 0x2103, 0xFDEF, 0x2103, 0xE042, 0x0000, 0x000E, 0x000E, 0x000E,
    0x000E, 0x000E, 0x000E, 0x000E, 0x0000, 0xFFFF, 0x0000, 0xFDEF, 0x0000, 0x0000, 0xFFFF, 0xFFFF, 0xFDEF, 0xFDEF, 0xFDEF, 0x2103, 0xE042, 0x0000, 0x000E, 0x000E, 0x000E,
    0x000E, 0x000E, 0x000E, 0x000E, 0x0000, 0xFFFF, 0x0000, 0xFDEF, 0x0000, 0x0000, 0xFFFF, 0xFFFF, 0xFDEF, 0xFDEF, 0xFDEF, 0x0000, 0xE042, 0x0000, 0x000E, 0x000E, 0x000E,
    0x000E, 0x000E, 0x000E, 0x000E, 0x0000, 0xFDEF, 0xFFFF, 0xFDEF, 0xFFFF, 0xFFFF, 0xFFFF, 0xFDEF, 0xFDEF, 0xFDEF, 0x0000, 0x0000, 0x0000, 0x000E, 0x000E, 0x000E, 0x000E,
    0x000E, 0x000E, 0x000E, 0x000E, 0x000E, 0x0000, 0xFDEF, 0x0000, 0x0000, 0x0000, 0x0000, 0xFDEF, 0x0000, 0x0000, 0xDEFB, 0xDEFB, 0x0000, 0x000E, 0x000E, 0x000E, 0x000E,
    0x000E, 0x000E, 0x000E, 0x000E, 0x0000, 0xDEFB, 0x0000, 0xFDEF, 0xFDEF, 0xFDEF, 0xFDEF, 0x0000, 0xFDEF, 0xFDEF, 0x0000, 0xDEFB, 0xDEFB, 0x0000, 0x000E, 0x000E, 0x000E,
    0x000E, 0x000E, 0x000E, 0x0000, 0x0000, 0x0000, 0xDEFB, 0x0000, 0x0000, 0x0000, 0x0000, 0xFDEF, 0xFDEF, 0xF800, 0xF800, 0xFDEF, 0xDEFB, 0x0000, 0x000E, 0x000E, 0x000E,
    0x000E, 0x000E, 0x0000, 0xF800, 0xFDEF, 0xFDEF, 0x0000, 0xDEFB, 0xCE79, 0xFDEF, 0x0000, 0xFDEF, 0xF800, 0xF800, 0xF800, 0xFDEF, 0xFDEF, 0x0000, 0x000E, 0x000E, 0x000E,
    0x000E, 0x000E, 0x0000, 0xF800, 0xF800, 0xFDEF, 0x0000, 0xDEFB, 0xDEFB, 0xCE79, 0xFDEF, 0x0000, 0xF800, 0xF800, 0xFDEF, 0xFDEF, 0xFDEF, 0x0000, 0x000E, 0x000E, 0x000E,
    0x000E, 0x000E, 0x0000, 0xF800, 0xF800, 0xFDEF, 0x0000, 0xDEFB, 0xDEFB, 0xDEFB, 0xCE79, 0xCE79, 0x0000, 0xFDEF, 0xFDEF, 0xFDEF, 0x0000, 0x000E, 0x000E, 0x000E, 0x000E,
    0x000E, 0x000E, 0x000E, 0x0000, 0x0000, 0x0000, 0x0000, 0x2103, 0x2103, 0x2103, 0x2103, 0x2103, 0x2103, 0x2103, 0x0000, 0x0000, 0x000E, 0x000E, 0x000E, 0x000E, 0x000E,
    0x000E, 0x000E, 0x000E, 0x000E, 0x000E, 0x000E, 0x0000, 0xCE79, 0xDEFB, 0x2103, 0xDEFB, 0x2103, 0xDEFB, 0xCE79, 0x0000, 0x000E, 0x000E, 0x000E, 0x000E, 0x000E, 0x000E,
    0x000E, 0x000E, 0x000E, 0x000E, 0x000E, 0x0000, 0xDEFB, 0xCE79, 0xDEFB, 0x2103, 0xDEFB, 0x2103, 0xDEFB, 0xCE79, 0xDEFB, 0x0000, 0x000E, 0x000E, 0x000E, 0x000E, 0x000E,
    0x000E, 0x000E, 0x000E, 0x000E, 0x0000, 0xDEFB, 0xDEFB, 0xCE79, 0xCE79, 0x2103, 0xCE79, 0x2103, 0xCE79, 0xCE79, 0xDEFB, 0xDEFB, 0x0000, 0x000E, 0x000E, 0x000E, 0x000E,
    0x000E, 0x000E, 0x000E, 0x0000, 0xDEFB, 0xDEFB, 0xDEFB, 0xDEFB, 0xDEFB, 0x0000, 0x0000, 0x0000, 0xDEFB, 0xDEFB, 0xDEFB, 0xDEFB, 0xDEFB, 0x0000, 0x000E, 0x000E, 0x000E,
    0x000E, 0x0000, 0x0000, 0xFDEF, 0xFDEF, 0xFDEF, 0xFDEF, 0xFDEF, 0x0000, 0x000E, 0x000E, 0x000E, 0x0000, 0xFDEF, 0xFDEF, 0xFDEF, 0xFDEF, 0xFDEF, 0x0000, 0x0000, 0x000E,
    0x0000, 0xFDEF, 0xFDEF, 0xFDEF, 0xFDEF, 0xFDEF, 0xFDEF, 0xFDEF, 0x0000, 0x000E, 0x000E, 0x000E, 0x0000, 0xFDEF, 0xFDEF, 0xFDEF, 0xFDEF, 0xFDEF, 0xFDEF, 0xFDEF, 0x0000,
    0x0000, 0x0000, 0x0000, 0x0000, 0x0000, 0x0000, 0x0000, 0x0000, 0x0000, 0x000E, 0x000E, 0x000E, 0x0000, 0x0000, 0x0000, 0x0000, 0x0000, 0x0000, 0x0000, 0x0000, 0x0000,
};
constexpr int SFXMM_RYU_PUNCH_W = 23;
constexpr int SFXMM_RYU_PUNCH_H = 24;
static const uint16_t SFXMM_RYU_PUNCH[552] = {
    0x000E, 0x000E, 0x000E, 0x000E, 0x000E, 0x000E, 0x000E, 0x000E, 0x0000, 0x0000, 0x0000, 0x0000, 0x0000, 0x0000, 0x0000, 0x0000, 0x000E, 0x000E, 0x000E, 0x000E, 0x000E, 0x000E, 0x000E,
    0x000E, 0x000E, 0x000E, 0x000E, 0x000E, 0x000E, 0x000E, 0x0000, 0x2103, 0x2103, 0x2103, 0x2103, 0x2103, 0x2103, 0x2103, 0x2103, 0x0000, 0x000E, 0x000E, 0x000E, 0x000E, 0x000E, 0x000E,
    0x000E, 0x000E, 0x000E, 0x000E, 0x000E, 0x000E, 0x0000, 0x2103, 0x2103, 0x2103, 0x2103, 0x2103, 0x2103, 0x2103, 0x2103, 0x2103, 0x2103, 0x0000, 0x000E, 0x000E, 0x000E, 0x000E, 0x000E,
    0x000E, 0x000E, 0x000E, 0x000E, 0x000E, 0x000E, 0x0000, 0x2103, 0x2103, 0x2103, 0x2103, 0x2103, 0x2103, 0x2103, 0x2103, 0x2103, 0x2103, 0x0000, 0x000E, 0x000E, 0x000E, 0x000E, 0x000E,
    0x000E, 0x000E, 0x000E, 0x000E, 0x000E, 0x000E, 0x0000, 0x2103, 0xE042, 0x2103, 0xE042, 0x2103, 0xE042, 0x2103, 0xE042, 0x2103, 0x2103, 0xE042, 0x0000, 0x000E, 0x000E, 0x000E, 0x000E,
    0x000E, 0x000E, 0x000E, 0x000E, 0x000E, 0x000E, 0x0000, 0xE042, 0xE042, 0xE042, 0xE042, 0xE042, 0xE042, 0xE042, 0xE042, 0xE042, 0xFDEF, 0x2103, 0xE042, 0x0000, 0x000E, 0x000E, 0x000E,
    0x000E, 0x000E, 0x000E, 0x000E, 0x000E, 0x000E, 0x0000, 0xFFFF, 0xFFFF, 0xFDEF, 0xFFFF, 0xFFFF, 0xFFFF, 0xFDEF, 0xFDEF, 0x2103, 0xFDEF, 0x2103, 0xE042, 0x0000, 0x000E, 0x000E, 0x000E,
    0x000E, 0x000E, 0x000E, 0x000E, 0x000E, 0x000E, 0x0000, 0xFFFF, 0x0000, 0xFDEF, 0x0000, 0x0000, 0xFFFF, 0xFFFF, 0xFDEF, 0xFDEF, 0xFDEF, 0x2103, 0xE042, 0x0000, 0x000E, 0x000E, 0x000E,
    0x000E, 0x000E, 0x000E, 0x000E, 0x000E, 0x000E, 0x0000, 0xFFFF, 0x0000, 0xFDEF, 0x0000, 0x0000, 0xFFFF, 0xFFFF, 0xFDEF, 0xFDEF, 0xFDEF, 0x0000, 0xE042, 0x0000, 0x000E, 0x000E, 0x000E,
    0x000E, 0x000E, 0x000E, 0x000E, 0x000E, 0x000E, 0x0000, 0xFDEF, 0xFFFF, 0xFDEF, 0xFFFF, 0xFFFF, 0xFFFF, 0xFDEF, 0xFDEF, 0xFDEF, 0x0000, 0x0000, 0x0000, 0x000E, 0x000E, 0x000E, 0x000E,
    0x000E, 0x000E, 0x000E, 0x000E, 0x000E, 0x000E, 0x000E, 0x0000, 0xFDEF, 0x0000, 0x0000, 0x0000, 0x0000, 0xFDEF, 0x0000, 0x0000, 0xDEFB, 0xDEFB, 0x0000, 0x000E, 0x000E, 0x000E, 0x000E,
    0x000E, 0x000E, 0x000E, 0x000E, 0x000E, 0x000E, 0x0000, 0xDEFB, 0x0000, 0xFDEF, 0xFDEF, 0xFDEF, 0xFDEF, 0x0000, 0xFDEF, 0xFDEF, 0x0000, 0xDEFB, 0xDEFB, 0x0000, 0x000E, 0x000E, 0x000E,
    0x000E, 0x000E, 0x000E, 0x000E, 0x000E, 0x0000, 0x0000, 0x0000, 0xDEFB, 0x0000, 0x0000, 0x0000, 0x0000, 0xFDEF, 0xFDEF, 0xF800, 0xF800, 0xFDEF, 0xDEFB, 0x0000, 0x000E, 0x000E, 0x000E,
    0x000E, 0x000E, 0x000E, 0x000E, 0x0000, 0xF800, 0xFDEF, 0xFDEF, 0x0000, 0xDEFB, 0xCE79, 0xFDEF, 0x0000, 0xFDEF, 0xF800, 0xF800, 0xF800, 0xFDEF, 0xFDEF, 0x0000, 0x000E, 0x000E, 0x000E,
    0x000E, 0x000E, 0x0000, 0xF800, 0xF800, 0xFDEF, 0x0000, 0xDEFB, 0xDEFB, 0xCE79, 0xFDEF, 0x0000, 0xF800, 0xF800, 0xFDEF, 0xFDEF, 0xFDEF, 0x0000, 0x000E, 0x000E, 0x000E, 0x000E, 0x000E,
    0x000E, 0x000E, 0x0000, 0xF800, 0xF800, 0xFDEF, 0x0000, 0xDEFB, 0xDEFB, 0xDEFB, 0xCE79, 0xCE79, 0x0000, 0xFDEF, 0xFDEF, 0xFDEF, 0x0000, 0x000E, 0x000E, 0x000E, 0x000E, 0x000E, 0x000E,
    0x000E, 0x000E, 0x000E, 0x0000, 0x0000, 0x0000, 0x0000, 0x2103, 0x2103, 0x2103, 0x2103, 0x2103, 0x2103, 0x2103, 0x0000, 0x0000, 0x000E, 0x000E, 0x000E, 0x000E, 0x000E, 0x000E, 0x000E,
    0x000E, 0x000E, 0x000E, 0x000E, 0x000E, 0x000E, 0x0000, 0xCE79, 0xDEFB, 0x2103, 0xDEFB, 0x2103, 0xDEFB, 0xCE79, 0x0000, 0x000E, 0x000E, 0x000E, 0x000E, 0x000E, 0x000E, 0x000E, 0x000E,
    0x000E, 0x000E, 0x000E, 0x000E, 0x000E, 0x0000, 0xDEFB, 0xCE79, 0xDEFB, 0x2103, 0xDEFB, 0x2103, 0xDEFB, 0xCE79, 0xDEFB, 0x0000, 0x000E, 0x000E, 0x000E, 0x000E, 0x000E, 0x000E, 0x000E,
    0x000E, 0x000E, 0x000E, 0x000E, 0x0000, 0xDEFB, 0xDEFB, 0xCE79, 0xCE79, 0x2103, 0xCE79, 0x2103, 0xCE79, 0xCE79, 0xDEFB, 0xDEFB, 0x0000, 0x000E, 0x000E, 0x000E, 0x000E, 0x000E, 0x000E,
    0x000E, 0x000E, 0x000E, 0x0000, 0xDEFB, 0xDEFB, 0xDEFB, 0xDEFB, 0xDEFB, 0x0000, 0x0000, 0x0000, 0xDEFB, 0xDEFB, 0xDEFB, 0xDEFB, 0xDEFB, 0x0000, 0x000E, 0x000E, 0x000E, 0x000E, 0x000E,
    0x000E, 0x0000, 0x0000, 0xFDEF, 0xFDEF, 0xFDEF, 0xFDEF, 0xFDEF, 0x0000, 0x000E, 0x000E, 0x000E, 0x0000, 0xFDEF, 0xFDEF, 0xFDEF, 0xFDEF, 0xFDEF, 0x0000, 0x0000, 0x000E, 0x000E, 0x000E,
    0x0000, 0xFDEF, 0xFDEF, 0xFDEF, 0xFDEF, 0xFDEF, 0xFDEF, 0xFDEF, 0x0000, 0x000E, 0x000E, 0x000E, 0x0000, 0xFDEF, 0xFDEF, 0xFDEF, 0xFDEF, 0xFDEF, 0xFDEF, 0xFDEF, 0x0000, 0x000E, 0x000E,
    0x0000, 0x0000, 0x0000, 0x0000, 0x0000, 0x0000, 0x0000, 0x0000, 0x0000, 0x000E, 0x000E, 0x000E, 0x0000, 0x0000, 0x0000, 0x0000, 0x0000, 0x0000, 0x0000, 0x0000, 0x0000, 0x000E, 0x000E,
};
constexpr int SFXMM_KEN_W = 21;
constexpr int SFXMM_KEN_H = 24;
static const uint16_t SFXMM_KEN[504] = {
    0x000E, 0x000E, 0x000E, 0x000E, 0x000E, 0x000E, 0xFEC0, 0xFEC0, 0xFEC0, 0xFEC0, 0xFEC0, 0xFEC0, 0xFEC0, 0xFEC0, 0x000E, 0x000E, 0x000E, 0x000E, 0x000E, 0x000E, 0x000E,
    0x000E, 0x000E, 0x000E, 0x000E, 0x000E, 0xFEC0, 0xFEC0, 0xFEC0, 0xFEC0, 0xFEC0, 0xFEC0, 0xFEC0, 0xFEC0, 0xFEC0, 0xFEC0, 0x000E, 0x000E, 0x000E, 0x000E, 0x000E, 0x000E,
    0x000E, 0x000E, 0x000E, 0x000E, 0xFEC0, 0xFEC0, 0xFEC0, 0xFEC0, 0xFEC0, 0xFEC0, 0xFEC0, 0xFEC0, 0xFEC0, 0xFEC0, 0xFEC0, 0xFEC0, 0x000E, 0x000E, 0x000E, 0x000E, 0x000E,
    0x000E, 0x000E, 0x000E, 0x000E, 0xFEC0, 0xFEC0, 0xFEC0, 0xFEC0, 0xFEC0, 0xFEC0, 0xFEC0, 0xFEC0, 0xFEC0, 0xFEC0, 0xFEC0, 0xFEC0, 0x000E, 0x000E, 0x000E, 0x000E, 0x000E,
    0x000E, 0x000E, 0x000E, 0x000E, 0xFEC0, 0xFEC0, 0xDD40, 0xFEC0, 0xDD40, 0xFEC0, 0xDD40, 0xFEC0, 0xDD40, 0xFEC0, 0xFEC0, 0xDD40, 0xFEC0, 0x000E, 0x000E, 0x000E, 0x000E,
    0x000E, 0x000E, 0x000E, 0x000E, 0xFEC0, 0xDD40, 0xDD40, 0xDD40, 0xDD40, 0xDD40, 0xDD40, 0xDD40, 0xDD40, 0xDD40, 0xFDEF, 0xFEC0, 0xDD40, 0xFEC0, 0x000E, 0x000E, 0x000E,
    0x000E, 0x000E, 0x000E, 0x000E, 0xFEC0, 0xFFFF, 0xFFFF, 0xFDEF, 0xFFFF, 0xFFFF, 0xFFFF, 0xFDEF, 0xFDEF, 0xFEC0, 0xFDEF, 0xFEC0, 0xDD40, 0xFEC0, 0x000E, 0x000E, 0x000E,
    0x000E, 0x000E, 0x000E, 0x000E, 0xFEC0, 0xFFFF, 0xFEC0, 0xFDEF, 0xFEC0, 0xFEC0, 0xFFFF, 0xFFFF, 0xFDEF, 0xFDEF, 0xFDEF, 0xFEC0, 0xDD40, 0xFEC0, 0x000E, 0x000E, 0x000E,
    0x000E, 0x000E, 0x000E, 0x000E, 0x0000, 0xFFFF, 0x0000, 0xFDEF, 0x0000, 0x0000, 0xFFFF, 0xFFFF, 0xFDEF, 0xFDEF, 0xFDEF, 0x0000, 0xE042, 0x0000, 0x000E, 0x000E, 0x000E,
    0x000E, 0x000E, 0x000E, 0x000E, 0x0000, 0xFDEF, 0xFFFF, 0xFDEF, 0xFFFF, 0xFFFF, 0xFFFF, 0xFDEF, 0xFDEF, 0xFDEF, 0x0000, 0x0000, 0x0000, 0x000E, 0x000E, 0x000E, 0x000E,
    0x000E, 0x000E, 0x000E, 0x000E, 0x000E, 0x0000, 0xFDEF, 0x0000, 0x0000, 0x0000, 0x0000, 0xFDEF, 0x0000, 0x0000, 0xA8A2, 0xA8A2, 0x0000, 0x000E, 0x000E, 0x000E, 0x000E,
    0x000E, 0x000E, 0x000E, 0x000E, 0x0000, 0xA8A2, 0x0000, 0xFDEF, 0xFDEF, 0xFDEF, 0xFDEF, 0x0000, 0xFDEF, 0xFDEF, 0x0000, 0xA8A2, 0xA8A2, 0x0000, 0x000E, 0x000E, 0x000E,
    0x000E, 0x000E, 0x000E, 0x0000, 0x0000, 0x0000, 0xA8A2, 0x0000, 0x0000, 0x0000, 0x0000, 0xFDEF, 0xFDEF, 0xFDC0, 0xFDC0, 0xFDEF, 0xA8A2, 0x0000, 0x000E, 0x000E, 0x000E,
    0x000E, 0x000E, 0x0000, 0xFDC0, 0xFDEF, 0xFDEF, 0x0000, 0xA8A2, 0xA8A2, 0xFDEF, 0x0000, 0xFDEF, 0xFDC0, 0xFDC0, 0xFDC0, 0xFDEF, 0xFDEF, 0x0000, 0x000E, 0x000E, 0x000E,
    0x000E, 0x000E, 0x0000, 0xFDC0, 0xFDC0, 0xFDEF, 0x0000, 0xA8A2, 0xA8A2, 0xA8A2, 0xFDEF, 0x0000, 0xFDC0, 0xFDC0, 0xFDEF, 0xFDEF, 0xFDEF, 0x0000, 0x000E, 0x000E, 0x000E,
    0x000E, 0x000E, 0x0000, 0xFDC0, 0xFDC0, 0xFDEF, 0x0000, 0xA8A2, 0xA8A2, 0xA8A2, 0xA8A2, 0xA8A2, 0x0000, 0xFDEF, 0xFDEF, 0xFDEF, 0x0000, 0x000E, 0x000E, 0x000E, 0x000E,
    0x000E, 0x000E, 0x000E, 0x0000, 0x0000, 0x0000, 0x0000, 0x2103, 0x2103, 0x2103, 0x2103, 0x2103, 0x2103, 0x2103, 0x0000, 0x0000, 0x000E, 0x000E, 0x000E, 0x000E, 0x000E,
    0x000E, 0x000E, 0x000E, 0x000E, 0x000E, 0x000E, 0x0000, 0xA8A2, 0xA8A2, 0x2103, 0xA8A2, 0x2103, 0xA8A2, 0xA8A2, 0x0000, 0x000E, 0x000E, 0x000E, 0x000E, 0x000E, 0x000E,
    0x000E, 0x000E, 0x000E, 0x000E, 0x000E, 0x0000, 0xA8A2, 0xA8A2, 0xA8A2, 0x2103, 0xA8A2, 0x2103, 0xA8A2, 0xA8A2, 0xA8A2, 0x0000, 0x000E, 0x000E, 0x000E, 0x000E, 0x000E,
    0x000E, 0x000E, 0x000E, 0x000E, 0x0000, 0xA8A2, 0xA8A2, 0xA8A2, 0xA8A2, 0x2103, 0xA8A2, 0x2103, 0xA8A2, 0xA8A2, 0xA8A2, 0xA8A2, 0x0000, 0x000E, 0x000E, 0x000E, 0x000E,
    0x000E, 0x000E, 0x000E, 0x0000, 0xA8A2, 0xA8A2, 0xA8A2, 0xA8A2, 0xA8A2, 0x0000, 0x0000, 0x0000, 0xA8A2, 0xA8A2, 0xA8A2, 0xA8A2, 0xA8A2, 0x0000, 0x000E, 0x000E, 0x000E,
    0x000E, 0x0000, 0x0000, 0xFDEF, 0xFDEF, 0xFDEF, 0xFDEF, 0xFDEF, 0x0000, 0x000E, 0x000E, 0x000E, 0x0000, 0xFDEF, 0xFDEF, 0xFDEF, 0xFDEF, 0xFDEF, 0x0000, 0x0000, 0x000E,
    0x0000, 0xFDEF, 0xFDEF, 0xFDEF, 0xFDEF, 0xFDEF, 0xFDEF, 0xFDEF, 0x0000, 0x000E, 0x000E, 0x000E, 0x0000, 0xFDEF, 0xFDEF, 0xFDEF, 0xFDEF, 0xFDEF, 0xFDEF, 0xFDEF, 0x0000,
    0x0000, 0x0000, 0x0000, 0x0000, 0x0000, 0x0000, 0x0000, 0x0000, 0x0000, 0x000E, 0x000E, 0x000E, 0x0000, 0x0000, 0x0000, 0x0000, 0x0000, 0x0000, 0x0000, 0x0000, 0x0000,
};
constexpr int SFXMM_KEN_HIT_W = 23;
constexpr int SFXMM_KEN_HIT_H = 24;
static const uint16_t SFXMM_KEN_HIT[552] = {
    0x000E, 0x000E, 0x000E, 0x000E, 0x000E, 0x000E, 0x000E, 0x000E, 0xFEC0, 0xFEC0, 0xFEC0, 0xFEC0, 0xFEC0, 0xFEC0, 0xFEC0, 0xFEC0, 0x000E, 0x000E, 0x000E, 0x000E, 0x000E, 0x000E, 0x000E,
    0x000E, 0x000E, 0x000E, 0x000E, 0x000E, 0x000E, 0x000E, 0xFEC0, 0xFEC0, 0xFEC0, 0xFEC0, 0xFEC0, 0xFEC0, 0xFEC0, 0xFEC0, 0xFEC0, 0xFEC0, 0x000E, 0x000E, 0x000E, 0x000E, 0x000E, 0x000E,
    0x000E, 0x000E, 0x000E, 0x000E, 0x000E, 0x000E, 0xFEC0, 0xFEC0, 0xFEC0, 0xFEC0, 0xFEC0, 0xFEC0, 0xFEC0, 0xFEC0, 0xFEC0, 0xFEC0, 0xFEC0, 0xFEC0, 0x000E, 0x000E, 0x000E, 0x000E, 0x000E,
    0x000E, 0x000E, 0x000E, 0x000E, 0x000E, 0x000E, 0xFEC0, 0xFEC0, 0xFEC0, 0xFEC0, 0xFEC0, 0xFEC0, 0xFEC0, 0xFEC0, 0xFEC0, 0xFEC0, 0xFEC0, 0xFEC0, 0x000E, 0x000E, 0x000E, 0x000E, 0x000E,
    0x000E, 0x000E, 0x000E, 0x000E, 0x000E, 0x000E, 0xFEC0, 0xFEC0, 0xDD40, 0xFEC0, 0xDD40, 0xFEC0, 0xDD40, 0xFEC0, 0xDD40, 0xFEC0, 0xFEC0, 0xDD40, 0xFEC0, 0x000E, 0x000E, 0x000E, 0x000E,
    0x000E, 0x000E, 0x000E, 0x000E, 0x000E, 0x000E, 0xFEC0, 0xDD40, 0xDD40, 0xDD40, 0xDD40, 0xDD40, 0xDD40, 0xDD40, 0xDD40, 0xDD40, 0xFDEF, 0xFEC0, 0xDD40, 0xFEC0, 0x000E, 0x000E, 0x000E,
    0x000E, 0x000E, 0x000E, 0x000E, 0x000E, 0x000E, 0xFEC0, 0xFFFF, 0xFFFF, 0xFDEF, 0xFFFF, 0xFFFF, 0xFFFF, 0xFDEF, 0xFDEF, 0xFEC0, 0xFDEF, 0xFEC0, 0xDD40, 0xFEC0, 0x000E, 0x000E, 0x000E,
    0x000E, 0x000E, 0x000E, 0x000E, 0x000E, 0x000E, 0xFEC0, 0xFFFF, 0xFEC0, 0xFDEF, 0xFEC0, 0xFEC0, 0xFFFF, 0xFFFF, 0xFDEF, 0xFDEF, 0xFDEF, 0xFEC0, 0xDD40, 0xFEC0, 0x000E, 0x000E, 0x000E,
    0x000E, 0x000E, 0x000E, 0x000E, 0x000E, 0x000E, 0x0000, 0xFFFF, 0x0000, 0xFDEF, 0x0000, 0x0000, 0xFFFF, 0xFFFF, 0xFDEF, 0xFDEF, 0xFDEF, 0x0000, 0xE042, 0x0000, 0x000E, 0x000E, 0x000E,
    0x000E, 0x000E, 0x000E, 0x000E, 0x000E, 0x000E, 0x0000, 0xFDEF, 0xFFFF, 0xFDEF, 0xFFFF, 0xFFFF, 0xFFFF, 0xFDEF, 0xFDEF, 0xFDEF, 0x0000, 0x0000, 0x0000, 0x000E, 0x000E, 0x000E, 0x000E,
    0x000E, 0x000E, 0x000E, 0x000E, 0x000E, 0x000E, 0x000E, 0x0000, 0xFDEF, 0x0000, 0x0000, 0x0000, 0x0000, 0xFDEF, 0x0000, 0x0000, 0xA8A2, 0xA8A2, 0x0000, 0x000E, 0x000E, 0x000E, 0x000E,
    0x000E, 0x000E, 0x000E, 0x000E, 0x000E, 0x000E, 0x0000, 0xA8A2, 0x0000, 0xFDEF, 0xFDEF, 0xFDEF, 0xFDEF, 0x0000, 0xFDEF, 0xFDEF, 0x0000, 0xA8A2, 0xA8A2, 0x0000, 0x000E, 0x000E, 0x000E,
    0x000E, 0x000E, 0x000E, 0x000E, 0x000E, 0x0000, 0x0000, 0x0000, 0xA8A2, 0x0000, 0x0000, 0x0000, 0x0000, 0xFDEF, 0xFDEF, 0xFDC0, 0xFDC0, 0xFDEF, 0xA8A2, 0x0000, 0x000E, 0x000E, 0x000E,
    0x000E, 0x000E, 0x000E, 0x000E, 0x0000, 0xFDC0, 0xFDEF, 0xFDEF, 0x0000, 0xA8A2, 0xA8A2, 0xFDEF, 0x0000, 0xFDEF, 0xFDC0, 0xFDC0, 0xFDC0, 0xFDEF, 0xFDEF, 0x0000, 0x000E, 0x000E, 0x000E,
    0x000E, 0x000E, 0x000E, 0x000E, 0x0000, 0xFDC0, 0xFDC0, 0xFDEF, 0x0000, 0xA8A2, 0xA8A2, 0xA8A2, 0xFDEF, 0x0000, 0xFDC0, 0xFDC0, 0xFDEF, 0xFDEF, 0xFDEF, 0x0000, 0x000E, 0x000E, 0x000E,
    0x000E, 0x000E, 0x000E, 0x000E, 0x0000, 0xFDC0, 0xFDC0, 0xFDEF, 0x0000, 0xA8A2, 0xA8A2, 0xA8A2, 0xA8A2, 0xA8A2, 0x0000, 0xFDEF, 0xFDEF, 0xFDEF, 0x0000, 0x000E, 0x000E, 0x000E, 0x000E,
    0x000E, 0x000E, 0x000E, 0x000E, 0x000E, 0x0000, 0x0000, 0x0000, 0x0000, 0x2103, 0x2103, 0x2103, 0x2103, 0x2103, 0x2103, 0x2103, 0x0000, 0x0000, 0x000E, 0x000E, 0x000E, 0x000E, 0x000E,
    0x000E, 0x000E, 0x000E, 0x000E, 0x000E, 0x000E, 0x000E, 0x000E, 0x0000, 0xA8A2, 0xA8A2, 0x2103, 0xA8A2, 0x2103, 0xA8A2, 0xA8A2, 0x0000, 0x000E, 0x000E, 0x000E, 0x000E, 0x000E, 0x000E,
    0x000E, 0x000E, 0x000E, 0x000E, 0x000E, 0x000E, 0x000E, 0x0000, 0xA8A2, 0xA8A2, 0xA8A2, 0x2103, 0xA8A2, 0x2103, 0xA8A2, 0xA8A2, 0xA8A2, 0x0000, 0x000E, 0x000E, 0x000E, 0x000E, 0x000E,
    0x000E, 0x000E, 0x000E, 0x000E, 0x000E, 0x000E, 0x0000, 0xA8A2, 0xA8A2, 0xA8A2, 0xA8A2, 0x2103, 0xA8A2, 0x2103, 0xA8A2, 0xA8A2, 0xA8A2, 0xA8A2, 0x0000, 0x000E, 0x000E, 0x000E, 0x000E,
    0x000E, 0x000E, 0x000E, 0x000E, 0x000E, 0x0000, 0xA8A2, 0xA8A2, 0xA8A2, 0xA8A2, 0xA8A2, 0x0000, 0x0000, 0x0000, 0xA8A2, 0xA8A2, 0xA8A2, 0xA8A2, 0xA8A2, 0x0000, 0x000E, 0x000E, 0x000E,
    0x000E, 0x000E, 0x000E, 0x0000, 0x0000, 0xFDEF, 0xFDEF, 0xFDEF, 0xFDEF, 0xFDEF, 0x0000, 0x000E, 0x000E, 0x000E, 0x0000, 0xFDEF, 0xFDEF, 0xFDEF, 0xFDEF, 0xFDEF, 0x0000, 0x0000, 0x000E,
    0x000E, 0x000E, 0x0000, 0xFDEF, 0xFDEF, 0xFDEF, 0xFDEF, 0xFDEF, 0xFDEF, 0xFDEF, 0x0000, 0x000E, 0x000E, 0x000E, 0x0000, 0xFDEF, 0xFDEF, 0xFDEF, 0xFDEF, 0xFDEF, 0xFDEF, 0xFDEF, 0x0000,
    0x000E, 0x000E, 0x0000, 0x0000, 0x0000, 0x0000, 0x0000, 0x0000, 0x0000, 0x0000, 0x0000, 0x000E, 0x000E, 0x000E, 0x0000, 0x0000, 0x0000, 0x0000, 0x0000, 0x0000, 0x0000, 0x0000, 0x0000,
};
constexpr int SF2_PORTRAIT_RYU_W = 32;
constexpr int SF2_PORTRAIT_RYU_H = 32;
static const uint16_t SF2_PORTRAIT_RYU[1024] = {
    0x1082, 0x1082, 0x1082, 0x1082, 0x1082, 0x1082, 0x1082, 0x1082, 0x1082, 0x1082, 0x1082, 0x1082, 0x1082, 0x1082, 0x1082, 0x1082, 0x1082, 0x1082, 0x1082, 0x1082, 0x1082, 0x1082, 0x1082, 0x1082, 0x1082, 0x1082, 0x1082, 0x1082, 0x1082, 0x1082, 0x1082, 0x1082,
    0x1082, 0x1082, 0x1082, 0x1082, 0x1082, 0x1082, 0x1082, 0x1082, 0x1082, 0x1082, 0x1082, 0x1082, 0x1082, 0x1082, 0x1082, 0x1082, 0x1082, 0x1082, 0x1082, 0x1082, 0x1082, 0x1082, 0x1082, 0x1082, 0x1082, 0x1082, 0x1082, 0x1082, 0x1082, 0x1082, 0x1082, 0x1082,
    0x1082, 0x1082, 0xFFFF, 0xFFFF, 0xFFFF, 0xFFFF, 0xFFFF, 0xFFFF, 0xFFFF, 0xFFFF, 0xFFFF, 0xFFFF, 0xFFFF, 0xFFFF, 0xFFFF, 0xFFFF, 0xFFFF, 0xFFFF, 0xFFFF, 0xFFFF, 0x4000, 0x4000, 0x6080, 0x6080, 0x6080, 0x6080, 0xBB24, 0xBB24, 0xBB24, 0xBB24, 0xBB24, 0xBB24,
    0x1082, 0x1082, 0xFFFF, 0xFFFF, 0xFFFF, 0xFFFF, 0xFFFF, 0xFFFF, 0xFFFF, 0xFFFF, 0xFFFF, 0xFFFF, 0xFFFF, 0xFFFF, 0xFFFF, 0xFFFF, 0xFFFF, 0xFFFF, 0xFFFF, 0xFFFF, 0x4000, 0x4000, 0x6080, 0x6080, 0x6080, 0x6080, 0xBB24, 0xBB24, 0xBB24, 0xBB24, 0xBB24, 0xBB24,
    0x1082, 0x1082, 0xFFFF, 0xFFFF, 0xFFFF, 0xFFFF, 0xFFFF, 0xFFFF, 0xFFFF, 0xFFFF, 0xFFFF, 0xFFFF, 0xFFFF, 0xFFFF, 0xFFFF, 0xFFFF, 0x1082, 0x1082, 0x1082, 0x1082, 0x4000, 0x4000, 0x4000, 0x4000, 0x4000, 0x4000, 0x6080, 0x6080, 0x9A22, 0x9A22, 0xBB24, 0xBB24,
    0x1082, 0x1082, 0xFFFF, 0xFFFF, 0xFFFF, 0xFFFF, 0xFFFF, 0xFFFF, 0xFFFF, 0xFFFF, 0xFFFF, 0xFFFF, 0xFFFF, 0xFFFF, 0xFFFF, 0xFFFF, 0x1082, 0x1082, 0x1082, 0x1082, 0x4000, 0x4000, 0x4000, 0x4000, 0x4000, 0x4000, 0x6080, 0x6080, 0x9A22, 0x9A22, 0xBB24, 0xBB24,
    0x1082, 0x1082, 0xFFFF, 0xFFFF, 0xFFFF, 0xFFFF, 0xFFFF, 0xFFFF, 0xFFFF, 0xFFFF, 0xFFFF, 0xFFFF, 0xFFFF, 0xFFFF, 0x1082, 0x1082, 0x1082, 0x1082, 0x1082, 0x1082, 0x1082, 0x1082, 0x1082, 0x1082, 0x1082, 0x1082, 0x1082, 0x1082, 0x1082, 0x1082, 0x6080, 0x6080,
    0x1082, 0x1082, 0xFFFF, 0xFFFF, 0xFFFF, 0xFFFF, 0xFFFF, 0xFFFF, 0xFFFF, 0xFFFF, 0xFFFF, 0xFFFF, 0xFFFF, 0xFFFF, 0x1082, 0x1082, 0x1082, 0x1082, 0x1082, 0x1082, 0x1082, 0x1082, 0x1082, 0x1082, 0x1082, 0x1082, 0x1082, 0x1082, 0x1082, 0x1082, 0x6080, 0x6080,
    0x1082, 0x1082, 0xFFFF, 0xFFFF, 0xFFFF, 0xFFFF, 0xFFFF, 0xFFFF, 0xFFFF, 0xFFFF, 0xFFFF, 0xFFFF, 0x1082, 0x1082, 0x1082, 0x1082, 0x1082, 0x1082, 0x1082, 0x1082, 0x4000, 0x4000, 0x4000, 0x4000, 0x1082, 0x1082, 0x1082, 0x1082, 0x1082, 0x1082, 0x1082, 0x1082,
    0x1082, 0x1082, 0xFFFF, 0xFFFF, 0xFFFF, 0xFFFF, 0xFFFF, 0xFFFF, 0xFFFF, 0xFFFF, 0xFFFF, 0xFFFF, 0x1082, 0x1082, 0x1082, 0x1082, 0x1082, 0x1082, 0x1082, 0x1082, 0x4000, 0x4000, 0x4000, 0x4000, 0x1082, 0x1082, 0x1082, 0x1082, 0x1082, 0x1082, 0x1082, 0x1082,
    0x1082, 0x1082, 0xFFFF, 0xFFFF, 0xFFFF, 0xFFFF, 0xFFFF, 0xFFFF, 0xFFFF, 0xFFFF, 0x1082, 0x1082, 0x6080, 0x6080, 0x4000, 0x4000, 0x4000, 0x4000, 0x4000, 0x4000, 0x6080, 0x6080, 0x6080, 0x6080, 0x4000, 0x4000, 0x1082, 0x1082, 0x1082, 0x1082, 0x1082, 0x1082,
    0x1082, 0x1082, 0xFFFF, 0xFFFF, 0xFFFF, 0xFFFF, 0xFFFF, 0xFFFF, 0xFFFF, 0xFFFF, 0x1082, 0x1082, 0x6080, 0x6080, 0x4000, 0x4000, 0x4000, 0x4000, 0x4000, 0x4000, 0x6080, 0x6080, 0x6080, 0x6080, 0x4000, 0x4000, 0x1082, 0x1082, 0x1082, 0x1082, 0x1082, 0x1082,
    0x1082, 0x1082, 0xFFFF, 0xFFFF, 0xFFFF, 0xFFFF, 0xFFFF, 0xFFFF, 0xFFFF, 0xFFFF, 0x6080, 0x6080, 0x6080, 0x6080, 0x6080, 0x6080, 0x6080, 0x6080, 0x6080, 0x6080, 0x6080, 0x6080, 0x4000, 0x4000, 0x1082, 0x1082, 0x1082, 0x1082, 0x1082, 0x1082, 0x1082, 0x1082,
    0x1082, 0x1082, 0xFFFF, 0xFFFF, 0xFFFF, 0xFFFF, 0xFFFF, 0xFFFF, 0xFFFF, 0xFFFF, 0x6080, 0x6080, 0x6080, 0x6080, 0x6080, 0x6080, 0x6080, 0x6080, 0x6080, 0x6080, 0x6080, 0x6080, 0x4000, 0x4000, 0x1082, 0x1082, 0x1082, 0x1082, 0x1082, 0x1082, 0x1082, 0x1082,
    0x1082, 0x1082, 0xFFFF, 0xFFFF, 0xFFFF, 0xFFFF, 0xFFFF, 0xFFFF, 0x1082, 0x1082, 0x6080, 0x6080, 0x4000, 0x4000, 0x4000, 0x4000, 0x4000, 0x4000, 0x6080, 0x6080, 0x4000, 0x4000, 0x1082, 0x1082, 0x1082, 0x1082, 0x1082, 0x1082, 0x1082, 0x1082, 0x1082, 0x1082,
    0x1082, 0x1082, 0xFFFF, 0xFFFF, 0xFFFF, 0xFFFF, 0xFFFF, 0xFFFF, 0x1082, 0x1082, 0x6080, 0x6080, 0x4000, 0x4000, 0x4000, 0x4000, 0x4000, 0x4000, 0x6080, 0x6080, 0x4000, 0x4000, 0x1082, 0x1082, 0x1082, 0x1082, 0x1082, 0x1082, 0x1082, 0x1082, 0x1082, 0x1082,
    0x1082, 0x1082, 0xFFFF, 0xFFFF, 0xFFFF, 0xFFFF, 0xFFFF, 0xFFFF, 0x1082, 0x1082, 0x4000, 0x4000, 0x1082, 0x1082, 0x1082, 0x1082, 0x1082, 0x1082, 0x1082, 0x1082, 0x1082, 0x1082, 0x1082, 0x1082, 0x1082, 0x1082, 0x1082, 0x1082, 0x1082, 0x1082, 0x4000, 0x4000,
    0x1082, 0x1082, 0xFFFF, 0xFFFF, 0xFFFF, 0xFFFF, 0xFFFF, 0xFFFF, 0x1082, 0x1082, 0x4000, 0x4000, 0x1082, 0x1082, 0x1082, 0x1082, 0x1082, 0x1082, 0x1082, 0x1082, 0x1082, 0x1082, 0x1082, 0x1082, 0x1082, 0x1082, 0x1082, 0x1082, 0x1082, 0x1082, 0x4000, 0x4000,
    0x1082, 0x1082, 0xFFFF, 0xFFFF, 0xFFFF, 0xFFFF, 0xFFFF, 0xFFFF, 0x1082, 0x1082, 0x1082, 0x1082, 0x1082, 0x1082, 0x1082, 0x1082, 0x1082, 0x1082, 0x1082, 0x1082, 0x1082, 0x1082, 0x1082, 0x1082, 0x1082, 0x1082, 0x1082, 0x1082, 0x1082, 0x1082, 0x4000, 0x4000,
    0x1082, 0x1082, 0xFFFF, 0xFFFF, 0xFFFF, 0xFFFF, 0xFFFF, 0xFFFF, 0x1082, 0x1082, 0x1082, 0x1082, 0x1082, 0x1082, 0x1082, 0x1082, 0x1082, 0x1082, 0x1082, 0x1082, 0x1082, 0x1082, 0x1082, 0x1082, 0x1082, 0x1082, 0x1082, 0x1082, 0x1082, 0x1082, 0x4000, 0x4000,
    0x1082, 0x1082, 0xFFFF, 0xFFFF, 0xFFFF, 0xFFFF, 0xFFFF, 0xFFFF, 0x1082, 0x1082, 0x1082, 0x1082, 0x1082, 0x1082, 0x1082, 0x1082, 0x1082, 0x1082, 0x1082, 0x1082, 0x1082, 0x1082, 0x1082, 0x1082, 0x1082, 0x1082, 0x1082, 0x1082, 0x1082, 0x1082, 0x1082, 0x1082,
    0x1082, 0x1082, 0xFFFF, 0xFFFF, 0xFFFF, 0xFFFF, 0xFFFF, 0xFFFF, 0x1082, 0x1082, 0x1082, 0x1082, 0x1082, 0x1082, 0x1082, 0x1082, 0x1082, 0x1082, 0x1082, 0x1082, 0x1082, 0x1082, 0x1082, 0x1082, 0x1082, 0x1082, 0x1082, 0x1082, 0x1082, 0x1082, 0x1082, 0x1082,
    0x1082, 0x1082, 0xFFFF, 0xFFFF, 0xFFFF, 0xFFFF, 0xE802, 0xE802, 0x1082, 0x1082, 0x1082, 0x1082, 0x1082, 0x1082, 0x1082, 0x1082, 0x1082, 0x1082, 0x1082, 0x1082, 0x1082, 0x1082, 0x1082, 0x1082, 0x1082, 0x1082, 0x1082, 0x1082, 0x1082, 0x1082, 0x1082, 0x1082,
    0x1082, 0x1082, 0xFFFF, 0xFFFF, 0xFFFF, 0xFFFF, 0xE802, 0xE802, 0x1082, 0x1082, 0x1082, 0x1082, 0x1082, 0x1082, 0x1082, 0x1082, 0x1082, 0x1082, 0x1082, 0x1082, 0x1082, 0x1082, 0x1082, 0x1082, 0x1082, 0x1082, 0x1082, 0x1082, 0x1082, 0x1082, 0x1082, 0x1082,
    0x1082, 0x1082, 0xFFFF, 0xFFFF, 0xE802, 0xE802, 0xA800, 0xA800, 0x1082, 0x1082, 0x1082, 0x1082, 0x1082, 0x1082, 0x1082, 0x1082, 0x6080, 0x6080, 0x9A22, 0x9A22, 0x4000, 0x4000, 0x1082, 0x1082, 0x1082, 0x1082, 0x1082, 0x1082, 0x1082, 0x1082, 0x1082, 0x1082,
    0x1082, 0x1082, 0xFFFF, 0xFFFF, 0xE802, 0xE802, 0xA800, 0xA800, 0x1082, 0x1082, 0x1082, 0x1082, 0x1082, 0x1082, 0x1082, 0x1082, 0x6080, 0x6080, 0x9A22, 0x9A22, 0x4000, 0x4000, 0x1082, 0x1082, 0x1082, 0x1082, 0x1082, 0x1082, 0x1082, 0x1082, 0x1082, 0x1082,
    0x1082, 0x1082, 0xE802, 0xE802, 0xA800, 0xA800, 0x4000, 0x4000, 0x1082, 0x1082, 0x1082, 0x1082, 0x1082, 0x1082, 0x6080, 0x6080, 0xBB24, 0xBB24, 0xCC46, 0xCC46, 0xBB24, 0xBB24, 0x1082, 0x1082, 0x1082, 0x1082, 0x1082, 0x1082, 0x1082, 0x1082, 0x1082, 0x1082,
    0x1082, 0x1082, 0xE802, 0xE802, 0xA800, 0xA800, 0x4000, 0x4000, 0x1082, 0x1082, 0x1082, 0x1082, 0x1082, 0x1082, 0x6080, 0x6080, 0xBB24, 0xBB24, 0xCC46, 0xCC46, 0xBB24, 0xBB24, 0x1082, 0x1082, 0x1082, 0x1082, 0x1082, 0x1082, 0x1082, 0x1082, 0x1082, 0x1082,
    0x1082, 0x1082, 0xA800, 0xA800, 0x4000, 0x4000, 0x1082, 0x1082, 0x1082, 0x1082, 0x1082, 0x1082, 0x4000, 0x4000, 0x9A22, 0x9A22, 0xCC46, 0xCC46, 0x6080, 0x6080, 0xCC46, 0xCC46, 0x6080, 0x6080, 0x1082, 0x1082, 0x1082, 0x1082, 0x1082, 0x1082, 0x9A22, 0x9A22,
    0x1082, 0x1082, 0xA800, 0xA800, 0x4000, 0x4000, 0x1082, 0x1082, 0x1082, 0x1082, 0x1082, 0x1082, 0x4000, 0x4000, 0x9A22, 0x9A22, 0xCC46, 0xCC46, 0x6080, 0x6080, 0xCC46, 0xCC46, 0x6080, 0x6080, 0x1082, 0x1082, 0x1082, 0x1082, 0x1082, 0x1082, 0x9A22, 0x9A22,
    0x1082, 0x1082, 0x4000, 0x4000, 0xFFFF, 0xFFFF, 0x1082, 0x1082, 0x1082, 0x1082, 0x1082, 0x1082, 0x4000, 0x4000, 0xCC46, 0xCC46, 0x6080, 0x6080, 0x1082, 0x1082, 0xCC46, 0xCC46, 0xCC46, 0xCC46, 0x1082, 0x1082, 0x4000, 0x4000, 0xCC46, 0xCC46, 0xCC46, 0xCC46,
    0x1082, 0x1082, 0x4000, 0x4000, 0xFFFF, 0xFFFF, 0x1082, 0x1082, 0x1082, 0x1082, 0x1082, 0x1082, 0x4000, 0x4000, 0xCC46, 0xCC46, 0x6080, 0x6080, 0x1082, 0x1082, 0xCC46, 0xCC46, 0xCC46, 0xCC46, 0x1082, 0x1082, 0x4000, 0x4000, 0xCC46, 0xCC46, 0xCC46, 0xCC46,
};
constexpr int SF2_PORTRAIT_KEN_W = 32;
constexpr int SF2_PORTRAIT_KEN_H = 32;
static const uint16_t SF2_PORTRAIT_KEN[1024] = {
    0x1082, 0x1082, 0x1082, 0x1082, 0x1082, 0x1082, 0x1082, 0x1082, 0x1082, 0x1082, 0x1082, 0x1082, 0x1082, 0x1082, 0x1082, 0x1082, 0x1082, 0x1082, 0x1082, 0x1082, 0x1082, 0x1082, 0x1082, 0x1082, 0x1082, 0x1082, 0x1082, 0x1082, 0x1082, 0x1082, 0x1082, 0x1082,
    0x1082, 0x1082, 0x1082, 0x1082, 0x1082, 0x1082, 0x1082, 0x1082, 0x1082, 0x1082, 0x1082, 0x1082, 0x1082, 0x1082, 0x1082, 0x1082, 0x1082, 0x1082, 0x1082, 0x1082, 0x1082, 0x1082, 0x1082, 0x1082, 0x1082, 0x1082, 0x1082, 0x1082, 0x1082, 0x1082, 0x1082, 0x1082,
    0xDA20, 0xDA20, 0xED40, 0xED40, 0xED40, 0xED40, 0xED40, 0xED40, 0xDA20, 0xDA20, 0x9900, 0x9900, 0xFFFF, 0xFFFF, 0xFFFF, 0xFFFF, 0xFFFF, 0xFFFF, 0xED40, 0xED40, 0xFFFF, 0xFFFF, 0xFFFF, 0xFFFF, 0xFFFF, 0xFFFF, 0xFFFF, 0xFFFF, 0xFFFF, 0xFFFF, 0xFFFF, 0xFFFF,
    0xDA20, 0xDA20, 0xED40, 0xED40, 0xED40, 0xED40, 0xED40, 0xED40, 0xDA20, 0xDA20, 0x9900, 0x9900, 0xFFFF, 0xFFFF, 0xFFFF, 0xFFFF, 0xFFFF, 0xFFFF, 0xED40, 0xED40, 0xFFFF, 0xFFFF, 0xFFFF, 0xFFFF, 0xFFFF, 0xFFFF, 0xFFFF, 0xFFFF, 0xFFFF, 0xFFFF, 0xFFFF, 0xFFFF,
    0x9900, 0x9900, 0x9900, 0x9900, 0xDA20, 0xDA20, 0xED40, 0xED40, 0xED40, 0xED40, 0xDA20, 0xDA20, 0x9900, 0x9900, 0xFFFF, 0xFFFF, 0xDA20, 0xDA20, 0xDA20, 0xDA20, 0xED40, 0xED40, 0xFFFF, 0xFFFF, 0xFFFF, 0xFFFF, 0xDA20, 0xDA20, 0xFFFF, 0xFFFF, 0xFFFF, 0xFFFF,
    0x9900, 0x9900, 0x9900, 0x9900, 0xDA20, 0xDA20, 0xED40, 0xED40, 0xED40, 0xED40, 0xDA20, 0xDA20, 0x9900, 0x9900, 0xFFFF, 0xFFFF, 0xDA20, 0xDA20, 0xDA20, 0xDA20, 0xED40, 0xED40, 0xFFFF, 0xFFFF, 0xFFFF, 0xFFFF, 0xDA20, 0xDA20, 0xFFFF, 0xFFFF, 0xFFFF, 0xFFFF,
    0xDA20, 0xDA20, 0xDA20, 0xDA20, 0x9900, 0x9900, 0x9900, 0x9900, 0xDA20, 0xDA20, 0xED40, 0xED40, 0xED40, 0xED40, 0x9900, 0x9900, 0x9900, 0x9900, 0xDA20, 0xDA20, 0xED40, 0xED40, 0xFFFF, 0xFFFF, 0xDA20, 0xDA20, 0xFFFF, 0xFFFF, 0xFFFF, 0xFFFF, 0xFFFF, 0xFFFF,
    0xDA20, 0xDA20, 0xDA20, 0xDA20, 0x9900, 0x9900, 0x9900, 0x9900, 0xDA20, 0xDA20, 0xED40, 0xED40, 0xED40, 0xED40, 0x9900, 0x9900, 0x9900, 0x9900, 0xDA20, 0xDA20, 0xED40, 0xED40, 0xFFFF, 0xFFFF, 0xDA20, 0xDA20, 0xFFFF, 0xFFFF, 0xFFFF, 0xFFFF, 0xFFFF, 0xFFFF,
    0xDA20, 0xDA20, 0xDA20, 0xDA20, 0xDA20, 0xDA20, 0xDA20, 0xDA20, 0x9900, 0x9900, 0x9900, 0x9900, 0xDA20, 0xDA20, 0xED40, 0xED40, 0x9900, 0x9900, 0xDA20, 0xDA20, 0xED40, 0xED40, 0xDA20, 0xDA20, 0xDA20, 0xDA20, 0xFFFF, 0xFFFF, 0xFFFF, 0xFFFF, 0xFFFF, 0xFFFF,
    0xDA20, 0xDA20, 0xDA20, 0xDA20, 0xDA20, 0xDA20, 0xDA20, 0xDA20, 0x9900, 0x9900, 0x9900, 0x9900, 0xDA20, 0xDA20, 0xED40, 0xED40, 0x9900, 0x9900, 0xDA20, 0xDA20, 0xED40, 0xED40, 0xDA20, 0xDA20, 0xDA20, 0xDA20, 0xFFFF, 0xFFFF, 0xFFFF, 0xFFFF, 0xFFFF, 0xFFFF,
    0xED40, 0xED40, 0xED40, 0xED40, 0xDA20, 0xDA20, 0x9900, 0x9900, 0x5320, 0x5320, 0x42A0, 0x42A0, 0x63A0, 0x63A0, 0x63A0, 0x63A0, 0x8CC0, 0x8CC0, 0x8CC0, 0x8CC0, 0x9D40, 0x9D40, 0x5320, 0x5320, 0xFFFF, 0xFFFF, 0xFFFF, 0xFFFF, 0xFFFF, 0xFFFF, 0xFFFF, 0xFFFF,
    0xED40, 0xED40, 0xED40, 0xED40, 0xDA20, 0xDA20, 0x9900, 0x9900, 0x5320, 0x5320, 0x42A0, 0x42A0, 0x63A0, 0x63A0, 0x63A0, 0x63A0, 0x8CC0, 0x8CC0, 0x8CC0, 0x8CC0, 0x9D40, 0x9D40, 0x5320, 0x5320, 0xFFFF, 0xFFFF, 0xFFFF, 0xFFFF, 0xFFFF, 0xFFFF, 0xFFFF, 0xFFFF,
    0x8880, 0x8880, 0x1082, 0x1082, 0x1082, 0x1082, 0x2180, 0x2180, 0x5320, 0x5320, 0x9D40, 0x9D40, 0x9D40, 0x9D40, 0x9D40, 0x9D40, 0x9D40, 0x9D40, 0x9D40, 0x9D40, 0x9D40, 0x9D40, 0xCEE0, 0xCEE0, 0x5320, 0x5320, 0xCEE0, 0xCEE0, 0xFFFF, 0xFFFF, 0xFFFF, 0xFFFF,
    0x8880, 0x8880, 0x1082, 0x1082, 0x1082, 0x1082, 0x2180, 0x2180, 0x5320, 0x5320, 0x9D40, 0x9D40, 0x9D40, 0x9D40, 0x9D40, 0x9D40, 0x9D40, 0x9D40, 0x9D40, 0x9D40, 0x9D40, 0x9D40, 0xCEE0, 0xCEE0, 0x5320, 0x5320, 0xCEE0, 0xCEE0, 0xFFFF, 0xFFFF, 0xFFFF, 0xFFFF,
    0x1082, 0x1082, 0x1082, 0x1082, 0x2180, 0x2180, 0x42A0, 0x42A0, 0x8CC0, 0x8CC0, 0x9D40, 0x9D40, 0x9D40, 0x9D40, 0x9D40, 0x9D40, 0x63A0, 0x63A0, 0x63A0, 0x63A0, 0x9D40, 0x9D40, 0x9D40, 0x9D40, 0xCEE0, 0xCEE0, 0x8CC0, 0x8CC0, 0xFFFF, 0xFFFF, 0xFFFF, 0xFFFF,
    0x1082, 0x1082, 0x1082, 0x1082, 0x2180, 0x2180, 0x42A0, 0x42A0, 0x8CC0, 0x8CC0, 0x9D40, 0x9D40, 0x9D40, 0x9D40, 0x9D40, 0x9D40, 0x63A0, 0x63A0, 0x63A0, 0x63A0, 0x9D40, 0x9D40, 0x9D40, 0x9D40, 0xCEE0, 0xCEE0, 0x8CC0, 0x8CC0, 0xFFFF, 0xFFFF, 0xFFFF, 0xFFFF,
    0x1082, 0x1082, 0x1082, 0x1082, 0x2180, 0x2180, 0x1082, 0x1082, 0x42A0, 0x42A0, 0x8CC0, 0x8CC0, 0x8CC0, 0x8CC0, 0x63A0, 0x63A0, 0x9D40, 0x9D40, 0x9D40, 0x9D40, 0x9D40, 0x9D40, 0x9D40, 0x9D40, 0x9D40, 0x9D40, 0x9D40, 0x9D40, 0xCEE0, 0xCEE0, 0x9D40, 0x9D40,
    0x1082, 0x1082, 0x1082, 0x1082, 0x2180, 0x2180, 0x1082, 0x1082, 0x42A0, 0x42A0, 0x8CC0, 0x8CC0, 0x8CC0, 0x8CC0, 0x63A0, 0x63A0, 0x9D40, 0x9D40, 0x9D40, 0x9D40, 0x9D40, 0x9D40, 0x9D40, 0x9D40, 0x9D40, 0x9D40, 0x9D40, 0x9D40, 0xCEE0, 0xCEE0, 0x9D40, 0x9D40,
    0x2180, 0x2180, 0x2180, 0x2180, 0x5320, 0x5320, 0x1082, 0x1082, 0x1082, 0x1082, 0x2180, 0x2180, 0x5320, 0x5320, 0x5320, 0x5320, 0x42A0, 0x42A0, 0x63A0, 0x63A0, 0x9D40, 0x9D40, 0xCEE0, 0xCEE0, 0x9D40, 0x9D40, 0x8CC0, 0x8CC0, 0x9D40, 0x9D40, 0xCEE0, 0xCEE0,
    0x2180, 0x2180, 0x2180, 0x2180, 0x5320, 0x5320, 0x1082, 0x1082, 0x1082, 0x1082, 0x2180, 0x2180, 0x5320, 0x5320, 0x5320, 0x5320, 0x42A0, 0x42A0, 0x63A0, 0x63A0, 0x9D40, 0x9D40, 0xCEE0, 0xCEE0, 0x9D40, 0x9D40, 0x8CC0, 0x8CC0, 0x9D40, 0x9D40, 0xCEE0, 0xCEE0,
    0x2180, 0x2180, 0x5320, 0x5320, 0x5320, 0x5320, 0x2180, 0x2180, 0x1082, 0x1082, 0x1082, 0x1082, 0x1082, 0x1082, 0x63B1, 0x63B1, 0x63B1, 0x63B1, 0x1082, 0x1082, 0x2180, 0x2180, 0x63A0, 0x63A0, 0x5320, 0x5320, 0x63A0, 0x63A0, 0x8CC0, 0x8CC0, 0x9D40, 0x9D40,
    0x2180, 0x2180, 0x5320, 0x5320, 0x5320, 0x5320, 0x2180, 0x2180, 0x1082, 0x1082, 0x1082, 0x1082, 0x1082, 0x1082, 0x63B1, 0x63B1, 0x63B1, 0x63B1, 0x1082, 0x1082, 0x2180, 0x2180, 0x63A0, 0x63A0, 0x5320, 0x5320, 0x63A0, 0x63A0, 0x8CC0, 0x8CC0, 0x9D40, 0x9D40,
    0x2180, 0x2180, 0x1082, 0x1082, 0x42A0, 0x42A0, 0x9D40, 0x9D40, 0x63A0, 0x63A0, 0x2180, 0x2180, 0x1082, 0x1082, 0xBDD7, 0xBDD7, 0xFFFF, 0xFFFF, 0x1082, 0x1082, 0x1082, 0x1082, 0x42A0, 0x42A0, 0x63A0, 0x63A0, 0x9D40, 0x9D40, 0x63A0, 0x63A0, 0x42A0, 0x42A0,
    0x2180, 0x2180, 0x1082, 0x1082, 0x42A0, 0x42A0, 0x9D40, 0x9D40, 0x63A0, 0x63A0, 0x2180, 0x2180, 0x1082, 0x1082, 0xBDD7, 0xBDD7, 0xFFFF, 0xFFFF, 0x1082, 0x1082, 0x1082, 0x1082, 0x42A0, 0x42A0, 0x63A0, 0x63A0, 0x9D40, 0x9D40, 0x63A0, 0x63A0, 0x42A0, 0x42A0,
    0x1082, 0x1082, 0x1082, 0x1082, 0x1082, 0x1082, 0x42A0, 0x42A0, 0x9D40, 0x9D40, 0x9D40, 0x9D40, 0x2180, 0x2180, 0x1082, 0x1082, 0x1082, 0x1082, 0x42A0, 0x42A0, 0x63A0, 0x63A0, 0x8CC0, 0x8CC0, 0xCEE0, 0xCEE0, 0xCEE0, 0xCEE0, 0x8CC0, 0x8CC0, 0x2180, 0x2180,
    0x1082, 0x1082, 0x1082, 0x1082, 0x1082, 0x1082, 0x42A0, 0x42A0, 0x9D40, 0x9D40, 0x9D40, 0x9D40, 0x2180, 0x2180, 0x1082, 0x1082, 0x1082, 0x1082, 0x42A0, 0x42A0, 0x63A0, 0x63A0, 0x8CC0, 0x8CC0, 0xCEE0, 0xCEE0, 0xCEE0, 0xCEE0, 0x8CC0, 0x8CC0, 0x2180, 0x2180,
    0x1082, 0x1082, 0x1082, 0x1082, 0x1082, 0x1082, 0x1082, 0x1082, 0x2180, 0x2180, 0x63A0, 0x63A0, 0x5320, 0x5320, 0x5320, 0x5320, 0xCEE0, 0xCEE0, 0x9D40, 0x9D40, 0x2180, 0x2180, 0x42A0, 0x42A0, 0x5320, 0x5320, 0xCEE0, 0xCEE0, 0x9D40, 0x9D40, 0x8CC0, 0x8CC0,
    0x1082, 0x1082, 0x1082, 0x1082, 0x1082, 0x1082, 0x1082, 0x1082, 0x2180, 0x2180, 0x63A0, 0x63A0, 0x5320, 0x5320, 0x5320, 0x5320, 0xCEE0, 0xCEE0, 0x9D40, 0x9D40, 0x2180, 0x2180, 0x42A0, 0x42A0, 0x5320, 0x5320, 0xCEE0, 0xCEE0, 0x9D40, 0x9D40, 0x8CC0, 0x8CC0,
    0x1082, 0x1082, 0x1082, 0x1082, 0x1082, 0x1082, 0x2180, 0x2180, 0x8CC0, 0x8CC0, 0x9D40, 0x9D40, 0x63A0, 0x63A0, 0x9D40, 0x9D40, 0x5320, 0x5320, 0x2180, 0x2180, 0x42A0, 0x42A0, 0x63A0, 0x63A0, 0x9D40, 0x9D40, 0x9D40, 0x9D40, 0xCEE0, 0xCEE0, 0x9D40, 0x9D40,
    0x1082, 0x1082, 0x1082, 0x1082, 0x1082, 0x1082, 0x2180, 0x2180, 0x8CC0, 0x8CC0, 0x9D40, 0x9D40, 0x63A0, 0x63A0, 0x9D40, 0x9D40, 0x5320, 0x5320, 0x2180, 0x2180, 0x42A0, 0x42A0, 0x63A0, 0x63A0, 0x9D40, 0x9D40, 0x9D40, 0x9D40, 0xCEE0, 0xCEE0, 0x9D40, 0x9D40,
    0x5320, 0x5320, 0x2180, 0x2180, 0x63A0, 0x63A0, 0x9D40, 0x9D40, 0xCEE0, 0xCEE0, 0x8CC0, 0x8CC0, 0x9D40, 0x9D40, 0x63A0, 0x63A0, 0x5320, 0x5320, 0x9D40, 0x9D40, 0x5320, 0x5320, 0x1082, 0x1082, 0x1082, 0x1082, 0x5320, 0x5320, 0x8CC0, 0x8CC0, 0x2180, 0x2180,
    0x5320, 0x5320, 0x2180, 0x2180, 0x63A0, 0x63A0, 0x9D40, 0x9D40, 0xCEE0, 0xCEE0, 0x8CC0, 0x8CC0, 0x9D40, 0x9D40, 0x63A0, 0x63A0, 0x5320, 0x5320, 0x9D40, 0x9D40, 0x5320, 0x5320, 0x1082, 0x1082, 0x1082, 0x1082, 0x5320, 0x5320, 0x8CC0, 0x8CC0, 0x2180, 0x2180,
};
constexpr int SUZAKU_RYU_F0_W = 26;
constexpr int SUZAKU_RYU_F0_H = 44;
static const uint16_t SUZAKU_RYU_F0[1144] = {
    0x000E, 0x000E, 0x000E, 0x000E, 0x000E, 0x000E, 0x000E, 0x000E, 0x000E, 0x000E, 0x000E, 0x000E, 0x000E, 0x0000, 0x0000, 0x0000, 0x0000, 0x000E, 0x000E, 0x000E, 0x000E, 0x000E, 0x000E, 0x000E, 0x000E, 0x000E,
    0x000E, 0x000E, 0x000E, 0x000E, 0x000E, 0x000E, 0x000E, 0x000E, 0x000E, 0x000E, 0x000E, 0x000E, 0x0000, 0x0398, 0x0294, 0x0294, 0x0294, 0x0000, 0x000E, 0x000E, 0x000E, 0x000E, 0x000E, 0x000E, 0x000E, 0x000E,
    0x000E, 0x000E, 0x000E, 0x000E, 0x000E, 0x000E, 0x000E, 0x000E, 0x000E, 0x000E, 0x000E, 0x000E, 0x7000, 0x0000, 0xE000, 0xE000, 0xA000, 0x0000, 0x000E, 0x000E, 0x000E, 0x000E, 0x000E, 0x000E, 0x000E, 0x000E,
    0x000E, 0x000E, 0x000E, 0x000E, 0x000E, 0x000E, 0x000E, 0x000E, 0x000E, 0x000E, 0x000E, 0x000E, 0xA284, 0xE52E, 0xA284, 0x0000, 0xC42A, 0x000E, 0x000E, 0x000E, 0x000E, 0x000E, 0x000E, 0x000E, 0x000E, 0x000E,
    0x000E, 0x000E, 0x000E, 0x000E, 0x000E, 0x000E, 0xD4AC, 0xF7BE, 0xE6B8, 0xC636, 0xC636, 0xE52E, 0xC42A, 0xD4AC, 0xC42A, 0xD4AC, 0xA284, 0x000E, 0x000E, 0x000E, 0x000E, 0x000E, 0x000E, 0x000E, 0x000E, 0x000E,
    0x000E, 0x000E, 0x000E, 0x000E, 0xD4AC, 0xF632, 0xF632, 0xC636, 0xF7BE, 0xC636, 0xA534, 0xC430, 0xC42A, 0xC42A, 0xC42A, 0x9182, 0xB5B6, 0xA534, 0x000E, 0x000E, 0x000E, 0x000E, 0x000E, 0x000E, 0x000E, 0x000E,
    0x000E, 0x000E, 0x000E, 0x000E, 0xD4AC, 0xF632, 0xF632, 0xB306, 0xF7BE, 0xF7BE, 0x9182, 0xB30E, 0xB306, 0xB306, 0xC42A, 0xD4AC, 0xF7BE, 0xE6B8, 0xB5B6, 0xF7BE, 0x000E, 0x000E, 0x000E, 0x000E, 0x000E, 0x000E,
    0x000E, 0x000E, 0x000E, 0x000E, 0x9182, 0xE52E, 0xF632, 0xB306, 0xA284, 0xF7BE, 0xB306, 0xB306, 0xB306, 0x9182, 0x9182, 0xF7BE, 0xC636, 0xF7BE, 0xB306, 0xD4AC, 0xF632, 0x000E, 0x000E, 0x000E, 0x000E, 0x000E,
    0x000E, 0x000E, 0x000E, 0x000E, 0xF632, 0xC42A, 0xB306, 0xF632, 0xF632, 0xC636, 0xC42A, 0xD4AC, 0xD4AC, 0x9182, 0x9182, 0xF7BE, 0xF7BE, 0xF7BE, 0xB306, 0xF632, 0xF632, 0xA284, 0x000E, 0x000E, 0x000E, 0x000E,
    0x000E, 0x000E, 0x000E, 0x000E, 0xF632, 0xE52E, 0xD4AC, 0xE52E, 0xF632, 0xC636, 0xD4AC, 0xB306, 0x9182, 0xA082, 0xA082, 0xB5B6, 0xF7BE, 0xA534, 0xF632, 0xF632, 0xD4AC, 0xD4AC, 0x000E, 0x000E, 0x000E, 0x000E,
    0x000E, 0x000E, 0x000E, 0x000E, 0xB306, 0xD4AC, 0xE52E, 0xE52E, 0xA284, 0x9182, 0xF000, 0xF38E, 0xF000, 0xF38E, 0xF38E, 0xE52E, 0xF7BE, 0x9182, 0xD4AC, 0xD4AC, 0xD4AC, 0xB306, 0x000E, 0x000E, 0x000E, 0x000E,
    0x000E, 0x000E, 0x000E, 0x000E, 0x9208, 0xD4AC, 0xD4AC, 0xD4AC, 0xE52E, 0xF632, 0xF000, 0xF38E, 0xF000, 0xF38E, 0xF000, 0x9182, 0xE73A, 0xE6B8, 0xB306, 0xC42A, 0xD4AC, 0xC42A, 0x000E, 0x000E, 0x000E, 0x000E,
    0x000E, 0x000E, 0x000E, 0x000E, 0x9208, 0xB30E, 0xC430, 0xC42A, 0xC42A, 0xB306, 0xF000, 0xF000, 0xD000, 0xC000, 0xF38E, 0xE52E, 0xE6B8, 0xC430, 0xD4AC, 0xD4AC, 0xC42A, 0xA284, 0xB306, 0x000E, 0x000E, 0x000E,
    0x000E, 0x000E, 0x000E, 0x000E, 0x9208, 0xC430, 0xB30E, 0xC430, 0xC430, 0xA28C, 0xA082, 0xA082, 0xF7BE, 0xF7BE, 0xF7BE, 0xA534, 0xC63C, 0x9208, 0xC42A, 0xD4AC, 0xA284, 0xD4AC, 0xC42A, 0x000E, 0x000E, 0x000E,
    0x000E, 0x000E, 0x000E, 0x000E, 0x000E, 0x000E, 0x8430, 0xE6B8, 0xE6B8, 0xF7BE, 0x8430, 0xF7BE, 0xF7BE, 0xE73A, 0xE6B8, 0xC63C, 0xC63C, 0xC42A, 0x9182, 0x7000, 0xD000, 0xF000, 0xB30E, 0x000E, 0x000E, 0x000E,
    0x000E, 0x000E, 0x000E, 0x000E, 0x000E, 0x000E, 0x8430, 0xE6B8, 0xE6B8, 0xE73A, 0xA534, 0xE73A, 0xE6B8, 0xC63C, 0xC63C, 0xC63C, 0xB5B6, 0xF632, 0xF000, 0xF000, 0xF38E, 0xF000, 0xC430, 0x9208, 0x000E, 0x000E,
    0x000E, 0x000E, 0x000E, 0x000E, 0x000E, 0x000E, 0x000E, 0xC63C, 0xC63C, 0xC63C, 0xC63C, 0xC63C, 0xB5B6, 0xC63C, 0xC63C, 0x8430, 0xC63C, 0xA28C, 0xA082, 0xF000, 0xF38E, 0xF000, 0xB30E, 0x9208, 0x000E, 0x000E,
    0x000E, 0x000E, 0x000E, 0x000E, 0x000E, 0x000E, 0x000E, 0xA534, 0x3186, 0xA534, 0xC63C, 0xC63C, 0xB5BA, 0xB5BA, 0x0000, 0x0000, 0xA534, 0xA284, 0xF000, 0xF28A, 0xF28A, 0xD000, 0x000E, 0x000E, 0x000E, 0x000E,
    0x000E, 0x000E, 0x000E, 0x000E, 0x000E, 0x000E, 0x000E, 0xC636, 0xB5BA, 0x0000, 0x0000, 0x0000, 0x0000, 0x3186, 0x4208, 0xC63C, 0xA534, 0xB5B6, 0xC000, 0xA082, 0xC000, 0x000E, 0x000E, 0x000E, 0x000E, 0x000E,
    0x000E, 0x000E, 0x000E, 0x000E, 0x000E, 0x000E, 0xA534, 0xC63C, 0xC63C, 0x0000, 0xC63C, 0xC63C, 0x0000, 0xC63C, 0xC63C, 0xC63C, 0xB5BA, 0xA534, 0x000E, 0x000E, 0x000E, 0x000E, 0x000E, 0x000E, 0x000E, 0x000E,
    0x000E, 0x000E, 0x000E, 0x000E, 0x000E, 0x000E, 0xA534, 0xC63C, 0x8430, 0x0000, 0xC63C, 0xC63C, 0x0000, 0xC63C, 0xC63C, 0xE73A, 0xB5BA, 0xA534, 0x000E, 0x000E, 0x000E, 0x000E, 0x000E, 0x000E, 0x000E, 0x000E,
    0x000E, 0x000E, 0x000E, 0x000E, 0x000E, 0xB5B6, 0xA534, 0xE73A, 0x3186, 0x3186, 0xC63C, 0xC63C, 0x0000, 0xC63C, 0xE6B8, 0xF7BE, 0xB5BA, 0x8430, 0x000E, 0x000E, 0x000E, 0x000E, 0x000E, 0x000E, 0x000E, 0x000E,
    0x000E, 0x000E, 0x000E, 0x000E, 0xB5B6, 0xF7BE, 0xA534, 0xF7BE, 0x0000, 0x4208, 0xC63C, 0xC63C, 0x0000, 0x8430, 0xF7BE, 0xF7BE, 0xC63C, 0xB5BA, 0x000E, 0x000E, 0x000E, 0x000E, 0x000E, 0x000E, 0x000E, 0x000E,
    0x000E, 0x000E, 0x000E, 0x000E, 0xE73A, 0xF7BE, 0xF7BE, 0xF7BE, 0x4208, 0x4208, 0xA534, 0xA534, 0x0000, 0x8430, 0xA538, 0xE6B8, 0xE6B8, 0xC63C, 0x000E, 0x000E, 0x000E, 0x000E, 0x000E, 0x000E, 0x000E, 0x000E,
    0x000E, 0x000E, 0x000E, 0xC636, 0xF7BE, 0xF7BE, 0xF7BE, 0xF7BE, 0xA534, 0x0000, 0xB5B6, 0xB5BA, 0x0000, 0xA534, 0xE73A, 0xE73A, 0xE73A, 0xE73A, 0xA534, 0x000E, 0x000E, 0x000E, 0x000E, 0x000E, 0x000E, 0x000E,
    0x000E, 0x000E, 0x000E, 0xE73A, 0xF7BE, 0xF7BE, 0xF7BE, 0xF7BE, 0xC63C, 0x0000, 0xC63C, 0xA538, 0xC636, 0xB5BA, 0xE73A, 0xE73A, 0xE73A, 0xE73A, 0xC636, 0x000E, 0x000E, 0x000E, 0x000E, 0x000E, 0x000E, 0x000E,
    0x000E, 0x000E, 0x000E, 0xF7BE, 0xF7BE, 0xF7BE, 0xF7BE, 0xF7BE, 0xE6B8, 0xC63C, 0x8430, 0x8430, 0xA538, 0xB5BA, 0xE73A, 0xE73A, 0xE73A, 0xE73A, 0xE6B8, 0x000E, 0x000E, 0x000E, 0x000E, 0x000E, 0x000E, 0x000E,
    0x000E, 0x000E, 0xB5B6, 0xE73A, 0xF7BE, 0xF7BE, 0xF7BE, 0xF7BE, 0xE73A, 0xC63C, 0x000E, 0x000E, 0xB5BA, 0xC63C, 0xE73A, 0xE73A, 0xE73A, 0xE73A, 0xE73A, 0xB5B6, 0x000E, 0x000E, 0x000E, 0x000E, 0x000E, 0x000E,
    0x000E, 0x000E, 0xA534, 0xF7BE, 0xF7BE, 0xF7BE, 0xF7BE, 0xF7BE, 0xF7BE, 0xC63C, 0x000E, 0x000E, 0xA538, 0xC63C, 0xE6B8, 0xE73A, 0xE73A, 0xE73A, 0xE73A, 0xE6B8, 0x000E, 0x000E, 0x000E, 0x000E, 0x000E, 0x000E,
    0x000E, 0x000E, 0x8430, 0xF7BE, 0xE73A, 0xF7BE, 0xF7BE, 0xF7BE, 0xF7BE, 0x8430, 0x000E, 0x000E, 0x000E, 0xE6B8, 0xE73A, 0xE73A, 0xE73A, 0xE73A, 0xE73A, 0xE6B8, 0xE73A, 0x000E, 0x000E, 0x000E, 0x000E, 0x000E,
    0x000E, 0x000E, 0x8430, 0xE6B8, 0xE6B8, 0xF7BE, 0xF7BE, 0xF7BE, 0xE73A, 0x8430, 0x000E, 0x000E, 0x000E, 0xB5BA, 0xE73A, 0xE73A, 0xE73A, 0xE6B8, 0xE73A, 0xE6B8, 0xF7BE, 0xB5B6, 0x000E, 0x000E, 0x000E, 0x000E,
    0x000E, 0x000E, 0xA534, 0xC63C, 0xC63C, 0xE6B8, 0xF7BE, 0xF7BE, 0xC63C, 0x000E, 0x000E, 0x000E, 0x000E, 0x8430, 0xE6B8, 0xE73A, 0xE73A, 0xC636, 0xC63C, 0xC63C, 0xE73A, 0xF7BE, 0x000E, 0x000E, 0x000E, 0x000E,
    0x000E, 0x000E, 0xC63C, 0xC63C, 0xC63C, 0xC63C, 0xE6B8, 0xC63C, 0xB5BA, 0x000E, 0x000E, 0x000E, 0x000E, 0x000E, 0xC63C, 0xE6B8, 0xE6B8, 0xE73A, 0xE6B8, 0xC63C, 0xC63C, 0xE6B8, 0xA534, 0x000E, 0x000E, 0x000E,
    0x000E, 0x000E, 0xC63C, 0xC63C, 0xC63C, 0xC63C, 0xE6B8, 0xC63C, 0xA538, 0x000E, 0x000E, 0x000E, 0x000E, 0x000E, 0xA538, 0xC63C, 0xE6B8, 0xE6B8, 0xC63C, 0xC63C, 0xC63C, 0xE6B8, 0xB5B6, 0x000E, 0x000E, 0x000E,
    0x000E, 0x000E, 0xC63C, 0xC63C, 0xC63C, 0xC63C, 0xC63C, 0xC63C, 0xC63C, 0x000E, 0x000E, 0x000E, 0x000E, 0x000E, 0x000E, 0xC63C, 0xC63C, 0xC63C, 0xC63C, 0xC63C, 0xC63C, 0xE6B8, 0xC636, 0x000E, 0x000E, 0x000E,
    0x000E, 0x000E, 0xC63C, 0xC63C, 0xC63C, 0xC63C, 0xC63C, 0xC63C, 0xC63C, 0x000E, 0x000E, 0x000E, 0x000E, 0x000E, 0x000E, 0xA538, 0xC63C, 0xC63C, 0xC63C, 0xC63C, 0xC63C, 0xC63C, 0xC63C, 0x000E, 0x000E, 0x000E,
    0x000E, 0x000E, 0xC63C, 0xC63C, 0xC63C, 0xC63C, 0xC63C, 0xC63C, 0xC63C, 0x000E, 0x000E, 0x000E, 0x000E, 0x000E, 0x000E, 0x000E, 0xA538, 0xC63C, 0xC63C, 0xC63C, 0xC63C, 0xC63C, 0xA538, 0x000E, 0x000E, 0x000E,
    0x000E, 0x000E, 0xA534, 0xB5BA, 0xC63C, 0xC63C, 0xC63C, 0xC63C, 0xB5BA, 0x000E, 0x000E, 0x000E, 0x000E, 0x000E, 0x000E, 0x000E, 0x8430, 0xC63C, 0xC63C, 0xC63C, 0xC63C, 0xA538, 0xB30E, 0x000E, 0x000E, 0x000E,
    0x000E, 0x000E, 0x8430, 0x000E, 0xC63C, 0x8430, 0xB5BA, 0x8430, 0x8430, 0x000E, 0x000E, 0x000E, 0x000E, 0x000E, 0x000E, 0x000E, 0x000E, 0xC63C, 0xB5BA, 0xC63C, 0xA538, 0xB30E, 0xB306, 0x000E, 0x000E, 0x000E,
    0x000E, 0x000E, 0x000E, 0xA284, 0xB30E, 0xB30E, 0xB30E, 0x000E, 0x000E, 0x000E, 0x000E, 0x000E, 0x000E, 0x000E, 0x000E, 0x000E, 0x000E, 0x000E, 0x000E, 0x000E, 0xB306, 0xD4AC, 0xD4AC, 0xC42A, 0x000E, 0x000E,
    0x000E, 0x000E, 0x000E, 0xD4AC, 0xD4AC, 0xD4AC, 0xA284, 0x000E, 0x000E, 0x000E, 0x000E, 0x000E, 0x000E, 0x000E, 0x000E, 0x000E, 0x000E, 0x000E, 0x000E, 0x000E, 0xD4AC, 0xD4AC, 0xD4AC, 0xD4AC, 0xC42A, 0x000E,
    0x000E, 0x000E, 0xD4AC, 0xD4AC, 0xB306, 0xD4AC, 0xC42A, 0x000E, 0x000E, 0x000E, 0x000E, 0x000E, 0x000E, 0x000E, 0x000E, 0x000E, 0x000E, 0x000E, 0x000E, 0x000E, 0xD4AC, 0xC42A, 0xB306, 0xB306, 0xB306, 0xB306,
    0xB306, 0xA284, 0xA284, 0xA284, 0xD4AC, 0xD4AC, 0xD4AC, 0x000E, 0x000E, 0x000E, 0x000E, 0x000E, 0x000E, 0x000E, 0x000E, 0x000E, 0x000E, 0x000E, 0x000E, 0x000E, 0xD4AC, 0xD4AC, 0xB306, 0xB306, 0xB306, 0x9182,
    0x9182, 0x9182, 0xA284, 0x9182, 0xC42A, 0xB306, 0xB306, 0x000E, 0x000E, 0x000E, 0x000E, 0x000E, 0x000E, 0x000E, 0x000E, 0x000E, 0x000E, 0x000E, 0x000E, 0x000E, 0x000E, 0x000E, 0x000E, 0x000E, 0x000E, 0x000E,
};
constexpr int SUZAKU_RYU_F1_W = 26;
constexpr int SUZAKU_RYU_F1_H = 44;
static const uint16_t SUZAKU_RYU_F1[1144] = {
    0x000E, 0x000E, 0x000E, 0x000E, 0x000E, 0x000E, 0x000E, 0x000E, 0x000E, 0x000E, 0x000E, 0x000E, 0x000E, 0x000E, 0x0000, 0x000E, 0x000E, 0x000E, 0x000E, 0x000E, 0x000E, 0x000E, 0x000E, 0x000E, 0x000E, 0x000E,
    0x000E, 0x000E, 0x000E, 0x000E, 0x000E, 0x000E, 0x000E, 0x000E, 0x000E, 0x000E, 0x000E, 0x000E, 0x0000, 0x0398, 0x0294, 0x000C, 0x000C, 0x000E, 0x000E, 0x000E, 0x000E, 0x000E, 0x000E, 0x000E, 0x000E, 0x000E,
    0x000E, 0x000E, 0x000E, 0x000E, 0x000E, 0x000E, 0x000E, 0x000E, 0x000E, 0x000E, 0x000E, 0x000E, 0x0000, 0x000C, 0x0000, 0x0000, 0x000C, 0x000E, 0x000E, 0x000E, 0x000E, 0x000E, 0x000E, 0x000E, 0x000E, 0x000E,
    0x000E, 0x000E, 0x000E, 0x000E, 0x000E, 0x000E, 0x000E, 0x000E, 0x000E, 0x000E, 0x000E, 0x000E, 0xA284, 0xE52E, 0xA284, 0xD4AC, 0xA000, 0x000E, 0x000E, 0x000E, 0x000E, 0x000E, 0x000E, 0x000E, 0x000E, 0x000E,
    0x000E, 0x000E, 0x000E, 0x000E, 0x000E, 0x000E, 0xE52E, 0xD4AC, 0xF7BE, 0xC636, 0xC636, 0xF632, 0xC42A, 0xC42A, 0xC42A, 0xD4AC, 0x000E, 0x000E, 0x000E, 0x000E, 0x000E, 0x000E, 0x000E, 0x000E, 0x000E, 0x000E,
    0x000E, 0x000E, 0x000E, 0x000E, 0x000E, 0xF632, 0xF632, 0xE52E, 0xF7BE, 0xF7BE, 0xF7BE, 0xC430, 0xC42A, 0xB306, 0xC42A, 0x7000, 0xC636, 0x000E, 0x000E, 0x000E, 0x000E, 0x000E, 0x000E, 0x000E, 0x000E, 0x000E,
    0x000E, 0x000E, 0x000E, 0x000E, 0x000E, 0xD4AC, 0xF632, 0xC42A, 0xC636, 0xF7BE, 0x9182, 0xA284, 0xB306, 0xF632, 0x9182, 0xF7BE, 0xF7BE, 0xF7BE, 0xF7BE, 0x8430, 0xE6B8, 0x000E, 0x000E, 0x000E, 0x000E, 0x000E,
    0x000E, 0x000E, 0x000E, 0x000E, 0x000E, 0xB306, 0xE52E, 0xF632, 0xD4AC, 0xC636, 0x9182, 0xB306, 0xD000, 0xC000, 0xA082, 0xB5B6, 0xF7BE, 0xA28C, 0xD4AC, 0xF632, 0xA284, 0x000E, 0x000E, 0x000E, 0x000E, 0x000E,
    0x000E, 0x000E, 0x000E, 0x000E, 0xB306, 0xC42A, 0xF632, 0xF632, 0xF632, 0x9182, 0x9182, 0xA082, 0xF000, 0xF38E, 0xC000, 0xF7BE, 0xF7BE, 0xA28C, 0xC42A, 0xF632, 0xD4AC, 0x000E, 0x000E, 0x000E, 0x000E, 0x000E,
    0x000E, 0x000E, 0x000E, 0x000E, 0xB306, 0xD4AC, 0xE52E, 0xD4AC, 0xB306, 0xF632, 0xF000, 0xF000, 0xF000, 0xC000, 0xF38E, 0xD4AC, 0xF7BE, 0xE52E, 0xF632, 0xD4AC, 0xD4AC, 0x000E, 0x000E, 0x000E, 0x000E, 0x000E,
    0x000E, 0x000E, 0x000E, 0x000E, 0x000E, 0xC42A, 0xD4AC, 0xD4AC, 0xD4AC, 0xD4AC, 0xD000, 0xF28A, 0xC000, 0x9208, 0xB5B6, 0xA284, 0xF7BE, 0xA28C, 0xD4AC, 0xC42A, 0xC42A, 0xB306, 0x000E, 0x000E, 0x000E, 0x000E,
    0x000E, 0x000E, 0x000E, 0x000E, 0x000E, 0xA28C, 0xB30E, 0xC430, 0xC430, 0xB30E, 0x9182, 0xD4AC, 0xF7BE, 0xF7BE, 0xF7BE, 0xE73A, 0xF7BE, 0x9182, 0xD4AC, 0xD4AC, 0x9182, 0xB306, 0x000E, 0x000E, 0x000E, 0x000E,
    0x000E, 0x000E, 0x000E, 0x000E, 0x000E, 0x000E, 0x9208, 0xA28C, 0x8430, 0xE73A, 0xE73A, 0xE73A, 0xE73A, 0xE73A, 0xE73A, 0xC63C, 0xC63C, 0x9182, 0xA082, 0xD000, 0xF000, 0xD4AC, 0xB306, 0x000E, 0x000E, 0x000E,
    0x000E, 0x000E, 0x000E, 0x000E, 0x000E, 0x000E, 0x000E, 0xC63C, 0xC63C, 0xC636, 0xC63C, 0xC63C, 0xB5B6, 0xC63C, 0xE6B8, 0xC63C, 0xC63C, 0xF632, 0xC000, 0xA082, 0xA082, 0xC430, 0xC430, 0x000E, 0x000E, 0x000E,
    0x000E, 0x000E, 0x000E, 0x000E, 0x000E, 0x000E, 0x000E, 0xA538, 0xC63C, 0xC63C, 0xC63C, 0xA534, 0xC63C, 0xC63C, 0xC63C, 0xB5B6, 0xC63C, 0x9182, 0xC000, 0xA082, 0xA082, 0xA284, 0xC430, 0x000E, 0x000E, 0x000E,
    0x000E, 0x000E, 0x000E, 0x000E, 0x000E, 0x000E, 0x000E, 0x8430, 0xC63C, 0xC63C, 0xC63C, 0xC63C, 0xC63C, 0xC63C, 0xC63C, 0xA534, 0xC63C, 0x9182, 0xC000, 0xC000, 0xF000, 0xB306, 0xB30E, 0x000E, 0x000E, 0x000E,
    0x000E, 0x000E, 0x000E, 0x000E, 0x000E, 0x000E, 0x000E, 0x000E, 0x8430, 0xC63C, 0xC636, 0xC63C, 0xC63C, 0xC63C, 0xC63C, 0xC63C, 0xB5BA, 0x000E, 0xC000, 0xC000, 0xC000, 0xA28C, 0x000E, 0x000E, 0x000E, 0x000E,
    0x000E, 0x000E, 0x000E, 0x000E, 0x000E, 0x000E, 0x000E, 0x000E, 0x4208, 0x0000, 0x0000, 0x0000, 0x4208, 0x0000, 0x0000, 0x3186, 0xE6B8, 0x000E, 0x000E, 0x000E, 0x000E, 0x000E, 0x000E, 0x000E, 0x000E, 0x000E,
    0x000E, 0x000E, 0x000E, 0x000E, 0x000E, 0x000E, 0x000E, 0xC63C, 0xC63C, 0x0000, 0x0000, 0x0000, 0x0000, 0xC63C, 0xC63C, 0xA534, 0xA534, 0xB5B6, 0x000E, 0x000E, 0x000E, 0x000E, 0x000E, 0x000E, 0x000E, 0x000E,
    0x000E, 0x000E, 0x000E, 0x000E, 0x000E, 0x000E, 0x000E, 0xC63C, 0xC63C, 0x0000, 0xC63C, 0xA538, 0x0000, 0xC63C, 0xC63C, 0xA534, 0xB5BA, 0xE6B8, 0x000E, 0x000E, 0x000E, 0x000E, 0x000E, 0x000E, 0x000E, 0x000E,
    0x000E, 0x000E, 0x000E, 0x000E, 0x000E, 0x000E, 0xB5B6, 0xF7BE, 0xF7BE, 0x0000, 0xB5BA, 0xC63C, 0x0000, 0xC63C, 0xE6B8, 0xA534, 0xB5BA, 0xE6B8, 0x000E, 0x000E, 0x000E, 0x000E, 0x000E, 0x000E, 0x000E, 0x000E,
    0x000E, 0x000E, 0x000E, 0x000E, 0x000E, 0x000E, 0xF7BE, 0xB5B6, 0x8430, 0x0000, 0xA534, 0xF7BE, 0x0000, 0xF7BE, 0xF7BE, 0xA534, 0xB5BA, 0xB5B6, 0x000E, 0x000E, 0x000E, 0x000E, 0x000E, 0x000E, 0x000E, 0x000E,
    0x000E, 0x000E, 0x000E, 0x000E, 0x000E, 0xE6B8, 0xF7BE, 0xE73A, 0xC63C, 0x3186, 0x8430, 0xC636, 0x0000, 0xB5BA, 0xB5BA, 0xC63C, 0xC63C, 0xA534, 0x000E, 0x000E, 0x000E, 0x000E, 0x000E, 0x000E, 0x000E, 0x000E,
    0x000E, 0x000E, 0x000E, 0x000E, 0x000E, 0xF7BE, 0xF7BE, 0xF7BE, 0xC63C, 0x8430, 0x3186, 0xA534, 0x0000, 0xB5BA, 0xC63C, 0xE73A, 0xE6B8, 0xC63C, 0x000E, 0x000E, 0x000E, 0x000E, 0x000E, 0x000E, 0x000E, 0x000E,
    0x000E, 0x000E, 0x000E, 0x000E, 0xB5B6, 0xF7BE, 0xF7BE, 0xF7BE, 0xE6B8, 0xB5BA, 0x8430, 0xB5BA, 0x0000, 0xB5BA, 0xC63C, 0xE73A, 0xE73A, 0xC63C, 0x000E, 0x000E, 0x000E, 0x000E, 0x000E, 0x000E, 0x000E, 0x000E,
    0x000E, 0x000E, 0x000E, 0x000E, 0xE73A, 0xF7BE, 0xF7BE, 0xF7BE, 0xE73A, 0xC63C, 0xC63C, 0x8430, 0xB5BA, 0xE6B8, 0xC63C, 0xE73A, 0xE73A, 0xE6B8, 0x000E, 0x000E, 0x000E, 0x000E, 0x000E, 0x000E, 0x000E, 0x000E,
    0x000E, 0x000E, 0x000E, 0x000E, 0xF7BE, 0xF7BE, 0xF7BE, 0xF7BE, 0xE73A, 0xC63C, 0xB5BA, 0x000E, 0xB5BA, 0xE73A, 0xE6B8, 0xE6B8, 0xE73A, 0xE73A, 0xB5B6, 0x000E, 0x000E, 0x000E, 0x000E, 0x000E, 0x000E, 0x000E,
    0x000E, 0x000E, 0x000E, 0x000E, 0xF7BE, 0xF7BE, 0xF7BE, 0xF7BE, 0xE73A, 0xE6B8, 0xA538, 0x000E, 0xB5BA, 0xE6B8, 0xE73A, 0xE6B8, 0xE73A, 0xE73A, 0xB5B6, 0x000E, 0x000E, 0x000E, 0x000E, 0x000E, 0x000E, 0x000E,
    0x000E, 0x000E, 0x000E, 0xB5B6, 0xF7BE, 0xF7BE, 0xF7BE, 0xF7BE, 0xE73A, 0xE6B8, 0x8430, 0x000E, 0xA538, 0xC63C, 0xE73A, 0xC63C, 0xE73A, 0xE73A, 0xC636, 0xE6B8, 0x000E, 0x000E, 0x000E, 0x000E, 0x000E, 0x000E,
    0x000E, 0x000E, 0x000E, 0xB5B6, 0xE73A, 0xE73A, 0xF7BE, 0xF7BE, 0xF7BE, 0xC63C, 0x000E, 0x000E, 0x8430, 0xC63C, 0xE73A, 0xC63C, 0xE73A, 0xE73A, 0xE6B8, 0xF7BE, 0x000E, 0x000E, 0x000E, 0x000E, 0x000E, 0x000E,
    0x000E, 0x000E, 0x000E, 0x8430, 0xC63C, 0xC63C, 0xE73A, 0xE73A, 0xE73A, 0xA538, 0x000E, 0x000E, 0x000E, 0xB5BA, 0xC63C, 0xC63C, 0xC63C, 0xE6B8, 0xE6B8, 0xE73A, 0xF7BE, 0x000E, 0x000E, 0x000E, 0x000E, 0x000E,
    0x000E, 0x000E, 0x000E, 0xA538, 0xC63C, 0xC63C, 0xC63C, 0xF7BE, 0xE6B8, 0x8430, 0x000E, 0x000E, 0x000E, 0x8430, 0xC63C, 0xC63C, 0xC63C, 0xC63C, 0xC63C, 0xE6B8, 0xE73A, 0xA534, 0x000E, 0x000E, 0x000E, 0x000E,
    0x000E, 0x000E, 0x000E, 0xB5BA, 0xC63C, 0xC63C, 0xC63C, 0xE73A, 0xC63C, 0x8430, 0x000E, 0x000E, 0x000E, 0x000E, 0xA538, 0xC63C, 0xC63C, 0xC63C, 0xC63C, 0xC63C, 0xE6B8, 0xB5B6, 0x000E, 0x000E, 0x000E, 0x000E,
    0x000E, 0x000E, 0x000E, 0xC63C, 0xC63C, 0xC63C, 0xC63C, 0xC63C, 0xC63C, 0x000E, 0x000E, 0x000E, 0x000E, 0x000E, 0x000E, 0xC63C, 0xC63C, 0xE73A, 0xE6B8, 0xC63C, 0xC63C, 0xC636, 0x000E, 0x000E, 0x000E, 0x000E,
    0x000E, 0x000E, 0x000E, 0xC63C, 0xC63C, 0xC63C, 0xC63C, 0xC63C, 0xC63C, 0x000E, 0x000E, 0x000E, 0x000E, 0x000E, 0x000E, 0xC63C, 0xC63C, 0xC63C, 0xE73A, 0xE73A, 0xC63C, 0xC636, 0x000E, 0x000E, 0x000E, 0x000E,
    0x000E, 0x000E, 0x000E, 0xC63C, 0xC63C, 0xC63C, 0xC63C, 0xC63C, 0xC63C, 0x000E, 0x000E, 0x000E, 0x000E, 0x000E, 0x000E, 0x8430, 0xC63C, 0xC63C, 0xC63C, 0xE6B8, 0xC63C, 0xC63C, 0x000E, 0x000E, 0x000E, 0x000E,
    0x000E, 0x000E, 0x000E, 0xB5BA, 0xC63C, 0xC63C, 0xC63C, 0xC63C, 0xC63C, 0x000E, 0x000E, 0x000E, 0x000E, 0x000E, 0x000E, 0x000E, 0x000E, 0xC63C, 0xC63C, 0xC63C, 0xC63C, 0x8430, 0x000E, 0x000E, 0x000E, 0x000E,
    0x000E, 0x000E, 0x000E, 0xA538, 0xC63C, 0xC63C, 0xC63C, 0xC63C, 0xC63C, 0x000E, 0x000E, 0x000E, 0x000E, 0x000E, 0x000E, 0x000E, 0x000E, 0xC63C, 0xC63C, 0xC63C, 0xC63C, 0xB30E, 0x000E, 0x000E, 0x000E, 0x000E,
    0x000E, 0x000E, 0x000E, 0x8430, 0x8430, 0xC63C, 0xC63C, 0xA538, 0x8430, 0x000E, 0x000E, 0x000E, 0x000E, 0x000E, 0x000E, 0x000E, 0x000E, 0x000E, 0xA534, 0x8430, 0xB30E, 0xC42A, 0x9182, 0x000E, 0x000E, 0x000E,
    0x000E, 0x000E, 0x000E, 0x000E, 0xB30E, 0x8430, 0xB30E, 0x8430, 0x000E, 0x000E, 0x000E, 0x000E, 0x000E, 0x000E, 0x000E, 0x000E, 0x000E, 0x000E, 0x000E, 0x000E, 0xC42A, 0xC42A, 0xD4AC, 0x000E, 0x000E, 0x000E,
    0x000E, 0x000E, 0x000E, 0xC42A, 0xD4AC, 0xD4AC, 0xC42A, 0x8106, 0x000E, 0x000E, 0x000E, 0x000E, 0x000E, 0x000E, 0x000E, 0x000E, 0x000E, 0x000E, 0x000E, 0xD4AC, 0xD4AC, 0xD4AC, 0xD4AC, 0xC42A, 0x000E, 0x000E,
    0x000E, 0x000E, 0x000E, 0xD4AC, 0xD4AC, 0xD4AC, 0xD4AC, 0x000E, 0x000E, 0x000E, 0x000E, 0x000E, 0x000E, 0x000E, 0x000E, 0x000E, 0x000E, 0x000E, 0x000E, 0xA284, 0xE52E, 0xD4AC, 0xD4AC, 0xB306, 0xB306, 0x000E,
    0x000E, 0xB306, 0xA284, 0xA284, 0xB306, 0xD4AC, 0xA284, 0x000E, 0x000E, 0x000E, 0x000E, 0x000E, 0x000E, 0x000E, 0x000E, 0x000E, 0x000E, 0x000E, 0x000E, 0x9182, 0xD4AC, 0xB306, 0xB306, 0xB306, 0x9182, 0x000E,
    0x000E, 0x9182, 0x9182, 0xB306, 0xA284, 0xC42A, 0xB306, 0x000E, 0x000E, 0x000E, 0x000E, 0x000E, 0x000E, 0x000E, 0x000E, 0x000E, 0x000E, 0x000E, 0x000E, 0x000E, 0x000E, 0x000E, 0x000E, 0x000E, 0x000E, 0x000E,
};
constexpr int SUZAKU_RYU_F2_W = 26;
constexpr int SUZAKU_RYU_F2_H = 44;
static const uint16_t SUZAKU_RYU_F2[1144] = {
    0x000E, 0x000E, 0x000E, 0x000E, 0x000E, 0x000E, 0x000E, 0x000E, 0x000E, 0x000E, 0x000E, 0x000E, 0x000E, 0x0000, 0x0000, 0x0000, 0x0000, 0x000E, 0x000E, 0x000E, 0x000E, 0x000E, 0x000E, 0x000E, 0x000E, 0x000E,
    0x000E, 0x000E, 0x000E, 0x000E, 0x000E, 0x000E, 0x000E, 0x000E, 0x000E, 0x000E, 0x000E, 0x000E, 0x0000, 0x0398, 0x0294, 0x000C, 0x000C, 0x0000, 0x000E, 0x000E, 0x000E, 0x000E, 0x000E, 0x000E, 0x000E, 0x000E,
    0x000E, 0x000E, 0x000E, 0x000E, 0x000E, 0x000E, 0x000E, 0x000E, 0x000E, 0x000E, 0x000E, 0x000E, 0x0000, 0x000C, 0x0000, 0x0000, 0x000C, 0x000E, 0x000E, 0x000E, 0x000E, 0x000E, 0x000E, 0x000E, 0x000E, 0x000E,
    0x000E, 0x000E, 0x000E, 0x000E, 0x000E, 0x000E, 0x000E, 0xC636, 0x000E, 0xC636, 0xE6B8, 0xB5B6, 0xA284, 0xC42A, 0xC42A, 0x7000, 0x0000, 0x000E, 0x000E, 0x000E, 0x000E, 0x000E, 0x000E, 0x000E, 0x000E, 0x000E,
    0x000E, 0x000E, 0x000E, 0x000E, 0x000E, 0x000E, 0xE52E, 0xD4AC, 0xF7BE, 0xC636, 0xF7BE, 0xF632, 0xC42A, 0xC42A, 0xC42A, 0xD4AC, 0x000E, 0x000E, 0x000E, 0x000E, 0x000E, 0x000E, 0x000E, 0x000E, 0x000E, 0x000E,
    0x000E, 0x000E, 0x000E, 0x000E, 0x000E, 0xF632, 0xF632, 0xC636, 0xF7BE, 0xF7BE, 0xE6B8, 0xC430, 0xC42A, 0xC42A, 0xC42A, 0x7000, 0xB5B6, 0x000E, 0x000E, 0xF7BE, 0x000E, 0x000E, 0x000E, 0x000E, 0x000E, 0x000E,
    0x000E, 0x000E, 0x000E, 0x000E, 0x000E, 0xD4AC, 0xF632, 0xC42A, 0xC636, 0xF7BE, 0x9182, 0xA284, 0xB306, 0xD4AC, 0x9182, 0xF7BE, 0xC636, 0xF7BE, 0xA284, 0xB306, 0x000E, 0x000E, 0x000E, 0x000E, 0x000E, 0x000E,
    0x000E, 0x000E, 0x000E, 0x000E, 0x000E, 0xB306, 0xE52E, 0xF632, 0xD4AC, 0xC636, 0x9182, 0xD4AC, 0xF632, 0xF000, 0xA082, 0xF7BE, 0xF7BE, 0xF7BE, 0xD4AC, 0xF632, 0xA284, 0x000E, 0x000E, 0x000E, 0x000E, 0x000E,
    0x000E, 0x000E, 0x000E, 0x000E, 0xC42A, 0xF632, 0xC42A, 0xA284, 0xF632, 0x9182, 0xC000, 0xC000, 0xF000, 0xF38E, 0xC000, 0xF7BE, 0xF7BE, 0xC42A, 0xF632, 0xF632, 0xD4AC, 0x000E, 0x000E, 0x000E, 0x000E, 0x000E,
    0x000E, 0x000E, 0x000E, 0x000E, 0xA284, 0xA284, 0xD4AC, 0xD4AC, 0xE52E, 0xF632, 0xF000, 0xF000, 0xF000, 0xC000, 0xF38E, 0xD4AC, 0xF7BE, 0xA28C, 0xD4AC, 0xD4AC, 0xD4AC, 0x000E, 0x000E, 0x000E, 0x000E, 0x000E,
    0x000E, 0x000E, 0x000E, 0x000E, 0x000E, 0xC430, 0xD4AC, 0xC430, 0xC42A, 0xC42A, 0xD000, 0xF28A, 0xC000, 0x8430, 0xC636, 0xA284, 0xF7BE, 0x9182, 0xB306, 0xB306, 0xA284, 0xB306, 0x000E, 0x000E, 0x000E, 0x000E,
    0x000E, 0x000E, 0x000E, 0x000E, 0x000E, 0x9208, 0xC430, 0xC430, 0xC430, 0xB30E, 0xB5B6, 0xF7BE, 0xF7BE, 0xC636, 0xF7BE, 0xE73A, 0xE6B8, 0x9182, 0xD4AC, 0xD4AC, 0xA284, 0xC42A, 0x000E, 0x000E, 0x000E, 0x000E,
    0x000E, 0x000E, 0x000E, 0x000E, 0x000E, 0x000E, 0xB30E, 0xB30E, 0x8430, 0xC636, 0xE73A, 0xE73A, 0xE73A, 0xE73A, 0xE73A, 0xE6B8, 0xC63C, 0xD4AC, 0x7000, 0xA082, 0xB306, 0xD4AC, 0xB306, 0x000E, 0x000E, 0x000E,
    0x000E, 0x000E, 0x000E, 0x000E, 0x000E, 0x000E, 0x000E, 0xC63C, 0xE6B8, 0xE6B8, 0xE6B8, 0xE6B8, 0xC636, 0xE6B8, 0xC63C, 0xC63C, 0xC63C, 0xF632, 0xC000, 0xC000, 0xA082, 0xC430, 0xC430, 0x000E, 0x000E, 0x000E,
    0x000E, 0x000E, 0x000E, 0x000E, 0x000E, 0x000E, 0x000E, 0xA538, 0xC63C, 0xC63C, 0xC636, 0xC63C, 0xC63C, 0xC63C, 0xC63C, 0xC63C, 0xC63C, 0xF632, 0xC000, 0xA082, 0xA082, 0xA284, 0xC430, 0x000E, 0x000E, 0x000E,
    0x000E, 0x000E, 0x000E, 0x000E, 0x000E, 0x000E, 0x000E, 0x000E, 0xC63C, 0xC63C, 0xC63C, 0xC63C, 0xC63C, 0xC63C, 0xC63C, 0xC63C, 0xC63C, 0xF632, 0xC000, 0xA082, 0xA082, 0xB306, 0xB30E, 0x000E, 0x000E, 0x000E,
    0x000E, 0x000E, 0x000E, 0x000E, 0x000E, 0x000E, 0x000E, 0x000E, 0x0000, 0x3186, 0x0000, 0x0000, 0xC636, 0xA534, 0xA534, 0x0000, 0x0000, 0x000E, 0x000E, 0x000E, 0xA28C, 0x000E, 0x000E, 0x000E, 0x000E, 0x000E,
    0x000E, 0x000E, 0x000E, 0x000E, 0x000E, 0x000E, 0x000E, 0xA534, 0xC63C, 0x0000, 0x0000, 0x0000, 0x0000, 0x3186, 0x4208, 0xC636, 0x8430, 0xA534, 0x000E, 0x000E, 0x000E, 0x000E, 0x000E, 0x000E, 0x000E, 0x000E,
    0x000E, 0x000E, 0x000E, 0x000E, 0x000E, 0x000E, 0x000E, 0xC63C, 0xC63C, 0x0000, 0xC63C, 0xC63C, 0x0000, 0xC63C, 0xC63C, 0xA534, 0xB5BA, 0xE6B8, 0x000E, 0x000E, 0x000E, 0x000E, 0x000E, 0x000E, 0x000E, 0x000E,
    0x000E, 0x000E, 0x000E, 0x000E, 0x000E, 0x000E, 0xA534, 0xF7BE, 0xF7BE, 0x0000, 0xF7BE, 0xF7BE, 0x0000, 0xF7BE, 0xE6B8, 0xA534, 0xB5BA, 0xE6B8, 0x000E, 0x000E, 0x000E, 0x000E, 0x000E, 0x000E, 0x000E, 0x000E,
    0x000E, 0x000E, 0x000E, 0x000E, 0x000E, 0x000E, 0xE73A, 0xF7BE, 0xF7BE, 0x0000, 0xE6B8, 0xA534, 0x0000, 0xF7BE, 0xF7BE, 0xA534, 0xB5B6, 0xE6B8, 0x000E, 0x000E, 0x000E, 0x000E, 0x000E, 0x000E, 0x000E, 0x000E,
    0x000E, 0x000E, 0x000E, 0x000E, 0x000E, 0x000E, 0xF7BE, 0xA538, 0xA534, 0x0000, 0xB5BA, 0xB5BA, 0x0000, 0xA534, 0xA534, 0xA534, 0xB5BA, 0x8430, 0x000E, 0x000E, 0x000E, 0x000E, 0x000E, 0x000E, 0x000E, 0x000E,
    0x000E, 0x000E, 0x000E, 0x000E, 0x000E, 0xF7BE, 0xF7BE, 0xF7BE, 0xC63C, 0x0000, 0x0000, 0x8430, 0x0000, 0xB5BA, 0xC63C, 0xC63C, 0xC63C, 0xB5BA, 0x000E, 0x000E, 0x000E, 0x000E, 0x000E, 0x000E, 0x000E, 0x000E,
    0x000E, 0x000E, 0x000E, 0x000E, 0xB5B6, 0xF7BE, 0xF7BE, 0xF7BE, 0xC63C, 0xB5BA, 0x0000, 0x0000, 0x8430, 0xC63C, 0xE73A, 0xE73A, 0xE6B8, 0xC63C, 0x000E, 0x000E, 0x000E, 0x000E, 0x000E, 0x000E, 0x000E, 0x000E,
    0x000E, 0x000E, 0x000E, 0x000E, 0xE73A, 0xF7BE, 0xF7BE, 0xF7BE, 0xE6B8, 0xC63C, 0xC63C, 0xA538, 0xB5BA, 0xC63C, 0xE73A, 0xE73A, 0xE73A, 0xE6B8, 0xB5B6, 0x000E, 0x000E, 0x000E, 0x000E, 0x000E, 0x000E, 0x000E,
    0x000E, 0x000E, 0x000E, 0x000E, 0xF7BE, 0xF7BE, 0xF7BE, 0xF7BE, 0xE6B8, 0xC63C, 0xC63C, 0x8430, 0xC63C, 0xE6B8, 0xE73A, 0xE73A, 0xE73A, 0xE73A, 0xB5B6, 0x000E, 0x000E, 0x000E, 0x000E, 0x000E, 0x000E, 0x000E,
    0x000E, 0x000E, 0x000E, 0xB5B6, 0xF7BE, 0xF7BE, 0xF7BE, 0xF7BE, 0xE6B8, 0xC63C, 0xB5BA, 0x8430, 0xC63C, 0xE73A, 0xE73A, 0xE73A, 0xE73A, 0xE73A, 0xE6B8, 0x000E, 0x000E, 0x000E, 0x000E, 0x000E, 0x000E, 0x000E,
    0x000E, 0x000E, 0x000E, 0xE73A, 0xF7BE, 0xF7BE, 0xF7BE, 0xF7BE, 0xE73A, 0xE73A, 0x8430, 0x000E, 0xC63C, 0xE73A, 0xE73A, 0xE73A, 0xE73A, 0xE73A, 0xE73A, 0xF7BE, 0x000E, 0x000E, 0x000E, 0x000E, 0x000E, 0x000E,
    0x000E, 0x000E, 0x000E, 0xE6B8, 0xE73A, 0xF7BE, 0xF7BE, 0xF7BE, 0xF7BE, 0xE6B8, 0x8430, 0x000E, 0xB5BA, 0xE6B8, 0xE73A, 0xE73A, 0xE73A, 0xE73A, 0xE73A, 0xE73A, 0xC636, 0x000E, 0x000E, 0x000E, 0x000E, 0x000E,
    0x000E, 0x000E, 0x000E, 0xC63C, 0xC63C, 0xE73A, 0xF7BE, 0xF7BE, 0xF7BE, 0xC63C, 0x000E, 0x000E, 0xA538, 0xC63C, 0xE73A, 0xE73A, 0xE73A, 0xE73A, 0xE73A, 0xE6B8, 0xF7BE, 0x000E, 0x000E, 0x000E, 0x000E, 0x000E,
    0x000E, 0x000E, 0x000E, 0xC63C, 0xC63C, 0xC63C, 0xE6B8, 0xF7BE, 0xE73A, 0xB5BA, 0x000E, 0x000E, 0x000E, 0xC63C, 0xC63C, 0xE73A, 0xE73A, 0xE6B8, 0xC63C, 0xE6B8, 0xE73A, 0xC636, 0x000E, 0x000E, 0x000E, 0x000E,
    0x000E, 0x000E, 0x000E, 0xC63C, 0xC63C, 0xC63C, 0xC63C, 0xF7BE, 0xE6B8, 0xA538, 0x000E, 0x000E, 0x000E, 0x8430, 0xC63C, 0xC63C, 0xE6B8, 0xE6B8, 0xC63C, 0xC63C, 0xE6B8, 0xE73A, 0x000E, 0x000E, 0x000E, 0x000E,
    0x000E, 0x000E, 0x000E, 0xC63C, 0xC63C, 0xC63C, 0xC63C, 0xE6B8, 0xC63C, 0x8430, 0x000E, 0x000E, 0x000E, 0x000E, 0xA538, 0xC63C, 0xC63C, 0xC63C, 0xC63C, 0xC63C, 0xE6B8, 0xC63C, 0x000E, 0x000E, 0x000E, 0x000E,
    0x000E, 0x000E, 0x000E, 0xC63C, 0xC63C, 0xC63C, 0xC63C, 0xC63C, 0xC63C, 0x000E, 0x000E, 0x000E, 0x000E, 0x000E, 0x000E, 0xC63C, 0xC63C, 0xC63C, 0xC63C, 0xC63C, 0xC63C, 0xA534, 0x000E, 0x000E, 0x000E, 0x000E,
    0x000E, 0x000E, 0x000E, 0xC63C, 0xC63C, 0xC63C, 0xC63C, 0xC63C, 0xC63C, 0x000E, 0x000E, 0x000E, 0x000E, 0x000E, 0x000E, 0xC63C, 0xC63C, 0xC63C, 0xC63C, 0xC63C, 0xC63C, 0xB5B6, 0x000E, 0x000E, 0x000E, 0x000E,
    0x000E, 0x000E, 0x000E, 0xC63C, 0xC63C, 0xC63C, 0xC63C, 0xC63C, 0xC63C, 0x000E, 0x000E, 0x000E, 0x000E, 0x000E, 0x000E, 0x000E, 0x8430, 0xC63C, 0xC63C, 0xC63C, 0xC63C, 0xC63C, 0x000E, 0x000E, 0x000E, 0x000E,
    0x000E, 0x000E, 0x000E, 0xA538, 0xC63C, 0xC63C, 0xC63C, 0xC63C, 0xC63C, 0x000E, 0x000E, 0x000E, 0x000E, 0x000E, 0x000E, 0x000E, 0x000E, 0x8430, 0xC63C, 0xC63C, 0xC636, 0xA538, 0x9182, 0x000E, 0x000E, 0x000E,
    0x000E, 0x000E, 0x000E, 0x8430, 0xB5B6, 0xC63C, 0xC63C, 0x8430, 0xA534, 0x000E, 0x000E, 0x000E, 0x000E, 0x000E, 0x000E, 0x000E, 0x000E, 0x000E, 0xB5B6, 0xB5B6, 0xB30E, 0xB30E, 0x8106, 0x000E, 0x000E, 0x000E,
    0x000E, 0x000E, 0x000E, 0x000E, 0xB30E, 0xB306, 0xA284, 0x000E, 0x000E, 0x000E, 0x000E, 0x000E, 0x000E, 0x000E, 0x000E, 0x000E, 0x000E, 0x000E, 0x000E, 0x9182, 0xC42A, 0xD4AC, 0xC42A, 0x000E, 0x000E, 0x000E,
    0x000E, 0x000E, 0x000E, 0xC42A, 0xD4AC, 0xD4AC, 0xD4AC, 0xA28C, 0x000E, 0x000E, 0x000E, 0x000E, 0x000E, 0x000E, 0x000E, 0x000E, 0x000E, 0x000E, 0x000E, 0x9182, 0xD4AC, 0xC42A, 0xD4AC, 0x000E, 0x000E, 0x000E,
    0x000E, 0x000E, 0x000E, 0xD4AC, 0xD4AC, 0xD4AC, 0xD4AC, 0xA28C, 0x000E, 0x000E, 0x000E, 0x000E, 0x000E, 0x000E, 0x000E, 0x000E, 0x000E, 0x000E, 0x000E, 0xC42A, 0xD4AC, 0xD4AC, 0xD4AC, 0xC42A, 0x000E, 0x000E,
    0x000E, 0x000E, 0xC42A, 0xD4AC, 0xC42A, 0xC42A, 0xC42A, 0x000E, 0x000E, 0x000E, 0x000E, 0x000E, 0x000E, 0x000E, 0x000E, 0x000E, 0x000E, 0x000E, 0x000E, 0xB306, 0xE52E, 0xD4AC, 0xD4AC, 0xC42A, 0xB306, 0x000E,
    0x000E, 0x9182, 0x9182, 0xE52E, 0xC42A, 0xC42A, 0xC42A, 0x000E, 0x000E, 0x000E, 0x000E, 0x000E, 0x000E, 0x000E, 0x000E, 0x000E, 0x000E, 0x000E, 0x000E, 0x9182, 0xD4AC, 0xB306, 0xA284, 0xB306, 0x9182, 0x000E,
    0x000E, 0x9182, 0x9182, 0xB306, 0xA284, 0xC42A, 0x9182, 0x000E, 0x000E, 0x000E, 0x000E, 0x000E, 0x000E, 0x000E, 0x000E, 0x000E, 0x000E, 0x000E, 0x000E, 0x000E, 0x000E, 0x000E, 0x000E, 0x000E, 0x000E, 0x000E,
};
constexpr int SUZAKU_RYU_F3_W = 26;
constexpr int SUZAKU_RYU_F3_H = 44;
static const uint16_t SUZAKU_RYU_F3[1144] = {
    0x000E, 0x000E, 0x000E, 0x000E, 0x000E, 0x000E, 0x000E, 0x000E, 0x000E, 0x000E, 0x000E, 0x000E, 0x0000, 0x0000, 0x0000, 0x0000, 0x0000, 0x000E, 0x000E, 0x000E, 0x000E, 0x000E, 0x000E, 0x000E, 0x000E, 0x000E,
    0x000E, 0x000E, 0x000E, 0x000E, 0x000E, 0x000E, 0x000E, 0x000E, 0x000E, 0x000E, 0x000E, 0x000E, 0x0294, 0x0398, 0x000C, 0x0000, 0x0000, 0x000E, 0x000E, 0x000E, 0x000E, 0x000E, 0x000E, 0x000E, 0x000E, 0x000E,
    0x000E, 0x000E, 0x000E, 0x000E, 0x000E, 0x000E, 0x000E, 0x000E, 0x000E, 0x000E, 0x000E, 0xA000, 0xE000, 0xE000, 0xE000, 0x0000, 0x0000, 0x000E, 0x000E, 0x000E, 0x000E, 0x000E, 0x000E, 0x000E, 0x000E, 0x000E,
    0x000E, 0x000E, 0x000E, 0x000E, 0x000E, 0x000E, 0x000E, 0xF7BE, 0x000E, 0x000E, 0xA000, 0x000C, 0x0000, 0xD4AC, 0x7000, 0xB306, 0x0000, 0x000E, 0x000E, 0x000E, 0x000E, 0x000E, 0x000E, 0x000E, 0x000E, 0x000E,
    0x000E, 0x000E, 0x000E, 0x000E, 0x000E, 0x000E, 0xD4AC, 0xC636, 0xF7BE, 0xF7BE, 0xB5B6, 0xC430, 0xE52E, 0xC42A, 0xD4AC, 0xD4AC, 0x000E, 0x000E, 0x000E, 0x000E, 0x000E, 0x000E, 0x000E, 0x000E, 0x000E, 0x000E,
    0x000E, 0x000E, 0x000E, 0x000E, 0xF632, 0xF632, 0xF632, 0xE6B8, 0xF7BE, 0xF7BE, 0x9182, 0xA284, 0xB30E, 0xC42A, 0xB306, 0xF7BE, 0xF7BE, 0x000E, 0x000E, 0x000E, 0xE6B8, 0x000E, 0x000E, 0x000E, 0x000E, 0x000E,
    0x000E, 0x000E, 0x000E, 0x000E, 0xE52E, 0xF632, 0xF632, 0xB5B6, 0xC636, 0xE6B8, 0xC42A, 0xB30E, 0x9182, 0x9182, 0x9182, 0xF7BE, 0xE73A, 0xF7BE, 0xC636, 0x8430, 0x000E, 0x000E, 0x000E, 0x000E, 0x000E, 0x000E,
    0x000E, 0x000E, 0x000E, 0x000E, 0xB306, 0xE52E, 0xF632, 0xF632, 0xA534, 0xA534, 0xD4AC, 0xB306, 0xF000, 0xC000, 0x9182, 0xE73A, 0xF7BE, 0xC636, 0xF632, 0xF632, 0x000E, 0x000E, 0x000E, 0x000E, 0x000E, 0x000E,
    0x000E, 0x000E, 0x000E, 0x000E, 0xC42A, 0xF632, 0xF632, 0xF632, 0xC42A, 0xA534, 0xD000, 0xD000, 0xF28A, 0xF000, 0x9182, 0xC636, 0xC636, 0xF632, 0xF632, 0xF632, 0xC42A, 0x000E, 0x000E, 0x000E, 0x000E, 0x000E,
    0x000E, 0x000E, 0x000E, 0x000E, 0xF632, 0xC42A, 0xA284, 0xA284, 0x9182, 0xD000, 0xF000, 0xF000, 0xF000, 0xA082, 0x8106, 0xF7BE, 0xF7BE, 0xF632, 0xF632, 0xF632, 0xD4AC, 0x000E, 0x000E, 0x000E, 0x000E, 0x000E,
    0x000E, 0x000E, 0x000E, 0x000E, 0xA284, 0xD4AC, 0xD4AC, 0xE52E, 0xD4AC, 0xA082, 0xF000, 0xD000, 0xC000, 0xB5B6, 0xF7BE, 0xA284, 0xC636, 0xC42A, 0xD4AC, 0xD4AC, 0xD4AC, 0x000E, 0x000E, 0x000E, 0x000E, 0x000E,
    0x000E, 0x000E, 0x000E, 0x000E, 0xC430, 0xD4AC, 0xC430, 0xC430, 0xC42A, 0xB30E, 0xA082, 0xD4AC, 0xF7BE, 0xB5B6, 0xF7BE, 0xE6B8, 0xC63C, 0x9182, 0xC42A, 0xB306, 0xA284, 0xA284, 0x000E, 0x000E, 0x000E, 0x000E,
    0x000E, 0x000E, 0x000E, 0x000E, 0x9208, 0xC430, 0xC430, 0xC430, 0xA28C, 0xE73A, 0xA534, 0xE73A, 0xB5B6, 0xE6B8, 0xC63C, 0xC63C, 0x9208, 0xD4AC, 0xA284, 0xB306, 0xB306, 0xB306, 0x000E, 0x000E, 0x000E, 0x000E,
    0x000E, 0x000E, 0x000E, 0x000E, 0x000E, 0x000E, 0xA534, 0xA534, 0xC63C, 0xC63C, 0xC63C, 0xC63C, 0xC63C, 0xC63C, 0xC63C, 0xC63C, 0xA284, 0x7000, 0xC000, 0xF000, 0xF000, 0xD4AC, 0x000E, 0x000E, 0x000E, 0x000E,
    0x000E, 0x000E, 0x000E, 0x000E, 0x000E, 0x000E, 0xA538, 0xC63C, 0xC63C, 0xC63C, 0xC63C, 0xB5BA, 0xC63C, 0xC63C, 0xC63C, 0xC63C, 0xB30E, 0x9182, 0xF000, 0xA082, 0xA082, 0xC42A, 0xA28C, 0x000E, 0x000E, 0x000E,
    0x000E, 0x000E, 0x000E, 0x000E, 0x000E, 0x000E, 0x000E, 0xC63C, 0xC63C, 0xC63C, 0xC63C, 0xA534, 0xC63C, 0xC63C, 0xC63C, 0xC63C, 0xA538, 0x7000, 0xC000, 0xA082, 0xA082, 0xB30E, 0xB30E, 0x000E, 0x000E, 0x000E,
    0x000E, 0x000E, 0x000E, 0x000E, 0x000E, 0x000E, 0x000E, 0x0000, 0xA534, 0xC63C, 0xC63C, 0xC63C, 0xC63C, 0xC63C, 0xA534, 0xC63C, 0x8430, 0x7000, 0xA082, 0xD000, 0xD000, 0xB30E, 0x9208, 0x000E, 0x000E, 0x000E,
    0x000E, 0x000E, 0x000E, 0x000E, 0x000E, 0x000E, 0x000E, 0xC63C, 0x0000, 0x0000, 0x0000, 0x0000, 0x3186, 0x0000, 0x0000, 0x4208, 0xA534, 0x000E, 0x000E, 0x000E, 0xA28C, 0x000E, 0x000E, 0x000E, 0x000E, 0x000E,
    0x000E, 0x000E, 0x000E, 0x000E, 0x000E, 0x000E, 0xB5B6, 0xC63C, 0x8430, 0x0000, 0x0000, 0x0000, 0xE6B8, 0xE6B8, 0xC63C, 0xA534, 0x8430, 0x000E, 0x000E, 0x000E, 0x000E, 0x000E, 0x000E, 0x000E, 0x000E, 0x000E,
    0x000E, 0x000E, 0x000E, 0x000E, 0x000E, 0x000E, 0xE6B8, 0xE73A, 0x0000, 0xC63C, 0xF7BE, 0xC63C, 0x8430, 0xF7BE, 0xE6B8, 0xB5BA, 0xA534, 0xA534, 0x000E, 0x000E, 0x000E, 0x000E, 0x000E, 0x000E, 0x000E, 0x000E,
    0x000E, 0x000E, 0x000E, 0x000E, 0x000E, 0xE73A, 0xF7BE, 0xC636, 0x0000, 0x8430, 0xA534, 0xA538, 0x0000, 0xA534, 0x8430, 0xB5BA, 0xB5BA, 0xA534, 0x000E, 0x000E, 0x000E, 0x000E, 0x000E, 0x000E, 0x000E, 0x000E,
    0x000E, 0x000E, 0x000E, 0x000E, 0xE73A, 0xF7BE, 0xE73A, 0xC63C, 0x0000, 0xC63C, 0xC63C, 0xC636, 0x0000, 0xB5BA, 0xC63C, 0xC63C, 0xB5BA, 0x8430, 0x000E, 0x000E, 0x000E, 0x000E, 0x000E, 0x000E, 0x000E, 0x000E,
    0x000E, 0x000E, 0x000E, 0x000E, 0xF7BE, 0xF7BE, 0xF7BE, 0xC63C, 0x0000, 0xA538, 0xC63C, 0xC63C, 0x3186, 0xC63C, 0xC63C, 0xC63C, 0xC63C, 0xB5BA, 0x000E, 0x000E, 0x000E, 0x000E, 0x000E, 0x000E, 0x000E, 0x000E,
    0x000E, 0x000E, 0x000E, 0xE73A, 0xF7BE, 0xF7BE, 0xF7BE, 0xE6B8, 0xA538, 0x0000, 0xA538, 0x0000, 0xC63C, 0xE6B8, 0xE73A, 0xE73A, 0xE6B8, 0xC63C, 0x000E, 0x000E, 0x000E, 0x000E, 0x000E, 0x000E, 0x000E, 0x000E,
    0x000E, 0x000E, 0x000E, 0xF7BE, 0xF7BE, 0xF7BE, 0xF7BE, 0xE73A, 0xC63C, 0x3186, 0x8430, 0x3186, 0xC63C, 0xE73A, 0xE73A, 0xE73A, 0xE73A, 0xE6B8, 0xA534, 0x000E, 0x000E, 0x000E, 0x000E, 0x000E, 0x000E, 0x000E,
    0x000E, 0x000E, 0x000E, 0xF7BE, 0xF7BE, 0xF7BE, 0xF7BE, 0xE73A, 0xC63C, 0xC63C, 0x000E, 0xB5BA, 0xE6B8, 0xE73A, 0xE73A, 0xE73A, 0xE73A, 0xE73A, 0xA534, 0x000E, 0x000E, 0x000E, 0x000E, 0x000E, 0x000E, 0x000E,
    0x000E, 0x000E, 0xB5B6, 0xF7BE, 0xF7BE, 0xF7BE, 0xF7BE, 0xE73A, 0xC63C, 0xC63C, 0x000E, 0xA538, 0xE6B8, 0xE73A, 0xE73A, 0xE73A, 0xE73A, 0xE73A, 0xB5B6, 0x000E, 0x000E, 0x000E, 0x000E, 0x000E, 0x000E, 0x000E,
    0x000E, 0x000E, 0xB5B6, 0xF7BE, 0xF7BE, 0xF7BE, 0xF7BE, 0xE73A, 0xC63C, 0xB5BA, 0x000E, 0x000E, 0xE6B8, 0xE73A, 0xE73A, 0xE73A, 0xE73A, 0xE73A, 0xC636, 0xE6B8, 0x000E, 0x000E, 0x000E, 0x000E, 0x000E, 0x000E,
    0x000E, 0x000E, 0xE6B8, 0xF7BE, 0xF7BE, 0xF7BE, 0xF7BE, 0xE73A, 0xE6B8, 0xA538, 0x000E, 0x000E, 0xE6B8, 0xE73A, 0xE73A, 0xE73A, 0xE73A, 0xE73A, 0xE73A, 0xE6B8, 0x000E, 0x000E, 0x000E, 0x000E, 0x000E, 0x000E,
    0x000E, 0x000E, 0xE6B8, 0xE73A, 0xE73A, 0xF7BE, 0xF7BE, 0xE73A, 0xE6B8, 0x8430, 0x000E, 0x000E, 0xC63C, 0xE73A, 0xE73A, 0xE73A, 0xE73A, 0xE73A, 0xE73A, 0xE6B8, 0xE73A, 0x000E, 0x000E, 0x000E, 0x000E, 0x000E,
    0x000E, 0x000E, 0xC63C, 0xC63C, 0xE6B8, 0xF7BE, 0xF7BE, 0xF7BE, 0xC63C, 0x8430, 0x000E, 0x000E, 0xB5BA, 0xE73A, 0xE73A, 0xE73A, 0xE73A, 0xE6B8, 0xE6B8, 0xE6B8, 0xF7BE, 0x000E, 0x000E, 0x000E, 0x000E, 0x000E,
    0x000E, 0xC636, 0xE6B8, 0xC63C, 0xC63C, 0xE6B8, 0xE73A, 0xE6B8, 0xC63C, 0x000E, 0x000E, 0x000E, 0x8430, 0xC63C, 0xE73A, 0xE73A, 0xE73A, 0xE73A, 0xC63C, 0xC63C, 0xE73A, 0xA534, 0x000E, 0x000E, 0x000E, 0x000E,
    0x000E, 0xC636, 0xE6B8, 0xC63C, 0xC63C, 0xC63C, 0xE6B8, 0xC63C, 0xA538, 0x000E, 0x000E, 0x000E, 0x000E, 0xA538, 0xC63C, 0xE6B8, 0xE6B8, 0xE6B8, 0xC63C, 0xC63C, 0xC63C, 0xB5B6, 0x000E, 0x000E, 0x000E, 0x000E,
    0x000E, 0xA534, 0xC63C, 0xC63C, 0xC63C, 0xC63C, 0xC63C, 0xC63C, 0xB5BA, 0x000E, 0x000E, 0x000E, 0x000E, 0x000E, 0xB5B6, 0xC63C, 0xC63C, 0xC63C, 0xC63C, 0xC63C, 0xC63C, 0xB5B6, 0x000E, 0x000E, 0x000E, 0x000E,
    0x000E, 0x000E, 0xC63C, 0xC63C, 0xC63C, 0xC63C, 0xC63C, 0xC63C, 0x8430, 0x000E, 0x000E, 0x000E, 0x000E, 0x000E, 0xA538, 0xC63C, 0xC63C, 0xC63C, 0xC63C, 0xC63C, 0xC63C, 0xA534, 0x000E, 0x000E, 0x000E, 0x000E,
    0x000E, 0x000E, 0xC63C, 0xC63C, 0xC63C, 0xC63C, 0xC63C, 0xC63C, 0x8430, 0x000E, 0x000E, 0x000E, 0x000E, 0x000E, 0x000E, 0xB5BA, 0xC63C, 0xC63C, 0xC63C, 0xC63C, 0xC63C, 0xA534, 0x000E, 0x000E, 0x000E, 0x000E,
    0x000E, 0x000E, 0xB5BA, 0xC63C, 0xC63C, 0xC63C, 0xC63C, 0xC63C, 0x000E, 0x000E, 0x000E, 0x000E, 0x000E, 0x000E, 0x000E, 0x000E, 0xA534, 0xB5B6, 0xB5BA, 0xC63C, 0xC63C, 0xB30E, 0x000E, 0x000E, 0x000E, 0x000E,
    0x000E, 0x000E, 0x000E, 0x8430, 0xC63C, 0xC63C, 0xA534, 0xB5BA, 0x000E, 0x000E, 0x000E, 0x000E, 0x000E, 0x000E, 0x000E, 0x000E, 0x000E, 0x000E, 0x8430, 0xB5B6, 0x8430, 0xB30E, 0x000E, 0x000E, 0x000E, 0x000E,
    0x000E, 0x000E, 0x000E, 0xA28C, 0xB30E, 0xB30E, 0x000E, 0x000E, 0x000E, 0x000E, 0x000E, 0x000E, 0x000E, 0x000E, 0x000E, 0x000E, 0x000E, 0x000E, 0x000E, 0x9182, 0xB306, 0xD4AC, 0x9182, 0x000E, 0x000E, 0x000E,
    0x000E, 0x000E, 0x000E, 0xD4AC, 0xD4AC, 0xD4AC, 0xA284, 0x000E, 0x000E, 0x000E, 0x000E, 0x000E, 0x000E, 0x000E, 0x000E, 0x000E, 0x000E, 0x000E, 0x000E, 0x9182, 0xD4AC, 0xD4AC, 0xD4AC, 0x000E, 0x000E, 0x000E,
    0x000E, 0x000E, 0xC42A, 0xD4AC, 0xD4AC, 0xD4AC, 0xC430, 0x000E, 0x000E, 0x000E, 0x000E, 0x000E, 0x000E, 0x000E, 0x000E, 0x000E, 0x000E, 0x000E, 0x000E, 0xC42A, 0xD4AC, 0xD4AC, 0xD4AC, 0xC42A, 0x000E, 0x000E,
    0x000E, 0xB306, 0xD4AC, 0xD4AC, 0xD4AC, 0xD4AC, 0x9182, 0x000E, 0x000E, 0x000E, 0x000E, 0x000E, 0x000E, 0x000E, 0x000E, 0x000E, 0x000E, 0x000E, 0x000E, 0xA284, 0xE52E, 0xB306, 0xB306, 0xB306, 0xB306, 0x000E,
    0xB306, 0xA284, 0xA284, 0xA284, 0xD4AC, 0xA284, 0xA284, 0x000E, 0x000E, 0x000E, 0x000E, 0x000E, 0x000E, 0x000E, 0x000E, 0x000E, 0x000E, 0x000E, 0x000E, 0x9182, 0xD4AC, 0xB306, 0xB306, 0xB306, 0x9182, 0x000E,
    0x9182, 0x9182, 0xA284, 0x9182, 0xC42A, 0xB306, 0x9182, 0x000E, 0x000E, 0x000E, 0x000E, 0x000E, 0x000E, 0x000E, 0x000E, 0x000E, 0x000E, 0x000E, 0x000E, 0x000E, 0x000E, 0x000E, 0x000E, 0x000E, 0x000E, 0x000E,
};
static const uint16_t* const SUZAKU_RYU_BREATH_FRAMES[4] = {
    SUZAKU_RYU_F0, SUZAKU_RYU_F1, SUZAKU_RYU_F2, SUZAKU_RYU_F3
};

constexpr int SUZAKU_KEN_F0_W = 30;
constexpr int SUZAKU_KEN_F0_H = 44;
static const uint16_t SUZAKU_KEN_F0[1320] = {
    0x000E, 0x000E, 0x000E, 0x000E, 0x000E, 0x000E, 0x000E, 0x000E, 0x000E, 0x000E, 0x000E, 0x000E, 0x000E, 0x000E, 0x000E, 0xFE84, 0xFE84, 0xFE84, 0xFE84, 0x000E, 0x000E, 0x000E, 0x000E, 0x000E, 0x000E, 0x000E, 0x000E, 0x000E, 0x000E, 0x000E,
    0x000E, 0x000E, 0x000E, 0x000E, 0x000E, 0x000E, 0x000E, 0x000E, 0x000E, 0x000E, 0x000E, 0x000E, 0x000E, 0x000E, 0xFE84, 0x0398, 0x0294, 0x0294, 0x0294, 0xFE84, 0x000E, 0x000E, 0x000E, 0x000E, 0x000E, 0x000E, 0x000E, 0x000E, 0x000E, 0x000E,
    0x000E, 0x000E, 0x000E, 0x000E, 0x000E, 0x000E, 0x000E, 0x000E, 0x000E, 0x000E, 0x000E, 0x000E, 0x000E, 0x000E, 0x7000, 0xFE84, 0xE000, 0xE000, 0xA000, 0xFE84, 0x000E, 0x000E, 0x000E, 0x000E, 0x000E, 0x000E, 0x000E, 0x000E, 0x000E, 0x000E,
    0x000E, 0x000E, 0x000E, 0x000E, 0x000E, 0x000E, 0x000E, 0x000E, 0x000E, 0x000E, 0x000E, 0x000E, 0x000E, 0x000E, 0xA284, 0xC881, 0xA284, 0xFE84, 0xC42A, 0x000E, 0x000E, 0x000E, 0x000E, 0x000E, 0x000E, 0x000E, 0x000E, 0x000E, 0x000E, 0x000E,
    0x000E, 0x000E, 0x000E, 0x000E, 0x000E, 0x000E, 0x000E, 0x000E, 0xD4AC, 0xF924, 0xF903, 0xD8E3, 0xD8E3, 0xC881, 0xC42A, 0xD4AC, 0xC42A, 0xD4AC, 0xA284, 0x000E, 0x000E, 0x000E, 0x000E, 0x000E, 0x000E, 0x000E, 0x000E, 0x000E, 0x000E, 0x000E,
    0x000E, 0x000E, 0x000E, 0x000E, 0x000E, 0x000E, 0xD4AC, 0xD881, 0xD881, 0xD8E3, 0xF924, 0xD8E3, 0xB0C3, 0xB061, 0xC42A, 0xC42A, 0xC42A, 0x9182, 0xC0C3, 0xB0C3, 0x000E, 0x000E, 0x000E, 0x000E, 0x000E, 0x000E, 0x000E, 0x000E, 0x000E, 0x000E,
    0x000E, 0x000E, 0x000E, 0x000E, 0x000E, 0x000E, 0xD4AC, 0xD881, 0xD881, 0xB306, 0xF924, 0xF924, 0x9182, 0xB30E, 0xB306, 0xB306, 0xC42A, 0xD4AC, 0xF924, 0xF903, 0xC0C3, 0xF924, 0x000E, 0x000E, 0x000E, 0x000E, 0x000E, 0x000E, 0x000E, 0x000E,
    0x000E, 0x000E, 0x000E, 0x000E, 0x000E, 0x000E, 0x9182, 0xC881, 0xD881, 0xB306, 0xA284, 0xF924, 0xB306, 0xB306, 0xB306, 0x9182, 0x9182, 0xF924, 0xD8E3, 0xF924, 0xB306, 0xD4AC, 0xD881, 0x000E, 0x000E, 0x000E, 0x000E, 0x000E, 0x000E, 0x000E,
    0x000E, 0x000E, 0x000E, 0x000E, 0x000E, 0x000E, 0xD881, 0xC42A, 0xB306, 0xD881, 0xD881, 0xD8E3, 0xC42A, 0xD4AC, 0xD4AC, 0x9182, 0x9182, 0xF924, 0xF924, 0xF924, 0xB306, 0xD881, 0xD881, 0xA284, 0x000E, 0x000E, 0x000E, 0x000E, 0x000E, 0x000E,
    0x000E, 0x000E, 0x000E, 0x000E, 0x000E, 0x000E, 0xD881, 0xC881, 0xD4AC, 0xC881, 0xD881, 0xD8E3, 0xD4AC, 0xB306, 0x9182, 0xA082, 0xA082, 0xC0C3, 0xF924, 0xB0C3, 0xD881, 0xD881, 0xD4AC, 0xD4AC, 0x000E, 0x000E, 0x000E, 0x000E, 0x000E, 0x000E,
    0x000E, 0x000E, 0x000E, 0x000E, 0x000E, 0x000E, 0xB306, 0xD4AC, 0xC881, 0xC881, 0xA284, 0x9182, 0xF000, 0xD841, 0xF000, 0xD841, 0xD841, 0xC881, 0xF924, 0x9182, 0xD4AC, 0xD4AC, 0xD4AC, 0xB306, 0x000E, 0x000E, 0x000E, 0x000E, 0x000E, 0x000E,
    0x000E, 0x000E, 0x000E, 0x000E, 0x000E, 0x000E, 0x9208, 0xD4AC, 0xD4AC, 0xD4AC, 0xC881, 0xD881, 0xF000, 0xD841, 0xF000, 0xD841, 0xF000, 0x9182, 0xF904, 0xF903, 0xB306, 0xC42A, 0xD4AC, 0xC42A, 0x000E, 0x000E, 0x000E, 0x000E, 0x000E, 0x000E,
    0x000E, 0x000E, 0x000E, 0x000E, 0x000E, 0x000E, 0x9208, 0xB30E, 0xB061, 0xC42A, 0xC42A, 0xB306, 0xF000, 0xF000, 0xD000, 0xC000, 0xD841, 0xC881, 0xF903, 0xB061, 0xD4AC, 0xD4AC, 0xC42A, 0xA284, 0xB306, 0x000E, 0x000E, 0x000E, 0x000E, 0x000E,
    0x000E, 0x000E, 0x000E, 0x000E, 0x000E, 0x000E, 0x9208, 0xB061, 0xB30E, 0xB061, 0xB061, 0xA28C, 0xA082, 0xA082, 0xF924, 0xF924, 0xF924, 0xB0C3, 0xD8E4, 0x9208, 0xC42A, 0xD4AC, 0xA284, 0xD4AC, 0xC42A, 0x000E, 0x000E, 0x000E, 0x000E, 0x000E,
    0x000E, 0x000E, 0x000E, 0x000E, 0x000E, 0x000E, 0x000E, 0x000E, 0x7061, 0xF903, 0xF903, 0xF924, 0x7061, 0xF924, 0xF924, 0xF904, 0xF903, 0xD8E4, 0xD8E4, 0xC42A, 0x9182, 0x7000, 0xD000, 0xF000, 0xB30E, 0x000E, 0x000E, 0x000E, 0x000E, 0x000E,
    0x000E, 0x000E, 0x000E, 0x000E, 0x000E, 0x000E, 0x000E, 0x000E, 0x7061, 0xF903, 0xF903, 0xF904, 0xB0C3, 0xF904, 0xF903, 0xD8E4, 0xD8E4, 0xD8E4, 0xC0C3, 0xD881, 0xF000, 0xF000, 0xD841, 0xF000, 0xB061, 0x9208, 0x000E, 0x000E, 0x000E, 0x000E,
    0x000E, 0x000E, 0x000E, 0x000E, 0x000E, 0x000E, 0x000E, 0x000E, 0x000E, 0xD8E4, 0xD8E4, 0xD8E4, 0xD8E4, 0xD8E4, 0xC0C3, 0xD8E4, 0xD8E4, 0x7061, 0xD8E4, 0xA28C, 0xA082, 0xF000, 0xD841, 0xF000, 0xB30E, 0x9208, 0x000E, 0x000E, 0x000E, 0x000E,
    0x000E, 0x000E, 0x000E, 0x000E, 0x000E, 0x000E, 0x000E, 0x000E, 0x000E, 0xB0C3, 0xFE84, 0xB0C3, 0xD8E4, 0xD8E4, 0xC0C4, 0xC0C4, 0xFE84, 0xFE84, 0xB0C3, 0xA284, 0xF000, 0xF28A, 0xF28A, 0xD000, 0x000E, 0x000E, 0x000E, 0x000E, 0x000E, 0x000E,
    0x000E, 0x000E, 0x000E, 0x000E, 0x000E, 0x000E, 0x000E, 0x000E, 0x000E, 0xD8E3, 0xC0C4, 0xFE84, 0xFE84, 0xFE84, 0xFE84, 0xFE84, 0x4208, 0xD8E4, 0xB0C3, 0xC0C3, 0xC000, 0xA082, 0xC000, 0x000E, 0x000E, 0x000E, 0x000E, 0x000E, 0x000E, 0x000E,
    0x000E, 0x000E, 0x000E, 0x000E, 0x000E, 0x000E, 0x000E, 0x000E, 0xB0C3, 0xD8E4, 0xD8E4, 0xFE84, 0xD8E4, 0xD8E4, 0xFE84, 0xD8E4, 0xD8E4, 0xD8E4, 0xC0C4, 0xB0C3, 0x000E, 0x000E, 0x000E, 0x000E, 0x000E, 0x000E, 0x000E, 0x000E, 0x000E, 0x000E,
    0x000E, 0x000E, 0x000E, 0x000E, 0x000E, 0x000E, 0x000E, 0x000E, 0xB0C3, 0xD8E4, 0x7061, 0xFE84, 0xD8E4, 0xD8E4, 0xFE84, 0xD8E4, 0xD8E4, 0xF904, 0xC0C4, 0xB0C3, 0x000E, 0x000E, 0x000E, 0x000E, 0x000E, 0x000E, 0x000E, 0x000E, 0x000E, 0x000E,
    0x000E, 0x000E, 0x000E, 0x000E, 0x000E, 0x000E, 0x000E, 0xC0C3, 0xB0C3, 0xF904, 0xFE84, 0xFE84, 0xD8E4, 0xD8E4, 0xFE84, 0xD8E4, 0xF903, 0xF924, 0xC0C4, 0x7061, 0x000E, 0x000E, 0x000E, 0x000E, 0x000E, 0x000E, 0x000E, 0x000E, 0x000E, 0x000E,
    0x000E, 0x000E, 0x000E, 0x000E, 0x000E, 0x000E, 0xC0C3, 0xF924, 0xB0C3, 0xF924, 0xFE84, 0x4208, 0xD8E4, 0xD8E4, 0xFE84, 0x7061, 0xF924, 0xF924, 0xD8E4, 0xC0C4, 0x000E, 0x000E, 0x000E, 0x000E, 0x000E, 0x000E, 0x000E, 0x000E, 0x000E, 0x000E,
    0x000E, 0x000E, 0x000E, 0x000E, 0x000E, 0x000E, 0xF904, 0xF924, 0xF924, 0xF924, 0x4208, 0x4208, 0xB0C3, 0xB0C3, 0xFE84, 0x7061, 0xB0C3, 0xF903, 0xF903, 0xD8E4, 0x000E, 0x000E, 0x000E, 0x000E, 0x000E, 0x000E, 0x000E, 0x000E, 0x000E, 0x000E,
    0x000E, 0x000E, 0x000E, 0x000E, 0x000E, 0xD8E3, 0xF924, 0xF924, 0xF924, 0xF924, 0xB0C3, 0xFE84, 0xC0C3, 0xC0C4, 0xFE84, 0xB0C3, 0xF904, 0xF904, 0xF904, 0xF904, 0xB0C3, 0x000E, 0x000E, 0x000E, 0x000E, 0x000E, 0x000E, 0x000E, 0x000E, 0x000E,
    0x000E, 0x000E, 0x000E, 0x000E, 0x000E, 0xF904, 0xF924, 0xF924, 0xF924, 0xF924, 0xD8E4, 0xFE84, 0xD8E4, 0xB0C3, 0xD8E3, 0xC0C4, 0xF904, 0xF904, 0xF904, 0xF904, 0xD8E3, 0x000E, 0x000E, 0x000E, 0x000E, 0x000E, 0x000E, 0x000E, 0x000E, 0x000E,
    0x000E, 0x000E, 0x000E, 0x000E, 0x000E, 0xF924, 0xF924, 0xF924, 0xF924, 0xF924, 0xF903, 0xD8E4, 0x7061, 0x7061, 0xB0C3, 0xC0C4, 0xF904, 0xF904, 0xF904, 0xF904, 0xF903, 0x000E, 0x000E, 0x000E, 0x000E, 0x000E, 0x000E, 0x000E, 0x000E, 0x000E,
    0x000E, 0x000E, 0x000E, 0x000E, 0xC0C3, 0xF904, 0xF924, 0xF924, 0xF924, 0xF924, 0xF904, 0xD8E4, 0x000E, 0x000E, 0xC0C4, 0xD8E4, 0xF904, 0xF904, 0xF904, 0xF904, 0xF904, 0xC0C3, 0x000E, 0x000E, 0x000E, 0x000E, 0x000E, 0x000E, 0x000E, 0x000E,
    0x000E, 0x000E, 0x000E, 0x000E, 0xB0C3, 0xF924, 0xF924, 0xF924, 0xF924, 0xF924, 0xF924, 0xD8E4, 0x000E, 0x000E, 0xB0C3, 0xD8E4, 0xF903, 0xF904, 0xF904, 0xF904, 0xF904, 0xF903, 0x000E, 0x000E, 0x000E, 0x000E, 0x000E, 0x000E, 0x000E, 0x000E,
    0x000E, 0x000E, 0x000E, 0x000E, 0x7061, 0xF924, 0xF904, 0xF924, 0xF924, 0xF924, 0xF924, 0x7061, 0x000E, 0x000E, 0x000E, 0xF903, 0xF904, 0xF904, 0xF904, 0xF904, 0xF904, 0xF903, 0xF904, 0x000E, 0x000E, 0x000E, 0x000E, 0x000E, 0x000E, 0x000E,
    0x000E, 0x000E, 0x000E, 0x000E, 0x7061, 0xF903, 0xF903, 0xF924, 0xF924, 0xF924, 0xF904, 0x7061, 0x000E, 0x000E, 0x000E, 0xC0C4, 0xF904, 0xF904, 0xF904, 0xF903, 0xF904, 0xF903, 0xF924, 0xC0C3, 0x000E, 0x000E, 0x000E, 0x000E, 0x000E, 0x000E,
    0x000E, 0x000E, 0x000E, 0x000E, 0xB0C3, 0xD8E4, 0xD8E4, 0xF903, 0xF924, 0xF924, 0xD8E4, 0x000E, 0x000E, 0x000E, 0x000E, 0x7061, 0xF903, 0xF904, 0xF904, 0xD8E3, 0xD8E4, 0xD8E4, 0xF904, 0xF924, 0x000E, 0x000E, 0x000E, 0x000E, 0x000E, 0x000E,
    0x000E, 0x000E, 0x000E, 0x000E, 0xD8E4, 0xD8E4, 0xD8E4, 0xD8E4, 0xF903, 0xD8E4, 0xC0C4, 0x000E, 0x000E, 0x000E, 0x000E, 0x000E, 0xD8E4, 0xF903, 0xF903, 0xF904, 0xF903, 0xD8E4, 0xD8E4, 0xF903, 0xB0C3, 0x000E, 0x000E, 0x000E, 0x000E, 0x000E,
    0x000E, 0x000E, 0x000E, 0x000E, 0xD8E4, 0xD8E4, 0xD8E4, 0xD8E4, 0xF903, 0xD8E4, 0xB0C3, 0x000E, 0x000E, 0x000E, 0x000E, 0x000E, 0xB0C3, 0xD8E4, 0xF903, 0xF903, 0xD8E4, 0xD8E4, 0xD8E4, 0xF903, 0xC0C3, 0x000E, 0x000E, 0x000E, 0x000E, 0x000E,
    0x000E, 0x000E, 0x000E, 0x000E, 0xD8E4, 0xD8E4, 0xD8E4, 0xD8E4, 0xD8E4, 0xD8E4, 0xD8E4, 0x000E, 0x000E, 0x000E, 0x000E, 0x000E, 0x000E, 0xD8E4, 0xD8E4, 0xD8E4, 0xD8E4, 0xD8E4, 0xD8E4, 0xF903, 0xD8E3, 0x000E, 0x000E, 0x000E, 0x000E, 0x000E,
    0x000E, 0x000E, 0x000E, 0x000E, 0xD8E4, 0xD8E4, 0xD8E4, 0xD8E4, 0xD8E4, 0xD8E4, 0xD8E4, 0x000E, 0x000E, 0x000E, 0x000E, 0x000E, 0x000E, 0xB0C3, 0xD8E4, 0xD8E4, 0xD8E4, 0xD8E4, 0xD8E4, 0xD8E4, 0xD8E4, 0x000E, 0x000E, 0x000E, 0x000E, 0x000E,
    0x000E, 0x000E, 0x000E, 0x000E, 0xD8E4, 0xD8E4, 0xD8E4, 0xD8E4, 0xD8E4, 0xD8E4, 0xD8E4, 0x000E, 0x000E, 0x000E, 0x000E, 0x000E, 0x000E, 0x000E, 0xB0C3, 0xD8E4, 0xD8E4, 0xD8E4, 0xD8E4, 0xD8E4, 0xB0C3, 0x000E, 0x000E, 0x000E, 0x000E, 0x000E,
    0x000E, 0x000E, 0x000E, 0x000E, 0xB0C3, 0xC0C4, 0xD8E4, 0xD8E4, 0xD8E4, 0xD8E4, 0xC0C4, 0x000E, 0x000E, 0x000E, 0x000E, 0x000E, 0x000E, 0x000E, 0x7061, 0xD8E4, 0xD8E4, 0xD8E4, 0xD8E4, 0xB0C3, 0xB30E, 0x000E, 0x000E, 0x000E, 0x000E, 0x000E,
    0x000E, 0x000E, 0x000E, 0x000E, 0x7061, 0x000E, 0xD8E4, 0x7061, 0xC0C4, 0x7061, 0x7061, 0x000E, 0x000E, 0x000E, 0x000E, 0x000E, 0x000E, 0x000E, 0x000E, 0xD8E4, 0xC0C4, 0xD8E4, 0xB0C3, 0xB30E, 0xB306, 0x000E, 0x000E, 0x000E, 0x000E, 0x000E,
    0x000E, 0x000E, 0x000E, 0x000E, 0x000E, 0xA284, 0xB30E, 0xB30E, 0xB30E, 0x000E, 0x000E, 0x000E, 0x000E, 0x000E, 0x000E, 0x000E, 0x000E, 0x000E, 0x000E, 0x000E, 0x000E, 0x000E, 0xB306, 0xD4AC, 0xD4AC, 0xC42A, 0x000E, 0x000E, 0x000E, 0x000E,
    0x000E, 0x000E, 0x000E, 0x000E, 0x000E, 0xD4AC, 0xD4AC, 0xD4AC, 0xA284, 0x000E, 0x000E, 0x000E, 0x000E, 0x000E, 0x000E, 0x000E, 0x000E, 0x000E, 0x000E, 0x000E, 0x000E, 0x000E, 0xD4AC, 0xD4AC, 0xD4AC, 0xD4AC, 0xC42A, 0x000E, 0x000E, 0x000E,
    0x000E, 0x000E, 0x000E, 0x000E, 0xD4AC, 0xD4AC, 0xB306, 0xD4AC, 0xC42A, 0x000E, 0x000E, 0x000E, 0x000E, 0x000E, 0x000E, 0x000E, 0x000E, 0x000E, 0x000E, 0x000E, 0x000E, 0x000E, 0xD4AC, 0xC42A, 0xB306, 0xB306, 0xB306, 0xB306, 0x000E, 0x000E,
    0x000E, 0x000E, 0xB306, 0xA284, 0xA284, 0xA284, 0xD4AC, 0xD4AC, 0xD4AC, 0x000E, 0x000E, 0x000E, 0x000E, 0x000E, 0x000E, 0x000E, 0x000E, 0x000E, 0x000E, 0x000E, 0x000E, 0x000E, 0xD4AC, 0xD4AC, 0xB306, 0xB306, 0xB306, 0x9182, 0x000E, 0x000E,
    0x000E, 0x000E, 0x9182, 0x9182, 0xA284, 0x9182, 0xC42A, 0xB306, 0xB306, 0x000E, 0x000E, 0x000E, 0x000E, 0x000E, 0x000E, 0x000E, 0x000E, 0x000E, 0x000E, 0x000E, 0x000E, 0x000E, 0x000E, 0x000E, 0x000E, 0x000E, 0x000E, 0x000E, 0x000E, 0x000E,
};
constexpr int SUZAKU_KEN_F1_W = 30;
constexpr int SUZAKU_KEN_F1_H = 44;
static const uint16_t SUZAKU_KEN_F1[1320] = {
    0x000E, 0x000E, 0x000E, 0x000E, 0x000E, 0x000E, 0x000E, 0x000E, 0x000E, 0x000E, 0x000E, 0x000E, 0x000E, 0x000E, 0x000E, 0x000E, 0xFE84, 0x000E, 0x000E, 0x000E, 0x000E, 0x000E, 0x000E, 0x000E, 0x000E, 0x000E, 0x000E, 0x000E, 0x000E, 0x000E,
    0x000E, 0x000E, 0x000E, 0x000E, 0x000E, 0x000E, 0x000E, 0x000E, 0x000E, 0x000E, 0x000E, 0x000E, 0x000E, 0x000E, 0xFE84, 0x0398, 0x0294, 0x000C, 0x000C, 0x000E, 0x000E, 0x000E, 0x000E, 0x000E, 0x000E, 0x000E, 0x000E, 0x000E, 0x000E, 0x000E,
    0x000E, 0x000E, 0x000E, 0x000E, 0x000E, 0x000E, 0x000E, 0x000E, 0x000E, 0x000E, 0x000E, 0x000E, 0x000E, 0x000E, 0xFE84, 0x000C, 0xFE84, 0xFE84, 0x000C, 0x000E, 0x000E, 0x000E, 0x000E, 0x000E, 0x000E, 0x000E, 0x000E, 0x000E, 0x000E, 0x000E,
    0x000E, 0x000E, 0x000E, 0x000E, 0x000E, 0x000E, 0x000E, 0x000E, 0x000E, 0x000E, 0x000E, 0x000E, 0x000E, 0x000E, 0xA284, 0xC881, 0xA284, 0xD4AC, 0xA000, 0x000E, 0x000E, 0x000E, 0x000E, 0x000E, 0x000E, 0x000E, 0x000E, 0x000E, 0x000E, 0x000E,
    0x000E, 0x000E, 0x000E, 0x000E, 0x000E, 0x000E, 0x000E, 0x000E, 0xC881, 0xD4AC, 0xF924, 0xD8E3, 0xD8E3, 0xD881, 0xC42A, 0xC42A, 0xC42A, 0xD4AC, 0x000E, 0x000E, 0x000E, 0x000E, 0x000E, 0x000E, 0x000E, 0x000E, 0x000E, 0x000E, 0x000E, 0x000E,
    0x000E, 0x000E, 0x000E, 0x000E, 0x000E, 0x000E, 0x000E, 0xD881, 0xD881, 0xC881, 0xF924, 0xF924, 0xF924, 0xB061, 0xC42A, 0xB306, 0xC42A, 0x7000, 0xD8E3, 0x000E, 0x000E, 0x000E, 0x000E, 0x000E, 0x000E, 0x000E, 0x000E, 0x000E, 0x000E, 0x000E,
    0x000E, 0x000E, 0x000E, 0x000E, 0x000E, 0x000E, 0x000E, 0xD4AC, 0xD881, 0xC42A, 0xD8E3, 0xF924, 0x9182, 0xA284, 0xB306, 0xD881, 0x9182, 0xF924, 0xF924, 0xF924, 0xF924, 0x7061, 0xF903, 0x000E, 0x000E, 0x000E, 0x000E, 0x000E, 0x000E, 0x000E,
    0x000E, 0x000E, 0x000E, 0x000E, 0x000E, 0x000E, 0x000E, 0xB306, 0xC881, 0xD881, 0xD4AC, 0xD8E3, 0x9182, 0xB306, 0xD000, 0xC000, 0xA082, 0xC0C3, 0xF924, 0xA28C, 0xD4AC, 0xD881, 0xA284, 0x000E, 0x000E, 0x000E, 0x000E, 0x000E, 0x000E, 0x000E,
    0x000E, 0x000E, 0x000E, 0x000E, 0x000E, 0x000E, 0xB306, 0xC42A, 0xD881, 0xD881, 0xD881, 0x9182, 0x9182, 0xA082, 0xF000, 0xD841, 0xC000, 0xF924, 0xF924, 0xA28C, 0xC42A, 0xD881, 0xD4AC, 0x000E, 0x000E, 0x000E, 0x000E, 0x000E, 0x000E, 0x000E,
    0x000E, 0x000E, 0x000E, 0x000E, 0x000E, 0x000E, 0xB306, 0xD4AC, 0xC881, 0xD4AC, 0xB306, 0xD881, 0xF000, 0xF000, 0xF000, 0xC000, 0xD841, 0xD4AC, 0xF924, 0xC881, 0xD881, 0xD4AC, 0xD4AC, 0x000E, 0x000E, 0x000E, 0x000E, 0x000E, 0x000E, 0x000E,
    0x000E, 0x000E, 0x000E, 0x000E, 0x000E, 0x000E, 0x000E, 0xC42A, 0xD4AC, 0xD4AC, 0xD4AC, 0xD4AC, 0xD000, 0xF28A, 0xC000, 0x9208, 0xC0C3, 0xA284, 0xF924, 0xA28C, 0xD4AC, 0xC42A, 0xC42A, 0xB306, 0x000E, 0x000E, 0x000E, 0x000E, 0x000E, 0x000E,
    0x000E, 0x000E, 0x000E, 0x000E, 0x000E, 0x000E, 0x000E, 0xA28C, 0xB30E, 0xB061, 0xB061, 0xB30E, 0x9182, 0xD4AC, 0xF924, 0xF924, 0xF924, 0xF904, 0xF924, 0x9182, 0xD4AC, 0xD4AC, 0x9182, 0xB306, 0x000E, 0x000E, 0x000E, 0x000E, 0x000E, 0x000E,
    0x000E, 0x000E, 0x000E, 0x000E, 0x000E, 0x000E, 0x000E, 0x000E, 0x9208, 0xA28C, 0x7061, 0xF904, 0xF904, 0xF904, 0xF904, 0xF904, 0xF904, 0xD8E4, 0xD8E4, 0x9182, 0xA082, 0xD000, 0xF000, 0xD4AC, 0xB306, 0x000E, 0x000E, 0x000E, 0x000E, 0x000E,
    0x000E, 0x000E, 0x000E, 0x000E, 0x000E, 0x000E, 0x000E, 0x000E, 0x000E, 0xD8E4, 0xD8E4, 0xD8E3, 0xD8E4, 0xD8E4, 0xC0C3, 0xD8E4, 0xF903, 0xD8E4, 0xD8E4, 0xD881, 0xC000, 0xA082, 0xA082, 0xB061, 0xB061, 0x000E, 0x000E, 0x000E, 0x000E, 0x000E,
    0x000E, 0x000E, 0x000E, 0x000E, 0x000E, 0x000E, 0x000E, 0x000E, 0x000E, 0xB0C3, 0xD8E4, 0xD8E4, 0xD8E4, 0xB0C3, 0xD8E4, 0xD8E4, 0xD8E4, 0xC0C3, 0xD8E4, 0x9182, 0xC000, 0xA082, 0xA082, 0xA284, 0xB061, 0x000E, 0x000E, 0x000E, 0x000E, 0x000E,
    0x000E, 0x000E, 0x000E, 0x000E, 0x000E, 0x000E, 0x000E, 0x000E, 0x000E, 0x7061, 0xD8E4, 0xD8E4, 0xD8E4, 0xD8E4, 0xD8E4, 0xD8E4, 0xD8E4, 0xB0C3, 0xD8E4, 0x9182, 0xC000, 0xC000, 0xF000, 0xB306, 0xB30E, 0x000E, 0x000E, 0x000E, 0x000E, 0x000E,
    0x000E, 0x000E, 0x000E, 0x000E, 0x000E, 0x000E, 0x000E, 0x000E, 0x000E, 0x000E, 0x7061, 0xD8E4, 0xD8E3, 0xD8E4, 0xD8E4, 0xD8E4, 0xD8E4, 0xD8E4, 0xC0C4, 0x000E, 0xC000, 0xC000, 0xC000, 0xA28C, 0x000E, 0x000E, 0x000E, 0x000E, 0x000E, 0x000E,
    0x000E, 0x000E, 0x000E, 0x000E, 0x000E, 0x000E, 0x000E, 0x000E, 0x000E, 0x000E, 0x4208, 0xFE84, 0xFE84, 0xFE84, 0x4208, 0xFE84, 0xFE84, 0xFE84, 0xF903, 0x000E, 0x000E, 0x000E, 0x000E, 0x000E, 0x000E, 0x000E, 0x000E, 0x000E, 0x000E, 0x000E,
    0x000E, 0x000E, 0x000E, 0x000E, 0x000E, 0x000E, 0x000E, 0x000E, 0x000E, 0xD8E4, 0xD8E4, 0xFE84, 0xFE84, 0xFE84, 0xFE84, 0xD8E4, 0xD8E4, 0xB0C3, 0xB0C3, 0xC0C3, 0x000E, 0x000E, 0x000E, 0x000E, 0x000E, 0x000E, 0x000E, 0x000E, 0x000E, 0x000E,
    0x000E, 0x000E, 0x000E, 0x000E, 0x000E, 0x000E, 0x000E, 0x000E, 0x000E, 0xD8E4, 0xD8E4, 0xFE84, 0xD8E4, 0xB0C3, 0xFE84, 0xD8E4, 0xD8E4, 0xB0C3, 0xC0C4, 0xF903, 0x000E, 0x000E, 0x000E, 0x000E, 0x000E, 0x000E, 0x000E, 0x000E, 0x000E, 0x000E,
    0x000E, 0x000E, 0x000E, 0x000E, 0x000E, 0x000E, 0x000E, 0x000E, 0xC0C3, 0xF924, 0xF924, 0xFE84, 0xC0C4, 0xD8E4, 0xFE84, 0xD8E4, 0xF903, 0xB0C3, 0xC0C4, 0xF903, 0x000E, 0x000E, 0x000E, 0x000E, 0x000E, 0x000E, 0x000E, 0x000E, 0x000E, 0x000E,
    0x000E, 0x000E, 0x000E, 0x000E, 0x000E, 0x000E, 0x000E, 0x000E, 0xF924, 0xC0C3, 0x7061, 0xFE84, 0xB0C3, 0xF924, 0xFE84, 0xF924, 0xF924, 0xB0C3, 0xC0C4, 0xC0C3, 0x000E, 0x000E, 0x000E, 0x000E, 0x000E, 0x000E, 0x000E, 0x000E, 0x000E, 0x000E,
    0x000E, 0x000E, 0x000E, 0x000E, 0x000E, 0x000E, 0x000E, 0xF903, 0xF924, 0xF904, 0xD8E4, 0xFE84, 0x7061, 0xD8E3, 0xFE84, 0xC0C4, 0xC0C4, 0xD8E4, 0xD8E4, 0xB0C3, 0x000E, 0x000E, 0x000E, 0x000E, 0x000E, 0x000E, 0x000E, 0x000E, 0x000E, 0x000E,
    0x000E, 0x000E, 0x000E, 0x000E, 0x000E, 0x000E, 0x000E, 0xF924, 0xF924, 0xF924, 0xD8E4, 0x7061, 0xFE84, 0xB0C3, 0xFE84, 0xC0C4, 0xD8E4, 0xF904, 0xF903, 0xD8E4, 0x000E, 0x000E, 0x000E, 0x000E, 0x000E, 0x000E, 0x000E, 0x000E, 0x000E, 0x000E,
    0x000E, 0x000E, 0x000E, 0x000E, 0x000E, 0x000E, 0xC0C3, 0xF924, 0xF924, 0xF924, 0xF903, 0xC0C4, 0x7061, 0xC0C4, 0xFE84, 0xC0C4, 0xD8E4, 0xF904, 0xF904, 0xD8E4, 0x000E, 0x000E, 0x000E, 0x000E, 0x000E, 0x000E, 0x000E, 0x000E, 0x000E, 0x000E,
    0x000E, 0x000E, 0x000E, 0x000E, 0x000E, 0x000E, 0xF904, 0xF924, 0xF924, 0xF924, 0xF904, 0xD8E4, 0xD8E4, 0x7061, 0xC0C4, 0xF903, 0xD8E4, 0xF904, 0xF904, 0xF903, 0x000E, 0x000E, 0x000E, 0x000E, 0x000E, 0x000E, 0x000E, 0x000E, 0x000E, 0x000E,
    0x000E, 0x000E, 0x000E, 0x000E, 0x000E, 0x000E, 0xF924, 0xF924, 0xF924, 0xF924, 0xF904, 0xD8E4, 0xC0C4, 0x000E, 0xC0C4, 0xF904, 0xF903, 0xF903, 0xF904, 0xF904, 0xC0C3, 0x000E, 0x000E, 0x000E, 0x000E, 0x000E, 0x000E, 0x000E, 0x000E, 0x000E,
    0x000E, 0x000E, 0x000E, 0x000E, 0x000E, 0x000E, 0xF924, 0xF924, 0xF924, 0xF924, 0xF904, 0xF903, 0xB0C3, 0x000E, 0xC0C4, 0xF903, 0xF904, 0xF903, 0xF904, 0xF904, 0xC0C3, 0x000E, 0x000E, 0x000E, 0x000E, 0x000E, 0x000E, 0x000E, 0x000E, 0x000E,
    0x000E, 0x000E, 0x000E, 0x000E, 0x000E, 0xC0C3, 0xF924, 0xF924, 0xF924, 0xF924, 0xF904, 0xF903, 0x7061, 0x000E, 0xB0C3, 0xD8E4, 0xF904, 0xD8E4, 0xF904, 0xF904, 0xD8E3, 0xF903, 0x000E, 0x000E, 0x000E, 0x000E, 0x000E, 0x000E, 0x000E, 0x000E,
    0x000E, 0x000E, 0x000E, 0x000E, 0x000E, 0xC0C3, 0xF904, 0xF904, 0xF924, 0xF924, 0xF924, 0xD8E4, 0x000E, 0x000E, 0x7061, 0xD8E4, 0xF904, 0xD8E4, 0xF904, 0xF904, 0xF903, 0xF924, 0x000E, 0x000E, 0x000E, 0x000E, 0x000E, 0x000E, 0x000E, 0x000E,
    0x000E, 0x000E, 0x000E, 0x000E, 0x000E, 0x7061, 0xD8E4, 0xD8E4, 0xF904, 0xF904, 0xF904, 0xB0C3, 0x000E, 0x000E, 0x000E, 0xC0C4, 0xD8E4, 0xD8E4, 0xD8E4, 0xF903, 0xF903, 0xF904, 0xF924, 0x000E, 0x000E, 0x000E, 0x000E, 0x000E, 0x000E, 0x000E,
    0x000E, 0x000E, 0x000E, 0x000E, 0x000E, 0xB0C3, 0xD8E4, 0xD8E4, 0xD8E4, 0xF924, 0xF903, 0x7061, 0x000E, 0x000E, 0x000E, 0x7061, 0xD8E4, 0xD8E4, 0xD8E4, 0xD8E4, 0xD8E4, 0xF903, 0xF904, 0xB0C3, 0x000E, 0x000E, 0x000E, 0x000E, 0x000E, 0x000E,
    0x000E, 0x000E, 0x000E, 0x000E, 0x000E, 0xC0C4, 0xD8E4, 0xD8E4, 0xD8E4, 0xF904, 0xD8E4, 0x7061, 0x000E, 0x000E, 0x000E, 0x000E, 0xB0C3, 0xD8E4, 0xD8E4, 0xD8E4, 0xD8E4, 0xD8E4, 0xF903, 0xC0C3, 0x000E, 0x000E, 0x000E, 0x000E, 0x000E, 0x000E,
    0x000E, 0x000E, 0x000E, 0x000E, 0x000E, 0xD8E4, 0xD8E4, 0xD8E4, 0xD8E4, 0xD8E4, 0xD8E4, 0x000E, 0x000E, 0x000E, 0x000E, 0x000E, 0x000E, 0xD8E4, 0xD8E4, 0xF904, 0xF903, 0xD8E4, 0xD8E4, 0xD8E3, 0x000E, 0x000E, 0x000E, 0x000E, 0x000E, 0x000E,
    0x000E, 0x000E, 0x000E, 0x000E, 0x000E, 0xD8E4, 0xD8E4, 0xD8E4, 0xD8E4, 0xD8E4, 0xD8E4, 0x000E, 0x000E, 0x000E, 0x000E, 0x000E, 0x000E, 0xD8E4, 0xD8E4, 0xD8E4, 0xF904, 0xF904, 0xD8E4, 0xD8E3, 0x000E, 0x000E, 0x000E, 0x000E, 0x000E, 0x000E,
    0x000E, 0x000E, 0x000E, 0x000E, 0x000E, 0xD8E4, 0xD8E4, 0xD8E4, 0xD8E4, 0xD8E4, 0xD8E4, 0x000E, 0x000E, 0x000E, 0x000E, 0x000E, 0x000E, 0x7061, 0xD8E4, 0xD8E4, 0xD8E4, 0xF903, 0xD8E4, 0xD8E4, 0x000E, 0x000E, 0x000E, 0x000E, 0x000E, 0x000E,
    0x000E, 0x000E, 0x000E, 0x000E, 0x000E, 0xC0C4, 0xD8E4, 0xD8E4, 0xD8E4, 0xD8E4, 0xD8E4, 0x000E, 0x000E, 0x000E, 0x000E, 0x000E, 0x000E, 0x000E, 0x000E, 0xD8E4, 0xD8E4, 0xD8E4, 0xD8E4, 0x7061, 0x000E, 0x000E, 0x000E, 0x000E, 0x000E, 0x000E,
    0x000E, 0x000E, 0x000E, 0x000E, 0x000E, 0xB0C3, 0xD8E4, 0xD8E4, 0xD8E4, 0xD8E4, 0xD8E4, 0x000E, 0x000E, 0x000E, 0x000E, 0x000E, 0x000E, 0x000E, 0x000E, 0xD8E4, 0xD8E4, 0xD8E4, 0xD8E4, 0xB30E, 0x000E, 0x000E, 0x000E, 0x000E, 0x000E, 0x000E,
    0x000E, 0x000E, 0x000E, 0x000E, 0x000E, 0x7061, 0x7061, 0xD8E4, 0xD8E4, 0xB0C3, 0x7061, 0x000E, 0x000E, 0x000E, 0x000E, 0x000E, 0x000E, 0x000E, 0x000E, 0x000E, 0xB0C3, 0x7061, 0xB30E, 0xC42A, 0x9182, 0x000E, 0x000E, 0x000E, 0x000E, 0x000E,
    0x000E, 0x000E, 0x000E, 0x000E, 0x000E, 0x000E, 0xB30E, 0x7061, 0xB30E, 0x7061, 0x000E, 0x000E, 0x000E, 0x000E, 0x000E, 0x000E, 0x000E, 0x000E, 0x000E, 0x000E, 0x000E, 0x000E, 0xC42A, 0xC42A, 0xD4AC, 0x000E, 0x000E, 0x000E, 0x000E, 0x000E,
    0x000E, 0x000E, 0x000E, 0x000E, 0x000E, 0xC42A, 0xD4AC, 0xD4AC, 0xC42A, 0x8106, 0x000E, 0x000E, 0x000E, 0x000E, 0x000E, 0x000E, 0x000E, 0x000E, 0x000E, 0x000E, 0x000E, 0xD4AC, 0xD4AC, 0xD4AC, 0xD4AC, 0xC42A, 0x000E, 0x000E, 0x000E, 0x000E,
    0x000E, 0x000E, 0x000E, 0x000E, 0x000E, 0xD4AC, 0xD4AC, 0xD4AC, 0xD4AC, 0x000E, 0x000E, 0x000E, 0x000E, 0x000E, 0x000E, 0x000E, 0x000E, 0x000E, 0x000E, 0x000E, 0x000E, 0xA284, 0xC881, 0xD4AC, 0xD4AC, 0xB306, 0xB306, 0x000E, 0x000E, 0x000E,
    0x000E, 0x000E, 0x000E, 0xB306, 0xA284, 0xA284, 0xB306, 0xD4AC, 0xA284, 0x000E, 0x000E, 0x000E, 0x000E, 0x000E, 0x000E, 0x000E, 0x000E, 0x000E, 0x000E, 0x000E, 0x000E, 0x9182, 0xD4AC, 0xB306, 0xB306, 0xB306, 0x9182, 0x000E, 0x000E, 0x000E,
    0x000E, 0x000E, 0x000E, 0x9182, 0x9182, 0xB306, 0xA284, 0xC42A, 0xB306, 0x000E, 0x000E, 0x000E, 0x000E, 0x000E, 0x000E, 0x000E, 0x000E, 0x000E, 0x000E, 0x000E, 0x000E, 0x000E, 0x000E, 0x000E, 0x000E, 0x000E, 0x000E, 0x000E, 0x000E, 0x000E,
};
constexpr int SUZAKU_KEN_F2_W = 30;
constexpr int SUZAKU_KEN_F2_H = 44;
static const uint16_t SUZAKU_KEN_F2[1320] = {
    0x000E, 0x000E, 0x000E, 0x000E, 0x000E, 0x000E, 0x000E, 0x000E, 0x000E, 0x000E, 0x000E, 0x000E, 0x000E, 0x000E, 0x000E, 0xFE84, 0xFE84, 0xFE84, 0xFE84, 0x000E, 0x000E, 0x000E, 0x000E, 0x000E, 0x000E, 0x000E, 0x000E, 0x000E, 0x000E, 0x000E,
    0x000E, 0x000E, 0x000E, 0x000E, 0x000E, 0x000E, 0x000E, 0x000E, 0x000E, 0x000E, 0x000E, 0x000E, 0x000E, 0x000E, 0xFE84, 0x0398, 0x0294, 0x000C, 0x000C, 0xFE84, 0x000E, 0x000E, 0x000E, 0x000E, 0x000E, 0x000E, 0x000E, 0x000E, 0x000E, 0x000E,
    0x000E, 0x000E, 0x000E, 0x000E, 0x000E, 0x000E, 0x000E, 0x000E, 0x000E, 0x000E, 0x000E, 0x000E, 0x000E, 0x000E, 0xFE84, 0x000C, 0xFE84, 0xFE84, 0x000C, 0x000E, 0x000E, 0x000E, 0x000E, 0x000E, 0x000E, 0x000E, 0x000E, 0x000E, 0x000E, 0x000E,
    0x000E, 0x000E, 0x000E, 0x000E, 0x000E, 0x000E, 0x000E, 0x000E, 0x000E, 0xD8E3, 0x000E, 0xD8E3, 0xF903, 0xC0C3, 0xA284, 0xC42A, 0xC42A, 0x7000, 0xFE84, 0x000E, 0x000E, 0x000E, 0x000E, 0x000E, 0x000E, 0x000E, 0x000E, 0x000E, 0x000E, 0x000E,
    0x000E, 0x000E, 0x000E, 0x000E, 0x000E, 0x000E, 0x000E, 0x000E, 0xC881, 0xD4AC, 0xF924, 0xD8E3, 0xF924, 0xD881, 0xC42A, 0xC42A, 0xC42A, 0xD4AC, 0x000E, 0x000E, 0x000E, 0x000E, 0x000E, 0x000E, 0x000E, 0x000E, 0x000E, 0x000E, 0x000E, 0x000E,
    0x000E, 0x000E, 0x000E, 0x000E, 0x000E, 0x000E, 0x000E, 0xD881, 0xD881, 0xD8E3, 0xF924, 0xF924, 0xF903, 0xB061, 0xC42A, 0xC42A, 0xC42A, 0x7000, 0xC0C3, 0x000E, 0x000E, 0xF924, 0x000E, 0x000E, 0x000E, 0x000E, 0x000E, 0x000E, 0x000E, 0x000E,
    0x000E, 0x000E, 0x000E, 0x000E, 0x000E, 0x000E, 0x000E, 0xD4AC, 0xD881, 0xC42A, 0xD8E3, 0xF924, 0x9182, 0xA284, 0xB306, 0xD4AC, 0x9182, 0xF924, 0xD8E3, 0xF924, 0xA284, 0xB306, 0x000E, 0x000E, 0x000E, 0x000E, 0x000E, 0x000E, 0x000E, 0x000E,
    0x000E, 0x000E, 0x000E, 0x000E, 0x000E, 0x000E, 0x000E, 0xB306, 0xC881, 0xD881, 0xD4AC, 0xD8E3, 0x9182, 0xD4AC, 0xD881, 0xF000, 0xA082, 0xF924, 0xF924, 0xF924, 0xD4AC, 0xD881, 0xA284, 0x000E, 0x000E, 0x000E, 0x000E, 0x000E, 0x000E, 0x000E,
    0x000E, 0x000E, 0x000E, 0x000E, 0x000E, 0x000E, 0xC42A, 0xD881, 0xC42A, 0xA284, 0xD881, 0x9182, 0xC000, 0xC000, 0xF000, 0xD841, 0xC000, 0xF924, 0xF924, 0xC42A, 0xD881, 0xD881, 0xD4AC, 0x000E, 0x000E, 0x000E, 0x000E, 0x000E, 0x000E, 0x000E,
    0x000E, 0x000E, 0x000E, 0x000E, 0x000E, 0x000E, 0xA284, 0xA284, 0xD4AC, 0xD4AC, 0xC881, 0xD881, 0xF000, 0xF000, 0xF000, 0xC000, 0xD841, 0xD4AC, 0xF924, 0xA28C, 0xD4AC, 0xD4AC, 0xD4AC, 0x000E, 0x000E, 0x000E, 0x000E, 0x000E, 0x000E, 0x000E,
    0x000E, 0x000E, 0x000E, 0x000E, 0x000E, 0x000E, 0x000E, 0xB061, 0xD4AC, 0xB061, 0xC42A, 0xC42A, 0xD000, 0xF28A, 0xC000, 0x7061, 0xD8E3, 0xA284, 0xF924, 0x9182, 0xB306, 0xB306, 0xA284, 0xB306, 0x000E, 0x000E, 0x000E, 0x000E, 0x000E, 0x000E,
    0x000E, 0x000E, 0x000E, 0x000E, 0x000E, 0x000E, 0x000E, 0x9208, 0xB061, 0xB061, 0xB061, 0xB30E, 0xC0C3, 0xF924, 0xF924, 0xD8E3, 0xF924, 0xF904, 0xF903, 0x9182, 0xD4AC, 0xD4AC, 0xA284, 0xC42A, 0x000E, 0x000E, 0x000E, 0x000E, 0x000E, 0x000E,
    0x000E, 0x000E, 0x000E, 0x000E, 0x000E, 0x000E, 0x000E, 0x000E, 0xB30E, 0xB30E, 0x7061, 0xD8E3, 0xF904, 0xF904, 0xF904, 0xF904, 0xF904, 0xF903, 0xD8E4, 0xD4AC, 0x7000, 0xA082, 0xB306, 0xD4AC, 0xB306, 0x000E, 0x000E, 0x000E, 0x000E, 0x000E,
    0x000E, 0x000E, 0x000E, 0x000E, 0x000E, 0x000E, 0x000E, 0x000E, 0x000E, 0xD8E4, 0xF903, 0xF903, 0xF903, 0xF903, 0xD8E3, 0xF903, 0xD8E4, 0xD8E4, 0xD8E4, 0xD881, 0xC000, 0xC000, 0xA082, 0xB061, 0xB061, 0x000E, 0x000E, 0x000E, 0x000E, 0x000E,
    0x000E, 0x000E, 0x000E, 0x000E, 0x000E, 0x000E, 0x000E, 0x000E, 0x000E, 0xB0C3, 0xD8E4, 0xD8E4, 0xD8E3, 0xD8E4, 0xD8E4, 0xD8E4, 0xD8E4, 0xD8E4, 0xD8E4, 0xD881, 0xC000, 0xA082, 0xA082, 0xA284, 0xB061, 0x000E, 0x000E, 0x000E, 0x000E, 0x000E,
    0x000E, 0x000E, 0x000E, 0x000E, 0x000E, 0x000E, 0x000E, 0x000E, 0x000E, 0x000E, 0xD8E4, 0xD8E4, 0xD8E4, 0xD8E4, 0xD8E4, 0xD8E4, 0xD8E4, 0xD8E4, 0xD8E4, 0xD881, 0xC000, 0xA082, 0xA082, 0xB306, 0xB30E, 0x000E, 0x000E, 0x000E, 0x000E, 0x000E,
    0x000E, 0x000E, 0x000E, 0x000E, 0x000E, 0x000E, 0x000E, 0x000E, 0x000E, 0x000E, 0xFE84, 0xFE84, 0xFE84, 0xFE84, 0xD8E3, 0xB0C3, 0xB0C3, 0xFE84, 0xFE84, 0x000E, 0x000E, 0x000E, 0xA28C, 0x000E, 0x000E, 0x000E, 0x000E, 0x000E, 0x000E, 0x000E,
    0x000E, 0x000E, 0x000E, 0x000E, 0x000E, 0x000E, 0x000E, 0x000E, 0x000E, 0xB0C3, 0xD8E4, 0xFE84, 0xFE84, 0xFE84, 0xFE84, 0xFE84, 0x4208, 0xD8E3, 0x7061, 0xB0C3, 0x000E, 0x000E, 0x000E, 0x000E, 0x000E, 0x000E, 0x000E, 0x000E, 0x000E, 0x000E,
    0x000E, 0x000E, 0x000E, 0x000E, 0x000E, 0x000E, 0x000E, 0x000E, 0x000E, 0xD8E4, 0xD8E4, 0xFE84, 0xD8E4, 0xD8E4, 0xFE84, 0xD8E4, 0xD8E4, 0xB0C3, 0xC0C4, 0xF903, 0x000E, 0x000E, 0x000E, 0x000E, 0x000E, 0x000E, 0x000E, 0x000E, 0x000E, 0x000E,
    0x000E, 0x000E, 0x000E, 0x000E, 0x000E, 0x000E, 0x000E, 0x000E, 0xB0C3, 0xF924, 0xF924, 0xFE84, 0xF924, 0xF924, 0xFE84, 0xF924, 0xF903, 0xB0C3, 0xC0C4, 0xF903, 0x000E, 0x000E, 0x000E, 0x000E, 0x000E, 0x000E, 0x000E, 0x000E, 0x000E, 0x000E,
    0x000E, 0x000E, 0x000E, 0x000E, 0x000E, 0x000E, 0x000E, 0x000E, 0xF904, 0xF924, 0xF924, 0xFE84, 0xF903, 0xB0C3, 0xFE84, 0xF924, 0xF924, 0xB0C3, 0xC0C3, 0xF903, 0x000E, 0x000E, 0x000E, 0x000E, 0x000E, 0x000E, 0x000E, 0x000E, 0x000E, 0x000E,
    0x000E, 0x000E, 0x000E, 0x000E, 0x000E, 0x000E, 0x000E, 0x000E, 0xF924, 0xB0C3, 0xB0C3, 0xFE84, 0xC0C4, 0xC0C4, 0xFE84, 0xB0C3, 0xB0C3, 0xB0C3, 0xC0C4, 0x7061, 0x000E, 0x000E, 0x000E, 0x000E, 0x000E, 0x000E, 0x000E, 0x000E, 0x000E, 0x000E,
    0x000E, 0x000E, 0x000E, 0x000E, 0x000E, 0x000E, 0x000E, 0xF924, 0xF924, 0xF924, 0xD8E4, 0xFE84, 0xFE84, 0x7061, 0xFE84, 0xC0C4, 0xD8E4, 0xD8E4, 0xD8E4, 0xC0C4, 0x000E, 0x000E, 0x000E, 0x000E, 0x000E, 0x000E, 0x000E, 0x000E, 0x000E, 0x000E,
    0x000E, 0x000E, 0x000E, 0x000E, 0x000E, 0x000E, 0xC0C3, 0xF924, 0xF924, 0xF924, 0xD8E4, 0xC0C4, 0xFE84, 0xFE84, 0x7061, 0xD8E4, 0xF904, 0xF904, 0xF903, 0xD8E4, 0x000E, 0x000E, 0x000E, 0x000E, 0x000E, 0x000E, 0x000E, 0x000E, 0x000E, 0x000E,
    0x000E, 0x000E, 0x000E, 0x000E, 0x000E, 0x000E, 0xF904, 0xF924, 0xF924, 0xF924, 0xF903, 0xD8E4, 0xD8E4, 0xB0C3, 0xC0C4, 0xD8E4, 0xF904, 0xF904, 0xF904, 0xF903, 0xC0C3, 0x000E, 0x000E, 0x000E, 0x000E, 0x000E, 0x000E, 0x000E, 0x000E, 0x000E,
    0x000E, 0x000E, 0x000E, 0x000E, 0x000E, 0x000E, 0xF924, 0xF924, 0xF924, 0xF924, 0xF903, 0xD8E4, 0xD8E4, 0x7061, 0xD8E4, 0xF903, 0xF904, 0xF904, 0xF904, 0xF904, 0xC0C3, 0x000E, 0x000E, 0x000E, 0x000E, 0x000E, 0x000E, 0x000E, 0x000E, 0x000E,
    0x000E, 0x000E, 0x000E, 0x000E, 0x000E, 0xC0C3, 0xF924, 0xF924, 0xF924, 0xF924, 0xF903, 0xD8E4, 0xC0C4, 0x7061, 0xD8E4, 0xF904, 0xF904, 0xF904, 0xF904, 0xF904, 0xF903, 0x000E, 0x000E, 0x000E, 0x000E, 0x000E, 0x000E, 0x000E, 0x000E, 0x000E,
    0x000E, 0x000E, 0x000E, 0x000E, 0x000E, 0xF904, 0xF924, 0xF924, 0xF924, 0xF924, 0xF904, 0xF904, 0x7061, 0x000E, 0xD8E4, 0xF904, 0xF904, 0xF904, 0xF904, 0xF904, 0xF904, 0xF924, 0x000E, 0x000E, 0x000E, 0x000E, 0x000E, 0x000E, 0x000E, 0x000E,
    0x000E, 0x000E, 0x000E, 0x000E, 0x000E, 0xF903, 0xF904, 0xF924, 0xF924, 0xF924, 0xF924, 0xF903, 0x7061, 0x000E, 0xC0C4, 0xF903, 0xF904, 0xF904, 0xF904, 0xF904, 0xF904, 0xF904, 0xD8E3, 0x000E, 0x000E, 0x000E, 0x000E, 0x000E, 0x000E, 0x000E,
    0x000E, 0x000E, 0x000E, 0x000E, 0x000E, 0xD8E4, 0xD8E4, 0xF904, 0xF924, 0xF924, 0xF924, 0xD8E4, 0x000E, 0x000E, 0xB0C3, 0xD8E4, 0xF904, 0xF904, 0xF904, 0xF904, 0xF904, 0xF903, 0xF924, 0x000E, 0x000E, 0x000E, 0x000E, 0x000E, 0x000E, 0x000E,
    0x000E, 0x000E, 0x000E, 0x000E, 0x000E, 0xD8E4, 0xD8E4, 0xD8E4, 0xF903, 0xF924, 0xF904, 0xC0C4, 0x000E, 0x000E, 0x000E, 0xD8E4, 0xD8E4, 0xF904, 0xF904, 0xF903, 0xD8E4, 0xF903, 0xF904, 0xD8E3, 0x000E, 0x000E, 0x000E, 0x000E, 0x000E, 0x000E,
    0x000E, 0x000E, 0x000E, 0x000E, 0x000E, 0xD8E4, 0xD8E4, 0xD8E4, 0xD8E4, 0xF924, 0xF903, 0xB0C3, 0x000E, 0x000E, 0x000E, 0x7061, 0xD8E4, 0xD8E4, 0xF903, 0xF903, 0xD8E4, 0xD8E4, 0xF903, 0xF904, 0x000E, 0x000E, 0x000E, 0x000E, 0x000E, 0x000E,
    0x000E, 0x000E, 0x000E, 0x000E, 0x000E, 0xD8E4, 0xD8E4, 0xD8E4, 0xD8E4, 0xF903, 0xD8E4, 0x7061, 0x000E, 0x000E, 0x000E, 0x000E, 0xB0C3, 0xD8E4, 0xD8E4, 0xD8E4, 0xD8E4, 0xD8E4, 0xF903, 0xD8E4, 0x000E, 0x000E, 0x000E, 0x000E, 0x000E, 0x000E,
    0x000E, 0x000E, 0x000E, 0x000E, 0x000E, 0xD8E4, 0xD8E4, 0xD8E4, 0xD8E4, 0xD8E4, 0xD8E4, 0x000E, 0x000E, 0x000E, 0x000E, 0x000E, 0x000E, 0xD8E4, 0xD8E4, 0xD8E4, 0xD8E4, 0xD8E4, 0xD8E4, 0xB0C3, 0x000E, 0x000E, 0x000E, 0x000E, 0x000E, 0x000E,
    0x000E, 0x000E, 0x000E, 0x000E, 0x000E, 0xD8E4, 0xD8E4, 0xD8E4, 0xD8E4, 0xD8E4, 0xD8E4, 0x000E, 0x000E, 0x000E, 0x000E, 0x000E, 0x000E, 0xD8E4, 0xD8E4, 0xD8E4, 0xD8E4, 0xD8E4, 0xD8E4, 0xC0C3, 0x000E, 0x000E, 0x000E, 0x000E, 0x000E, 0x000E,
    0x000E, 0x000E, 0x000E, 0x000E, 0x000E, 0xD8E4, 0xD8E4, 0xD8E4, 0xD8E4, 0xD8E4, 0xD8E4, 0x000E, 0x000E, 0x000E, 0x000E, 0x000E, 0x000E, 0x000E, 0x7061, 0xD8E4, 0xD8E4, 0xD8E4, 0xD8E4, 0xD8E4, 0x000E, 0x000E, 0x000E, 0x000E, 0x000E, 0x000E,
    0x000E, 0x000E, 0x000E, 0x000E, 0x000E, 0xB0C3, 0xD8E4, 0xD8E4, 0xD8E4, 0xD8E4, 0xD8E4, 0x000E, 0x000E, 0x000E, 0x000E, 0x000E, 0x000E, 0x000E, 0x000E, 0x7061, 0xD8E4, 0xD8E4, 0xD8E3, 0xB0C3, 0x9182, 0x000E, 0x000E, 0x000E, 0x000E, 0x000E,
    0x000E, 0x000E, 0x000E, 0x000E, 0x000E, 0x7061, 0xC0C3, 0xD8E4, 0xD8E4, 0x7061, 0xB0C3, 0x000E, 0x000E, 0x000E, 0x000E, 0x000E, 0x000E, 0x000E, 0x000E, 0x000E, 0xC0C3, 0xC0C3, 0xB30E, 0xB30E, 0x8106, 0x000E, 0x000E, 0x000E, 0x000E, 0x000E,
    0x000E, 0x000E, 0x000E, 0x000E, 0x000E, 0x000E, 0xB30E, 0xB306, 0xA284, 0x000E, 0x000E, 0x000E, 0x000E, 0x000E, 0x000E, 0x000E, 0x000E, 0x000E, 0x000E, 0x000E, 0x000E, 0x9182, 0xC42A, 0xD4AC, 0xC42A, 0x000E, 0x000E, 0x000E, 0x000E, 0x000E,
    0x000E, 0x000E, 0x000E, 0x000E, 0x000E, 0xC42A, 0xD4AC, 0xD4AC, 0xD4AC, 0xA28C, 0x000E, 0x000E, 0x000E, 0x000E, 0x000E, 0x000E, 0x000E, 0x000E, 0x000E, 0x000E, 0x000E, 0x9182, 0xD4AC, 0xC42A, 0xD4AC, 0x000E, 0x000E, 0x000E, 0x000E, 0x000E,
    0x000E, 0x000E, 0x000E, 0x000E, 0x000E, 0xD4AC, 0xD4AC, 0xD4AC, 0xD4AC, 0xA28C, 0x000E, 0x000E, 0x000E, 0x000E, 0x000E, 0x000E, 0x000E, 0x000E, 0x000E, 0x000E, 0x000E, 0xC42A, 0xD4AC, 0xD4AC, 0xD4AC, 0xC42A, 0x000E, 0x000E, 0x000E, 0x000E,
    0x000E, 0x000E, 0x000E, 0x000E, 0xC42A, 0xD4AC, 0xC42A, 0xC42A, 0xC42A, 0x000E, 0x000E, 0x000E, 0x000E, 0x000E, 0x000E, 0x000E, 0x000E, 0x000E, 0x000E, 0x000E, 0x000E, 0xB306, 0xC881, 0xD4AC, 0xD4AC, 0xC42A, 0xB306, 0x000E, 0x000E, 0x000E,
    0x000E, 0x000E, 0x000E, 0x9182, 0x9182, 0xC881, 0xC42A, 0xC42A, 0xC42A, 0x000E, 0x000E, 0x000E, 0x000E, 0x000E, 0x000E, 0x000E, 0x000E, 0x000E, 0x000E, 0x000E, 0x000E, 0x9182, 0xD4AC, 0xB306, 0xA284, 0xB306, 0x9182, 0x000E, 0x000E, 0x000E,
    0x000E, 0x000E, 0x000E, 0x9182, 0x9182, 0xB306, 0xA284, 0xC42A, 0x9182, 0x000E, 0x000E, 0x000E, 0x000E, 0x000E, 0x000E, 0x000E, 0x000E, 0x000E, 0x000E, 0x000E, 0x000E, 0x000E, 0x000E, 0x000E, 0x000E, 0x000E, 0x000E, 0x000E, 0x000E, 0x000E,
};
constexpr int SUZAKU_KEN_F3_W = 30;
constexpr int SUZAKU_KEN_F3_H = 44;
static const uint16_t SUZAKU_KEN_F3[1320] = {
    0x000E, 0x000E, 0x000E, 0x000E, 0x000E, 0x000E, 0x000E, 0x000E, 0x000E, 0x000E, 0x000E, 0x000E, 0x000E, 0x000E, 0xFE84, 0xFE84, 0xFE84, 0xFE84, 0xFE84, 0x000E, 0x000E, 0x000E, 0x000E, 0x000E, 0x000E, 0x000E, 0x000E, 0x000E, 0x000E, 0x000E,
    0x000E, 0x000E, 0x000E, 0x000E, 0x000E, 0x000E, 0x000E, 0x000E, 0x000E, 0x000E, 0x000E, 0x000E, 0x000E, 0x000E, 0x0294, 0x0398, 0x000C, 0xFE84, 0xFE84, 0x000E, 0x000E, 0x000E, 0x000E, 0x000E, 0x000E, 0x000E, 0x000E, 0x000E, 0x000E, 0x000E,
    0x000E, 0x000E, 0x000E, 0x000E, 0x000E, 0x000E, 0x000E, 0x000E, 0x000E, 0x000E, 0x000E, 0x000E, 0x000E, 0xA000, 0xE000, 0xE000, 0xE000, 0xFE84, 0xFE84, 0x000E, 0x000E, 0x000E, 0x000E, 0x000E, 0x000E, 0x000E, 0x000E, 0x000E, 0x000E, 0x000E,
    0x000E, 0x000E, 0x000E, 0x000E, 0x000E, 0x000E, 0x000E, 0x000E, 0x000E, 0xF924, 0x000E, 0x000E, 0xA000, 0x000C, 0xFE84, 0xD4AC, 0x7000, 0xB306, 0xFE84, 0x000E, 0x000E, 0x000E, 0x000E, 0x000E, 0x000E, 0x000E, 0x000E, 0x000E, 0x000E, 0x000E,
    0x000E, 0x000E, 0x000E, 0x000E, 0x000E, 0x000E, 0x000E, 0x000E, 0xD4AC, 0xD8E3, 0xF924, 0xF924, 0xC0C3, 0xB061, 0xC881, 0xC42A, 0xD4AC, 0xD4AC, 0x000E, 0x000E, 0x000E, 0x000E, 0x000E, 0x000E, 0x000E, 0x000E, 0x000E, 0x000E, 0x000E, 0x000E,
    0x000E, 0x000E, 0x000E, 0x000E, 0x000E, 0x000E, 0xD881, 0xD881, 0xD881, 0xF903, 0xF924, 0xF924, 0x9182, 0xA284, 0xB30E, 0xC42A, 0xB306, 0xF924, 0xF924, 0x000E, 0x000E, 0x000E, 0xF903, 0x000E, 0x000E, 0x000E, 0x000E, 0x000E, 0x000E, 0x000E,
    0x000E, 0x000E, 0x000E, 0x000E, 0x000E, 0x000E, 0xC881, 0xD881, 0xD881, 0xC0C3, 0xD8E3, 0xF903, 0xC42A, 0xB30E, 0x9182, 0x9182, 0x9182, 0xF924, 0xF904, 0xF924, 0xD8E3, 0x7061, 0x000E, 0x000E, 0x000E, 0x000E, 0x000E, 0x000E, 0x000E, 0x000E,
    0x000E, 0x000E, 0x000E, 0x000E, 0x000E, 0x000E, 0xB306, 0xC881, 0xD881, 0xD881, 0xB0C3, 0xB0C3, 0xD4AC, 0xB306, 0xF000, 0xC000, 0x9182, 0xF904, 0xF924, 0xD8E3, 0xD881, 0xD881, 0x000E, 0x000E, 0x000E, 0x000E, 0x000E, 0x000E, 0x000E, 0x000E,
    0x000E, 0x000E, 0x000E, 0x000E, 0x000E, 0x000E, 0xC42A, 0xD881, 0xD881, 0xD881, 0xC42A, 0xB0C3, 0xD000, 0xD000, 0xF28A, 0xF000, 0x9182, 0xD8E3, 0xD8E3, 0xD881, 0xD881, 0xD881, 0xC42A, 0x000E, 0x000E, 0x000E, 0x000E, 0x000E, 0x000E, 0x000E,
    0x000E, 0x000E, 0x000E, 0x000E, 0x000E, 0x000E, 0xD881, 0xC42A, 0xA284, 0xA284, 0x9182, 0xD000, 0xF000, 0xF000, 0xF000, 0xA082, 0x8106, 0xF924, 0xF924, 0xD881, 0xD881, 0xD881, 0xD4AC, 0x000E, 0x000E, 0x000E, 0x000E, 0x000E, 0x000E, 0x000E,
    0x000E, 0x000E, 0x000E, 0x000E, 0x000E, 0x000E, 0xA284, 0xD4AC, 0xD4AC, 0xC881, 0xD4AC, 0xA082, 0xF000, 0xD000, 0xC000, 0xC0C3, 0xF924, 0xA284, 0xD8E3, 0xC42A, 0xD4AC, 0xD4AC, 0xD4AC, 0x000E, 0x000E, 0x000E, 0x000E, 0x000E, 0x000E, 0x000E,
    0x000E, 0x000E, 0x000E, 0x000E, 0x000E, 0x000E, 0xB061, 0xD4AC, 0xB061, 0xB061, 0xC42A, 0xB30E, 0xA082, 0xD4AC, 0xF924, 0xC0C3, 0xF924, 0xF903, 0xD8E4, 0x9182, 0xC42A, 0xB306, 0xA284, 0xA284, 0x000E, 0x000E, 0x000E, 0x000E, 0x000E, 0x000E,
    0x000E, 0x000E, 0x000E, 0x000E, 0x000E, 0x000E, 0x9208, 0xB061, 0xB061, 0xB061, 0xA28C, 0xF904, 0xB0C3, 0xF904, 0xC0C3, 0xF903, 0xD8E4, 0xD8E4, 0x9208, 0xD4AC, 0xA284, 0xB306, 0xB306, 0xB306, 0x000E, 0x000E, 0x000E, 0x000E, 0x000E, 0x000E,
    0x000E, 0x000E, 0x000E, 0x000E, 0x000E, 0x000E, 0x000E, 0x000E, 0xB0C3, 0xB0C3, 0xD8E4, 0xD8E4, 0xD8E4, 0xD8E4, 0xD8E4, 0xD8E4, 0xD8E4, 0xD8E4, 0xA284, 0x7000, 0xC000, 0xF000, 0xF000, 0xD4AC, 0x000E, 0x000E, 0x000E, 0x000E, 0x000E, 0x000E,
    0x000E, 0x000E, 0x000E, 0x000E, 0x000E, 0x000E, 0x000E, 0x000E, 0xB0C3, 0xD8E4, 0xD8E4, 0xD8E4, 0xD8E4, 0xC0C4, 0xD8E4, 0xD8E4, 0xD8E4, 0xD8E4, 0xB30E, 0x9182, 0xF000, 0xA082, 0xA082, 0xC42A, 0xA28C, 0x000E, 0x000E, 0x000E, 0x000E, 0x000E,
    0x000E, 0x000E, 0x000E, 0x000E, 0x000E, 0x000E, 0x000E, 0x000E, 0x000E, 0xD8E4, 0xD8E4, 0xD8E4, 0xD8E4, 0xB0C3, 0xD8E4, 0xD8E4, 0xD8E4, 0xD8E4, 0xB0C3, 0x7000, 0xC000, 0xA082, 0xA082, 0xB30E, 0xB30E, 0x000E, 0x000E, 0x000E, 0x000E, 0x000E,
    0x000E, 0x000E, 0x000E, 0x000E, 0x000E, 0x000E, 0x000E, 0x000E, 0x000E, 0xFE84, 0xB0C3, 0xD8E4, 0xD8E4, 0xD8E4, 0xD8E4, 0xD8E4, 0xB0C3, 0xD8E4, 0x7061, 0x7000, 0xA082, 0xD000, 0xD000, 0xB30E, 0x9208, 0x000E, 0x000E, 0x000E, 0x000E, 0x000E,
    0x000E, 0x000E, 0x000E, 0x000E, 0x000E, 0x000E, 0x000E, 0x000E, 0x000E, 0xD8E4, 0xFE84, 0xFE84, 0xFE84, 0xFE84, 0xFE84, 0xFE84, 0xFE84, 0x4208, 0xB0C3, 0x000E, 0x000E, 0x000E, 0xA28C, 0x000E, 0x000E, 0x000E, 0x000E, 0x000E, 0x000E, 0x000E,
    0x000E, 0x000E, 0x000E, 0x000E, 0x000E, 0x000E, 0x000E, 0x000E, 0xC0C3, 0xD8E4, 0x7061, 0xFE84, 0xFE84, 0xFE84, 0xF903, 0xF903, 0xD8E4, 0xB0C3, 0x7061, 0x000E, 0x000E, 0x000E, 0x000E, 0x000E, 0x000E, 0x000E, 0x000E, 0x000E, 0x000E, 0x000E,
    0x000E, 0x000E, 0x000E, 0x000E, 0x000E, 0x000E, 0x000E, 0x000E, 0xF903, 0xF904, 0xFE84, 0xD8E4, 0xF924, 0xD8E4, 0x7061, 0xF924, 0xF903, 0xC0C4, 0xB0C3, 0xB0C3, 0x000E, 0x000E, 0x000E, 0x000E, 0x000E, 0x000E, 0x000E, 0x000E, 0x000E, 0x000E,
    0x000E, 0x000E, 0x000E, 0x000E, 0x000E, 0x000E, 0x000E, 0xF904, 0xF924, 0xD8E3, 0xFE84, 0x7061, 0xB0C3, 0xB0C3, 0xFE84, 0xB0C3, 0x7061, 0xC0C4, 0xC0C4, 0xB0C3, 0x000E, 0x000E, 0x000E, 0x000E, 0x000E, 0x000E, 0x000E, 0x000E, 0x000E, 0x000E,
    0x000E, 0x000E, 0x000E, 0x000E, 0x000E, 0x000E, 0xF904, 0xF924, 0xF904, 0xD8E4, 0xFE84, 0xD8E4, 0xD8E4, 0xD8E3, 0xFE84, 0xC0C4, 0xD8E4, 0xD8E4, 0xC0C4, 0x7061, 0x000E, 0x000E, 0x000E, 0x000E, 0x000E, 0x000E, 0x000E, 0x000E, 0x000E, 0x000E,
    0x000E, 0x000E, 0x000E, 0x000E, 0x000E, 0x000E, 0xF924, 0xF924, 0xF924, 0xD8E4, 0xFE84, 0xB0C3, 0xD8E4, 0xD8E4, 0xFE84, 0xD8E4, 0xD8E4, 0xD8E4, 0xD8E4, 0xC0C4, 0x000E, 0x000E, 0x000E, 0x000E, 0x000E, 0x000E, 0x000E, 0x000E, 0x000E, 0x000E,
    0x000E, 0x000E, 0x000E, 0x000E, 0x000E, 0xF904, 0xF924, 0xF924, 0xF924, 0xF903, 0xB0C3, 0xFE84, 0xB0C3, 0xFE84, 0xD8E4, 0xF903, 0xF904, 0xF904, 0xF903, 0xD8E4, 0x000E, 0x000E, 0x000E, 0x000E, 0x000E, 0x000E, 0x000E, 0x000E, 0x000E, 0x000E,
    0x000E, 0x000E, 0x000E, 0x000E, 0x000E, 0xF924, 0xF924, 0xF924, 0xF924, 0xF904, 0xD8E4, 0xFE84, 0x7061, 0xFE84, 0xD8E4, 0xF904, 0xF904, 0xF904, 0xF904, 0xF903, 0xB0C3, 0x000E, 0x000E, 0x000E, 0x000E, 0x000E, 0x000E, 0x000E, 0x000E, 0x000E,
    0x000E, 0x000E, 0x000E, 0x000E, 0x000E, 0xF924, 0xF924, 0xF924, 0xF924, 0xF904, 0xD8E4, 0xD8E4, 0x000E, 0xC0C4, 0xF903, 0xF904, 0xF904, 0xF904, 0xF904, 0xF904, 0xB0C3, 0x000E, 0x000E, 0x000E, 0x000E, 0x000E, 0x000E, 0x000E, 0x000E, 0x000E,
    0x000E, 0x000E, 0x000E, 0x000E, 0xC0C3, 0xF924, 0xF924, 0xF924, 0xF924, 0xF904, 0xD8E4, 0xD8E4, 0x000E, 0xB0C3, 0xF903, 0xF904, 0xF904, 0xF904, 0xF904, 0xF904, 0xC0C3, 0x000E, 0x000E, 0x000E, 0x000E, 0x000E, 0x000E, 0x000E, 0x000E, 0x000E,
    0x000E, 0x000E, 0x000E, 0x000E, 0xC0C3, 0xF924, 0xF924, 0xF924, 0xF924, 0xF904, 0xD8E4, 0xC0C4, 0x000E, 0x000E, 0xF903, 0xF904, 0xF904, 0xF904, 0xF904, 0xF904, 0xD8E3, 0xF903, 0x000E, 0x000E, 0x000E, 0x000E, 0x000E, 0x000E, 0x000E, 0x000E,
    0x000E, 0x000E, 0x000E, 0x000E, 0xF903, 0xF924, 0xF924, 0xF924, 0xF924, 0xF904, 0xF903, 0xB0C3, 0x000E, 0x000E, 0xF903, 0xF904, 0xF904, 0xF904, 0xF904, 0xF904, 0xF904, 0xF903, 0x000E, 0x000E, 0x000E, 0x000E, 0x000E, 0x000E, 0x000E, 0x000E,
    0x000E, 0x000E, 0x000E, 0x000E, 0xF903, 0xF904, 0xF904, 0xF924, 0xF924, 0xF904, 0xF903, 0x7061, 0x000E, 0x000E, 0xD8E4, 0xF904, 0xF904, 0xF904, 0xF904, 0xF904, 0xF904, 0xF903, 0xF904, 0x000E, 0x000E, 0x000E, 0x000E, 0x000E, 0x000E, 0x000E,
    0x000E, 0x000E, 0x000E, 0x000E, 0xD8E4, 0xD8E4, 0xF903, 0xF924, 0xF924, 0xF924, 0xD8E4, 0x7061, 0x000E, 0x000E, 0xC0C4, 0xF904, 0xF904, 0xF904, 0xF904, 0xF903, 0xF903, 0xF903, 0xF924, 0x000E, 0x000E, 0x000E, 0x000E, 0x000E, 0x000E, 0x000E,
    0x000E, 0x000E, 0x000E, 0xD8E3, 0xF903, 0xD8E4, 0xD8E4, 0xF903, 0xF904, 0xF903, 0xD8E4, 0x000E, 0x000E, 0x000E, 0x7061, 0xD8E4, 0xF904, 0xF904, 0xF904, 0xF904, 0xD8E4, 0xD8E4, 0xF904, 0xB0C3, 0x000E, 0x000E, 0x000E, 0x000E, 0x000E, 0x000E,
    0x000E, 0x000E, 0x000E, 0xD8E3, 0xF903, 0xD8E4, 0xD8E4, 0xD8E4, 0xF903, 0xD8E4, 0xB0C3, 0x000E, 0x000E, 0x000E, 0x000E, 0xB0C3, 0xD8E4, 0xF903, 0xF903, 0xF903, 0xD8E4, 0xD8E4, 0xD8E4, 0xC0C3, 0x000E, 0x000E, 0x000E, 0x000E, 0x000E, 0x000E,
    0x000E, 0x000E, 0x000E, 0xB0C3, 0xD8E4, 0xD8E4, 0xD8E4, 0xD8E4, 0xD8E4, 0xD8E4, 0xC0C4, 0x000E, 0x000E, 0x000E, 0x000E, 0x000E, 0xC0C3, 0xD8E4, 0xD8E4, 0xD8E4, 0xD8E4, 0xD8E4, 0xD8E4, 0xC0C3, 0x000E, 0x000E, 0x000E, 0x000E, 0x000E, 0x000E,
    0x000E, 0x000E, 0x000E, 0x000E, 0xD8E4, 0xD8E4, 0xD8E4, 0xD8E4, 0xD8E4, 0xD8E4, 0x7061, 0x000E, 0x000E, 0x000E, 0x000E, 0x000E, 0xB0C3, 0xD8E4, 0xD8E4, 0xD8E4, 0xD8E4, 0xD8E4, 0xD8E4, 0xB0C3, 0x000E, 0x000E, 0x000E, 0x000E, 0x000E, 0x000E,
    0x000E, 0x000E, 0x000E, 0x000E, 0xD8E4, 0xD8E4, 0xD8E4, 0xD8E4, 0xD8E4, 0xD8E4, 0x7061, 0x000E, 0x000E, 0x000E, 0x000E, 0x000E, 0x000E, 0xC0C4, 0xD8E4, 0xD8E4, 0xD8E4, 0xD8E4, 0xD8E4, 0xB0C3, 0x000E, 0x000E, 0x000E, 0x000E, 0x000E, 0x000E,
    0x000E, 0x000E, 0x000E, 0x000E, 0xC0C4, 0xD8E4, 0xD8E4, 0xD8E4, 0xD8E4, 0xD8E4, 0x000E, 0x000E, 0x000E, 0x000E, 0x000E, 0x000E, 0x000E, 0x000E, 0xB0C3, 0xC0C3, 0xC0C4, 0xD8E4, 0xD8E4, 0xB30E, 0x000E, 0x000E, 0x000E, 0x000E, 0x000E, 0x000E,
    0x000E, 0x000E, 0x000E, 0x000E, 0x000E, 0x7061, 0xD8E4, 0xD8E4, 0xB0C3, 0xC0C4, 0x000E, 0x000E, 0x000E, 0x000E, 0x000E, 0x000E, 0x000E, 0x000E, 0x000E, 0x000E, 0x7061, 0xC0C3, 0x7061, 0xB30E, 0x000E, 0x000E, 0x000E, 0x000E, 0x000E, 0x000E,
    0x000E, 0x000E, 0x000E, 0x000E, 0x000E, 0xA28C, 0xB30E, 0xB30E, 0x000E, 0x000E, 0x000E, 0x000E, 0x000E, 0x000E, 0x000E, 0x000E, 0x000E, 0x000E, 0x000E, 0x000E, 0x000E, 0x9182, 0xB306, 0xD4AC, 0x9182, 0x000E, 0x000E, 0x000E, 0x000E, 0x000E,
    0x000E, 0x000E, 0x000E, 0x000E, 0x000E, 0xD4AC, 0xD4AC, 0xD4AC, 0xA284, 0x000E, 0x000E, 0x000E, 0x000E, 0x000E, 0x000E, 0x000E, 0x000E, 0x000E, 0x000E, 0x000E, 0x000E, 0x9182, 0xD4AC, 0xD4AC, 0xD4AC, 0x000E, 0x000E, 0x000E, 0x000E, 0x000E,
    0x000E, 0x000E, 0x000E, 0x000E, 0xC42A, 0xD4AC, 0xD4AC, 0xD4AC, 0xB061, 0x000E, 0x000E, 0x000E, 0x000E, 0x000E, 0x000E, 0x000E, 0x000E, 0x000E, 0x000E, 0x000E, 0x000E, 0xC42A, 0xD4AC, 0xD4AC, 0xD4AC, 0xC42A, 0x000E, 0x000E, 0x000E, 0x000E,
    0x000E, 0x000E, 0x000E, 0xB306, 0xD4AC, 0xD4AC, 0xD4AC, 0xD4AC, 0x9182, 0x000E, 0x000E, 0x000E, 0x000E, 0x000E, 0x000E, 0x000E, 0x000E, 0x000E, 0x000E, 0x000E, 0x000E, 0xA284, 0xC881, 0xB306, 0xB306, 0xB306, 0xB306, 0x000E, 0x000E, 0x000E,
    0x000E, 0x000E, 0xB306, 0xA284, 0xA284, 0xA284, 0xD4AC, 0xA284, 0xA284, 0x000E, 0x000E, 0x000E, 0x000E, 0x000E, 0x000E, 0x000E, 0x000E, 0x000E, 0x000E, 0x000E, 0x000E, 0x9182, 0xD4AC, 0xB306, 0xB306, 0xB306, 0x9182, 0x000E, 0x000E, 0x000E,
    0x000E, 0x000E, 0x9182, 0x9182, 0xA284, 0x9182, 0xC42A, 0xB306, 0x9182, 0x000E, 0x000E, 0x000E, 0x000E, 0x000E, 0x000E, 0x000E, 0x000E, 0x000E, 0x000E, 0x000E, 0x000E, 0x000E, 0x000E, 0x000E, 0x000E, 0x000E, 0x000E, 0x000E, 0x000E, 0x000E,
};
static const uint16_t* const SUZAKU_KEN_BREATH_FRAMES[4] = {
    SUZAKU_KEN_F0, SUZAKU_KEN_F1, SUZAKU_KEN_F2, SUZAKU_KEN_F3
};

constexpr int SUZAKU_RYU_HADOUKEN_W = 49;
constexpr int SUZAKU_RYU_HADOUKEN_H = 44;
static const uint16_t SUZAKU_RYU_HADOUKEN[2156] = {
    0x000E, 0x000E, 0x000E, 0x000E, 0x000E, 0x000E, 0x000E, 0x000E, 0x000E, 0x000E, 0x000E, 0x000E, 0x000E, 0x000E, 0x000E, 0x000E, 0x0000, 0x0000, 0x0000, 0x0000, 0x0000, 0x0000, 0x000E, 0x000E, 0x000E, 0x000E, 0x000E, 0x000E, 0x000E, 0x000E, 0x000E, 0x000E, 0x000E, 0x000E, 0x000E, 0x000E, 0x000E, 0x000E, 0x000E, 0x000E, 0x000E, 0x000E, 0x000E, 0x000E, 0x000E, 0x000E, 0x000E, 0x000E, 0x000E,
    0x000E, 0x000E, 0x000E, 0x000E, 0x000E, 0x000E, 0x000E, 0x000E, 0x000E, 0x000E, 0x000E, 0x000E, 0x000E, 0x000E, 0x000E, 0x000E, 0x000C, 0x0398, 0x0398, 0x0294, 0x0294, 0x000C, 0x000C, 0x000E, 0x000E, 0x000E, 0x000E, 0x000E, 0x000E, 0x000E, 0x000E, 0x000E, 0x000E, 0x000E, 0x000E, 0x000E, 0x000E, 0x000E, 0x000E, 0x000E, 0x000E, 0x000E, 0x000E, 0x000E, 0x000E, 0x000E, 0x000E, 0x000E, 0x000E,
    0x000E, 0x000E, 0x000E, 0x000E, 0x000E, 0x000E, 0x000E, 0x000E, 0x000E, 0x000E, 0x000E, 0x000E, 0x000E, 0x000E, 0x000E, 0x000E, 0xE000, 0xC000, 0xE000, 0xC000, 0xC000, 0x0000, 0x000C, 0x000E, 0x000E, 0x000E, 0x000E, 0x000E, 0x000E, 0x000E, 0x000E, 0x000E, 0x000E, 0x000E, 0x000E, 0x000E, 0x000E, 0x000E, 0x000E, 0x000E, 0x000E, 0x000E, 0x000E, 0x000E, 0x000E, 0x000E, 0x000E, 0x000E, 0x000E,
    0x000E, 0x000E, 0x000E, 0x000E, 0x000E, 0x000E, 0x000E, 0x000E, 0x000E, 0x000E, 0x000E, 0xE73A, 0x000E, 0x000E, 0x000E, 0x0000, 0xA284, 0xD4AC, 0xE52E, 0xB306, 0x7000, 0x7000, 0x000E, 0x000E, 0xB5B6, 0x000E, 0x000E, 0x000E, 0x000E, 0x000E, 0x000E, 0x000E, 0x000E, 0x000E, 0x000E, 0x000E, 0x000E, 0x000E, 0x000E, 0x000E, 0x000E, 0x000E, 0x000E, 0x000E, 0x000E, 0x000E, 0x000E, 0x000E, 0x000E,
    0x000E, 0x000E, 0x000E, 0x000E, 0x000E, 0x000E, 0x000E, 0x000E, 0x000E, 0xF7BE, 0xB5B6, 0xF7BE, 0xE73A, 0x000E, 0xB5B6, 0xF632, 0xB30E, 0xE52E, 0xC42A, 0xA284, 0xE52E, 0x000E, 0x000E, 0xB5B6, 0xB5B6, 0x000E, 0x000E, 0x000E, 0x000E, 0x000E, 0x000E, 0x000E, 0x000E, 0x000E, 0x000E, 0x000E, 0x000E, 0x000E, 0x000E, 0x000E, 0x000E, 0x000E, 0x000E, 0x000E, 0x000E, 0x000E, 0x000E, 0x000E, 0x000E,
    0x000E, 0x000E, 0x000E, 0x000E, 0x000E, 0x000E, 0xC42A, 0xF632, 0xC000, 0xF000, 0xF38E, 0xA082, 0xF632, 0xF7BE, 0xB306, 0xA284, 0xA28C, 0x9182, 0xC42A, 0x9182, 0x7000, 0xB5B6, 0xF7BE, 0xE6B8, 0xC42A, 0xC42A, 0xC42A, 0x000E, 0x000E, 0x000E, 0x000E, 0x000E, 0x000E, 0x000E, 0x000E, 0x000E, 0x000E, 0x000E, 0x000E, 0x000E, 0x000E, 0x000E, 0x000E, 0x000E, 0x000E, 0x000E, 0x000E, 0x000E, 0x000E,
    0x000E, 0x000E, 0x000E, 0x000E, 0x000E, 0x000E, 0xE52E, 0xC000, 0xF28A, 0xA082, 0xF000, 0xF000, 0xE52E, 0x9182, 0x9182, 0xA284, 0xA28C, 0xB30E, 0x9182, 0xC42A, 0xF7BE, 0xB5B6, 0xF7BE, 0xA534, 0xF632, 0xF632, 0xF632, 0xE52E, 0xC42A, 0xC42A, 0xC42A, 0x000E, 0x000E, 0xC42A, 0xC42A, 0xC42A, 0x000E, 0x000E, 0x000E, 0x000E, 0x000E, 0x000E, 0x000E, 0x000E, 0x000E, 0x000E, 0x000E, 0x000E, 0x000E,
    0x000E, 0x000E, 0x000E, 0x000E, 0x000E, 0xC42A, 0xC000, 0xC000, 0xA082, 0xA28C, 0xE52E, 0xD4AC, 0x9182, 0xE52E, 0xE52E, 0xE52E, 0xE52E, 0xE52E, 0xE52E, 0xC636, 0xF7BE, 0xF7BE, 0xF7BE, 0xF7BE, 0xA534, 0xC430, 0xB30E, 0xC42A, 0xC42A, 0xD4AC, 0xD4AC, 0xF632, 0xE52E, 0xF632, 0xF632, 0xF632, 0xF632, 0xE52E, 0xD4AC, 0xF632, 0xA082, 0xF000, 0xF000, 0xD000, 0xF000, 0xF000, 0xF000, 0xC000, 0xA284,
    0x000E, 0x000E, 0x000E, 0xC42A, 0xF632, 0xC000, 0xD000, 0xA082, 0xC430, 0xB306, 0x9182, 0x9182, 0xE52E, 0xE52E, 0xE52E, 0xB306, 0xE52E, 0xE52E, 0xE52E, 0xF7BE, 0xC636, 0xF7BE, 0xE73A, 0xA534, 0xA284, 0xD4AC, 0xE52E, 0xF632, 0xF632, 0xF632, 0xF632, 0xF632, 0xD4AC, 0xC430, 0xD4AC, 0xE52E, 0xF632, 0xF632, 0xF632, 0xE52E, 0xA082, 0xF000, 0xF000, 0xA082, 0xF000, 0xF000, 0xF000, 0xA082, 0xA082,
    0x000E, 0x000E, 0xD4AC, 0xF632, 0xB30E, 0xC430, 0xD000, 0xD000, 0xD000, 0xE6B8, 0xF7BE, 0xF7BE, 0xA534, 0xD4AC, 0xD4AC, 0xD4AC, 0xD4AC, 0xD4AC, 0xC636, 0xF7BE, 0xE73A, 0xF7BE, 0xE6B8, 0xF7BE, 0xA28C, 0xC430, 0xC430, 0xB30E, 0xB30E, 0xB30E, 0xC430, 0xC430, 0xC430, 0xC430, 0xB30E, 0xB30E, 0xB30E, 0xB30E, 0xA28C, 0xA28C, 0xA28C, 0xD000, 0xD000, 0xA082, 0xB306, 0xA082, 0xA082, 0xF000, 0xF38E,
    0x000E, 0x000E, 0xC430, 0xC430, 0xB30E, 0xC430, 0xC430, 0xA28C, 0xC430, 0xF7BE, 0xF7BE, 0xF7BE, 0xA534, 0xD4AC, 0xD4AC, 0xD4AC, 0xB306, 0xB306, 0xF7BE, 0xB5B6, 0xF7BE, 0xE73A, 0xC63C, 0xC63C, 0xA534, 0xC430, 0xA28C, 0xA28C, 0xA28C, 0xA28C, 0x000E, 0x000E, 0x000E, 0x000E, 0xA28C, 0xA28C, 0xA28C, 0x000E, 0x000E, 0x000E, 0x000E, 0x000E, 0x000E, 0x000E, 0xB306, 0xE52E, 0xA284, 0xD4AC, 0xA082,
    0x000E, 0x000E, 0xC430, 0xC430, 0xC430, 0xC430, 0xC430, 0xB30E, 0xA534, 0xF7BE, 0xF7BE, 0xF7BE, 0xA534, 0xD4AC, 0xD4AC, 0xD4AC, 0xE52E, 0xC636, 0xF7BE, 0xE73A, 0xF7BE, 0xC63C, 0xC63C, 0xA534, 0xC430, 0xC430, 0x000E, 0x000E, 0x000E, 0x000E, 0x000E, 0x000E, 0x000E, 0x000E, 0x000E, 0x000E, 0x000E, 0x000E, 0x000E, 0x000E, 0x000E, 0x000E, 0x000E, 0x000E, 0x000E, 0xB306, 0xE52E, 0xA284, 0x000E,
    0x000E, 0x000E, 0xA28C, 0xA28C, 0xC430, 0xA28C, 0xA28C, 0x000E, 0xC636, 0xF7BE, 0xF7BE, 0xF7BE, 0xF7BE, 0xD4AC, 0xB306, 0xD4AC, 0xC636, 0xF7BE, 0xB5B6, 0xF7BE, 0xE73A, 0xC63C, 0xC63C, 0xC63C, 0xA534, 0x000E, 0x000E, 0x000E, 0x000E, 0x000E, 0x000E, 0x000E, 0x000E, 0x000E, 0x000E, 0x000E, 0x000E, 0x000E, 0x000E, 0x000E, 0x000E, 0x000E, 0x000E, 0x000E, 0x000E, 0x000E, 0x000E, 0x000E, 0x000E,
    0x000E, 0x000E, 0x000E, 0x000E, 0x000E, 0x000E, 0x000E, 0x000E, 0xE73A, 0xF7BE, 0xF7BE, 0xB5B6, 0xF7BE, 0xC430, 0xA28C, 0xC636, 0xF7BE, 0xB5B6, 0xF7BE, 0xE6B8, 0xC63C, 0xB5B6, 0xC63C, 0xA534, 0xA534, 0x000E, 0x000E, 0x000E, 0x000E, 0x000E, 0x000E, 0x000E, 0x000E, 0x000E, 0x000E, 0x000E, 0x000E, 0x000E, 0x000E, 0x000E, 0x000E, 0x000E, 0x000E, 0x000E, 0x000E, 0x000E, 0x000E, 0x000E, 0x000E,
    0x000E, 0x000E, 0x000E, 0x000E, 0x000E, 0x000E, 0x000E, 0x000E, 0xC63C, 0xE73A, 0xB5B6, 0xF7BE, 0xE73A, 0xE73A, 0xC636, 0xF7BE, 0xB5B6, 0xF7BE, 0xE6B8, 0xB5B6, 0xC63C, 0xC63C, 0xC63C, 0x000E, 0x000E, 0x000E, 0x000E, 0x000E, 0x000E, 0x000E, 0x000E, 0x000E, 0x000E, 0x000E, 0x000E, 0x000E, 0x000E, 0x000E, 0x000E, 0x000E, 0x000E, 0x000E, 0x000E, 0x000E, 0x000E, 0x000E, 0x000E, 0x000E, 0x000E,
    0x000E, 0x000E, 0x000E, 0x000E, 0x000E, 0x000E, 0x000E, 0x000E, 0x000E, 0xC63C, 0xC63C, 0xE73A, 0xE73A, 0xF7BE, 0xC636, 0xE6B8, 0xF7BE, 0xE6B8, 0xB5B6, 0xC63C, 0xC63C, 0xC63C, 0xC63C, 0x000E, 0x000E, 0x000E, 0x000E, 0x000E, 0x000E, 0x000E, 0x000E, 0x000E, 0x000E, 0x000E, 0x000E, 0x000E, 0x000E, 0x000E, 0x000E, 0x000E, 0x000E, 0x000E, 0x000E, 0x000E, 0x000E, 0x000E, 0x000E, 0x000E, 0x000E,
    0x000E, 0x000E, 0x000E, 0x000E, 0x000E, 0x000E, 0x000E, 0x000E, 0x000E, 0x000E, 0xA534, 0xC63C, 0xB5B6, 0xC63C, 0xC63C, 0xA534, 0xE6B8, 0xC63C, 0xC63C, 0xC63C, 0xA534, 0xA534, 0x000E, 0x000E, 0x000E, 0x000E, 0x000E, 0x000E, 0x000E, 0x000E, 0x000E, 0x000E, 0x000E, 0x000E, 0x000E, 0x000E, 0x000E, 0x000E, 0x000E, 0x000E, 0x000E, 0x000E, 0x000E, 0x000E, 0x000E, 0x000E, 0x000E, 0x000E, 0x000E,
    0x000E, 0x000E, 0x000E, 0x000E, 0x000E, 0x000E, 0x000E, 0x000E, 0x000E, 0x000E, 0x4208, 0x8430, 0xB5B6, 0x4208, 0x4208, 0x4208, 0xA534, 0xA534, 0x8430, 0x0000, 0x0000, 0x000E, 0x000E, 0x000E, 0x000E, 0x000E, 0x000E, 0x000E, 0x000E, 0x000E, 0x000E, 0x000E, 0x000E, 0x000E, 0x000E, 0x000E, 0x000E, 0x000E, 0x000E, 0x000E, 0x000E, 0x000E, 0x000E, 0x000E, 0x000E, 0x000E, 0x000E, 0x000E, 0x000E,
    0x000E, 0x000E, 0x000E, 0x000E, 0x000E, 0x000E, 0x000E, 0x000E, 0x000E, 0x000E, 0xC63C, 0x0000, 0x0000, 0x4208, 0x0000, 0x0000, 0x0000, 0x0000, 0x3186, 0xA534, 0xA534, 0xA534, 0x000E, 0x000E, 0x000E, 0x000E, 0x000E, 0x000E, 0x000E, 0x000E, 0x000E, 0x000E, 0x000E, 0x000E, 0x000E, 0x000E, 0x000E, 0x000E, 0x000E, 0x000E, 0x000E, 0x000E, 0x000E, 0x000E, 0x000E, 0x000E, 0x000E, 0x000E, 0x000E,
    0x000E, 0x000E, 0x000E, 0x000E, 0x000E, 0x000E, 0x000E, 0x000E, 0xB5B6, 0xC63C, 0xC63C, 0xC63C, 0x3186, 0xC63C, 0xA534, 0xA534, 0xC63C, 0xC63C, 0xC63C, 0x8430, 0xB5BA, 0xB5BA, 0x8430, 0xA534, 0x000E, 0x000E, 0x000E, 0x000E, 0x000E, 0x000E, 0x000E, 0x000E, 0x000E, 0x000E, 0x000E, 0x000E, 0x000E, 0x000E, 0x000E, 0x000E, 0x000E, 0x000E, 0x000E, 0x000E, 0x000E, 0x000E, 0x000E, 0x000E, 0x000E,
    0x000E, 0x000E, 0x000E, 0x000E, 0x000E, 0x000E, 0x000E, 0xB5B6, 0xC63C, 0xC63C, 0xC63C, 0x3186, 0x0000, 0xC63C, 0x3186, 0xA534, 0xA534, 0xC63C, 0xC63C, 0xA534, 0xA534, 0xA534, 0xB5BA, 0xC63C, 0x000E, 0x000E, 0x000E, 0x000E, 0x000E, 0x000E, 0x000E, 0x000E, 0x000E, 0x000E, 0x000E, 0x000E, 0x000E, 0x000E, 0x000E, 0x000E, 0x000E, 0x000E, 0x000E, 0x000E, 0x000E, 0x000E, 0x000E, 0x000E, 0x000E,
    0x000E, 0x000E, 0x000E, 0x000E, 0x000E, 0x000E, 0xF7BE, 0xF7BE, 0xF7BE, 0xC63C, 0x3186, 0x0000, 0x8430, 0xA534, 0x0000, 0xA534, 0xC63C, 0xC63C, 0x8430, 0xB5BA, 0xB5BA, 0xB5BA, 0xA534, 0x8430, 0x8430, 0x000E, 0x000E, 0x000E, 0x000E, 0x000E, 0x000E, 0x000E, 0x000E, 0x000E, 0x000E, 0x000E, 0x000E, 0x000E, 0x000E, 0x000E, 0x000E, 0x000E, 0x000E, 0x000E, 0x000E, 0x000E, 0x000E, 0x000E, 0x000E,
    0x000E, 0x000E, 0x000E, 0x000E, 0x000E, 0xB5B6, 0xF7BE, 0xF7BE, 0xF7BE, 0x0000, 0x0000, 0xC63C, 0xC63C, 0x3186, 0x0000, 0x8430, 0x8430, 0xB5BA, 0xE6B8, 0xE73A, 0xE73A, 0xE73A, 0xA534, 0x000E, 0x000E, 0x000E, 0x000E, 0x000E, 0x000E, 0x000E, 0x000E, 0x000E, 0x000E, 0x000E, 0x000E, 0x000E, 0x000E, 0x000E, 0x000E, 0x000E, 0x000E, 0x000E, 0x000E, 0x000E, 0x000E, 0x000E, 0x000E, 0x000E, 0x000E,
    0x000E, 0x000E, 0x000E, 0x000E, 0xE73A, 0xF7BE, 0xF7BE, 0xF7BE, 0xF7BE, 0xF7BE, 0xC63C, 0xA534, 0x3186, 0x0000, 0xB5BA, 0xB5BA, 0xB5BA, 0xE73A, 0xE73A, 0xE73A, 0xE73A, 0xE73A, 0xE6B8, 0x000E, 0x000E, 0x000E, 0x000E, 0x000E, 0x000E, 0x000E, 0x000E, 0x000E, 0x000E, 0x000E, 0x000E, 0x000E, 0x000E, 0x000E, 0x000E, 0x000E, 0x000E, 0x000E, 0x000E, 0x000E, 0x000E, 0x000E, 0x000E, 0x000E, 0x000E,
    0x000E, 0x000E, 0x000E, 0x000E, 0xF7BE, 0xF7BE, 0xF7BE, 0xF7BE, 0xF7BE, 0xF7BE, 0xC63C, 0xA534, 0x0000, 0xC63C, 0xB5B6, 0xB5BA, 0xB5BA, 0xE73A, 0xE73A, 0xE73A, 0xE73A, 0xE73A, 0xE73A, 0x000E, 0x000E, 0x000E, 0x000E, 0x000E, 0x000E, 0x000E, 0x000E, 0x000E, 0x000E, 0x000E, 0x000E, 0x000E, 0x000E, 0x000E, 0x000E, 0x000E, 0x000E, 0x000E, 0x000E, 0x000E, 0x000E, 0x000E, 0x000E, 0x000E, 0x000E,
    0x000E, 0x000E, 0x000E, 0xE73A, 0xF7BE, 0xF7BE, 0xF7BE, 0xF7BE, 0xF7BE, 0xC63C, 0xC63C, 0xC63C, 0xC63C, 0xA534, 0xA534, 0xB5BA, 0xB5BA, 0xE73A, 0xE73A, 0xE73A, 0xE73A, 0xE73A, 0xE73A, 0x000E, 0x000E, 0x000E, 0x000E, 0x000E, 0x000E, 0x000E, 0x000E, 0x000E, 0x000E, 0x000E, 0x000E, 0x000E, 0x000E, 0x000E, 0x000E, 0x000E, 0x000E, 0x000E, 0x000E, 0x000E, 0x000E, 0x000E, 0x000E, 0x000E, 0x000E,
    0x000E, 0x000E, 0xB5B6, 0xF7BE, 0xF7BE, 0xF7BE, 0xF7BE, 0xF7BE, 0xE73A, 0xC63C, 0xC63C, 0xC63C, 0xC63C, 0x000E, 0x000E, 0xB5BA, 0xB5BA, 0xE73A, 0xE73A, 0xE73A, 0xE73A, 0xE73A, 0xE73A, 0xA534, 0x000E, 0x000E, 0x000E, 0x000E, 0x000E, 0x000E, 0x000E, 0x000E, 0x000E, 0x000E, 0x000E, 0x000E, 0x000E, 0x000E, 0x000E, 0x000E, 0x000E, 0x000E, 0x000E, 0x000E, 0x000E, 0x000E, 0x000E, 0x000E, 0x000E,
    0x000E, 0x000E, 0xB5B6, 0xF7BE, 0xF7BE, 0xF7BE, 0xF7BE, 0xE73A, 0xC63C, 0xE73A, 0xC63C, 0xA534, 0x000E, 0x000E, 0x000E, 0xE6B8, 0xB5BA, 0xE6B8, 0xE73A, 0xE73A, 0xE73A, 0xE73A, 0xE73A, 0xA534, 0x000E, 0x000E, 0x000E, 0x000E, 0x000E, 0x000E, 0x000E, 0x000E, 0x000E, 0x000E, 0x000E, 0x000E, 0x000E, 0x000E, 0x000E, 0x000E, 0x000E, 0x000E, 0x000E, 0x000E, 0x000E, 0x000E, 0x000E, 0x000E, 0x000E,
    0x000E, 0x000E, 0xE73A, 0xF7BE, 0xF7BE, 0xF7BE, 0xF7BE, 0xF7BE, 0xF7BE, 0xC63C, 0xA534, 0x000E, 0x000E, 0x000E, 0x000E, 0x000E, 0xE6B8, 0xE6B8, 0xE6B8, 0xE73A, 0xE73A, 0xE73A, 0xE73A, 0xC63C, 0xF7BE, 0x000E, 0x000E, 0x000E, 0x000E, 0x000E, 0x000E, 0x000E, 0x000E, 0x000E, 0x000E, 0x000E, 0x000E, 0x000E, 0x000E, 0x000E, 0x000E, 0x000E, 0x000E, 0x000E, 0x000E, 0x000E, 0x000E, 0x000E, 0x000E,
    0x000E, 0x000E, 0xC63C, 0xC63C, 0xE73A, 0xF7BE, 0xF7BE, 0xF7BE, 0xE73A, 0xC63C, 0xA534, 0x000E, 0x000E, 0x000E, 0x000E, 0x000E, 0xA534, 0xE73A, 0xE6B8, 0xE73A, 0xE73A, 0xE73A, 0xE73A, 0xC63C, 0xE73A, 0xF7BE, 0x000E, 0x000E, 0x000E, 0x000E, 0x000E, 0x000E, 0x000E, 0x000E, 0x000E, 0x000E, 0x000E, 0x000E, 0x000E, 0x000E, 0x000E, 0x000E, 0x000E, 0x000E, 0x000E, 0x000E, 0x000E, 0x000E, 0x000E,
    0x000E, 0x000E, 0xC63C, 0xC63C, 0xC63C, 0xE73A, 0xE73A, 0xC636, 0xE73A, 0xC63C, 0x000E, 0x000E, 0x000E, 0x000E, 0x000E, 0x000E, 0x000E, 0xA534, 0xE6B8, 0xE73A, 0xE73A, 0xE6B8, 0xE6B8, 0xC63C, 0xC63C, 0xB5B6, 0xF7BE, 0x000E, 0x000E, 0x000E, 0x000E, 0x000E, 0x000E, 0x000E, 0x000E, 0x000E, 0x000E, 0x000E, 0x000E, 0x000E, 0x000E, 0x000E, 0x000E, 0x000E, 0x000E, 0x000E, 0x000E, 0x000E, 0x000E,
    0x000E, 0x000E, 0xC63C, 0xC63C, 0xC63C, 0xC63C, 0xF7BE, 0xE73A, 0xC63C, 0xA534, 0x000E, 0x000E, 0x000E, 0x000E, 0x000E, 0x000E, 0x000E, 0x000E, 0xA534, 0xE6B8, 0xC63C, 0xC63C, 0xC63C, 0xC63C, 0xC63C, 0xC63C, 0xE73A, 0xC636, 0x000E, 0x000E, 0x000E, 0x000E, 0x000E, 0x000E, 0x000E, 0x000E, 0x000E, 0x000E, 0x000E, 0x000E, 0x000E, 0x000E, 0x000E, 0x000E, 0x000E, 0x000E, 0x000E, 0x000E, 0x000E,
    0x000E, 0x000E, 0xC636, 0xC63C, 0xC63C, 0xC63C, 0xC63C, 0xC63C, 0xC63C, 0xC63C, 0x000E, 0x000E, 0x000E, 0x000E, 0x000E, 0x000E, 0x000E, 0x000E, 0x000E, 0xB5B6, 0xC63C, 0xC63C, 0xC63C, 0xC63C, 0xC63C, 0xC63C, 0xC63C, 0xE73A, 0x000E, 0x000E, 0x000E, 0x000E, 0x000E, 0x000E, 0x000E, 0x000E, 0x000E, 0x000E, 0x000E, 0x000E, 0x000E, 0x000E, 0x000E, 0x000E, 0x000E, 0x000E, 0x000E, 0x000E, 0x000E,
    0x000E, 0x000E, 0xC63C, 0xC63C, 0xC63C, 0xC63C, 0xC63C, 0xC63C, 0xC63C, 0xC63C, 0x000E, 0x000E, 0x000E, 0x000E, 0x000E, 0x000E, 0x000E, 0x000E, 0x000E, 0xA534, 0xB5B6, 0xC63C, 0xC63C, 0xC63C, 0xC63C, 0xC63C, 0xC63C, 0xC63C, 0x000E, 0x000E, 0x000E, 0x000E, 0x000E, 0x000E, 0x000E, 0x000E, 0x000E, 0x000E, 0x000E, 0x000E, 0x000E, 0x000E, 0x000E, 0x000E, 0x000E, 0x000E, 0x000E, 0x000E, 0x000E,
    0x000E, 0x000E, 0xC63C, 0xC63C, 0xC63C, 0xC63C, 0xC63C, 0xC63C, 0xC63C, 0xC63C, 0x000E, 0x000E, 0x000E, 0x000E, 0x000E, 0x000E, 0x000E, 0x000E, 0x000E, 0x000E, 0xC63C, 0xB5B6, 0xC63C, 0xC63C, 0xC63C, 0xC63C, 0xC63C, 0xC63C, 0xB5B6, 0x000E, 0x000E, 0x000E, 0x000E, 0x000E, 0x000E, 0x000E, 0x000E, 0x000E, 0x000E, 0x000E, 0x000E, 0x000E, 0x000E, 0x000E, 0x000E, 0x000E, 0x000E, 0x000E, 0x000E,
    0x000E, 0x000E, 0xC63C, 0xC63C, 0xC63C, 0xC63C, 0xC63C, 0xC63C, 0xC63C, 0x000E, 0x000E, 0x000E, 0x000E, 0x000E, 0x000E, 0x000E, 0x000E, 0x000E, 0x000E, 0x000E, 0x000E, 0xC63C, 0xC63C, 0xB5B6, 0xC63C, 0xC63C, 0xC63C, 0xC63C, 0xC63C, 0x000E, 0x000E, 0x000E, 0x000E, 0x000E, 0x000E, 0x000E, 0x000E, 0x000E, 0x000E, 0x000E, 0x000E, 0x000E, 0x000E, 0x000E, 0x000E, 0x000E, 0x000E, 0x000E, 0x000E,
    0x000E, 0x000E, 0xC63C, 0xC63C, 0xC63C, 0xC63C, 0xC63C, 0xC63C, 0xC63C, 0x000E, 0x000E, 0x000E, 0x000E, 0x000E, 0x000E, 0x000E, 0x000E, 0x000E, 0x000E, 0x000E, 0x000E, 0x000E, 0xC63C, 0xC63C, 0xB5B6, 0xC63C, 0xC63C, 0xC63C, 0xC63C, 0x000E, 0x000E, 0x000E, 0x000E, 0x000E, 0x000E, 0x000E, 0x000E, 0x000E, 0x000E, 0x000E, 0x000E, 0x000E, 0x000E, 0x000E, 0x000E, 0x000E, 0x000E, 0x000E, 0x000E,
    0x000E, 0x000E, 0xC63C, 0xC63C, 0xC63C, 0x8430, 0xC63C, 0x8430, 0xC63C, 0x000E, 0x000E, 0x000E, 0x000E, 0x000E, 0x000E, 0x000E, 0x000E, 0x000E, 0x000E, 0x000E, 0x000E, 0x000E, 0xA534, 0xC63C, 0xC63C, 0xC63C, 0xC63C, 0xB5B6, 0xC63C, 0xB5B6, 0x000E, 0x000E, 0x000E, 0x000E, 0x000E, 0x000E, 0x000E, 0x000E, 0x000E, 0x000E, 0x000E, 0x000E, 0x000E, 0x000E, 0x000E, 0x000E, 0x000E, 0x000E, 0x000E,
    0x000E, 0xA534, 0x8430, 0x8430, 0x8430, 0xB30E, 0xB30E, 0xB30E, 0x8430, 0x000E, 0x000E, 0x000E, 0x000E, 0x000E, 0x000E, 0x000E, 0x000E, 0x000E, 0x000E, 0x000E, 0x000E, 0x000E, 0xA534, 0x8430, 0xC63C, 0xC63C, 0xC63C, 0x8430, 0x8430, 0xB30E, 0x000E, 0x000E, 0x000E, 0x000E, 0x000E, 0x000E, 0x000E, 0x000E, 0x000E, 0x000E, 0x000E, 0x000E, 0x000E, 0x000E, 0x000E, 0x000E, 0x000E, 0x000E, 0x000E,
    0x000E, 0x000E, 0x000E, 0x000E, 0xA28C, 0xB306, 0xA28C, 0xB30E, 0xA28C, 0x000E, 0x000E, 0x000E, 0x000E, 0x000E, 0x000E, 0x000E, 0x000E, 0x000E, 0x000E, 0x000E, 0x000E, 0x000E, 0x000E, 0x000E, 0x000E, 0x000E, 0x8430, 0xD4AC, 0xD4AC, 0xD4AC, 0x000E, 0x000E, 0x000E, 0x000E, 0x000E, 0x000E, 0x000E, 0x000E, 0x000E, 0x000E, 0x000E, 0x000E, 0x000E, 0x000E, 0x000E, 0x000E, 0x000E, 0x000E, 0x000E,
    0x000E, 0x000E, 0x000E, 0xD4AC, 0xC42A, 0xD4AC, 0xD4AC, 0xA28C, 0xD4AC, 0x000E, 0x000E, 0x000E, 0x000E, 0x000E, 0x000E, 0x000E, 0x000E, 0x000E, 0x000E, 0x000E, 0x000E, 0x000E, 0x000E, 0x000E, 0x000E, 0x000E, 0xD4AC, 0xB306, 0xD4AC, 0xD4AC, 0xD4AC, 0x000E, 0x000E, 0x000E, 0x000E, 0x000E, 0x000E, 0x000E, 0x000E, 0x000E, 0x000E, 0x000E, 0x000E, 0x000E, 0x000E, 0x000E, 0x000E, 0x000E, 0x000E,
    0x000E, 0x000E, 0xD4AC, 0xD4AC, 0xD4AC, 0xD4AC, 0xD4AC, 0xD4AC, 0xD4AC, 0x000E, 0x000E, 0x000E, 0x000E, 0x000E, 0x000E, 0x000E, 0x000E, 0x000E, 0x000E, 0x000E, 0x000E, 0x000E, 0x000E, 0x000E, 0x000E, 0x000E, 0xB306, 0xD4AC, 0xB306, 0xB306, 0xB306, 0xB306, 0x000E, 0x000E, 0x000E, 0x000E, 0x000E, 0x000E, 0x000E, 0x000E, 0x000E, 0x000E, 0x000E, 0x000E, 0x000E, 0x000E, 0x000E, 0x000E, 0x000E,
    0xB306, 0xD4AC, 0xD4AC, 0xD4AC, 0xB306, 0xD4AC, 0xD4AC, 0xD4AC, 0x000E, 0x000E, 0x000E, 0x000E, 0x000E, 0x000E, 0x000E, 0x000E, 0x000E, 0x000E, 0x000E, 0x000E, 0x000E, 0x000E, 0x000E, 0x000E, 0x000E, 0xC42A, 0xC42A, 0xC42A, 0xC42A, 0xC42A, 0xC42A, 0xC42A, 0x000E, 0x000E, 0x000E, 0x000E, 0x000E, 0x000E, 0x000E, 0x000E, 0x000E, 0x000E, 0x000E, 0x000E, 0x000E, 0x000E, 0x000E, 0x000E, 0x000E,
    0xA284, 0xA284, 0xA284, 0xC42A, 0xD4AC, 0xD4AC, 0xD4AC, 0xD4AC, 0x000E, 0x000E, 0x000E, 0x000E, 0x000E, 0x000E, 0x000E, 0x000E, 0x000E, 0x000E, 0x000E, 0x000E, 0x000E, 0x000E, 0x000E, 0x000E, 0x000E, 0x000E, 0x000E, 0x000E, 0x000E, 0x000E, 0x000E, 0x000E, 0x000E, 0x000E, 0x000E, 0x000E, 0x000E, 0x000E, 0x000E, 0x000E, 0x000E, 0x000E, 0x000E, 0x000E, 0x000E, 0x000E, 0x000E, 0x000E, 0x000E,
};
constexpr int SUZAKU_KEN_HIT_W = 32;
constexpr int SUZAKU_KEN_HIT_H = 44;
static const uint16_t SUZAKU_KEN_HIT[1408] = {
    0x000E, 0x000E, 0x000E, 0x000E, 0x000E, 0x000E, 0x000E, 0x000E, 0x000E, 0x000E, 0x000E, 0x000E, 0x000E, 0x000E, 0x000E, 0x000E, 0xFE84, 0x000C, 0x000C, 0x000C, 0xFE84, 0xFE84, 0xFE84, 0x000E, 0x000E, 0x000E, 0x000E, 0x000E, 0x000E, 0x000E, 0x000E, 0x000E,
    0x000E, 0x000E, 0x000E, 0x000E, 0x000E, 0x000E, 0x000E, 0x000E, 0x000E, 0x000E, 0x000E, 0x000E, 0x000E, 0x000E, 0x000E, 0x000E, 0x000C, 0x000C, 0x000C, 0x000C, 0x000C, 0x000C, 0x000C, 0x000E, 0x000E, 0x000E, 0x000E, 0x000E, 0x000E, 0x000E, 0x000E, 0x000E,
    0x000E, 0x000E, 0x000E, 0x000E, 0x000E, 0x000E, 0x000E, 0x000E, 0x000E, 0x000E, 0x000E, 0x000E, 0x000E, 0x000E, 0x000E, 0x000E, 0xA284, 0xB306, 0xB306, 0x7000, 0xC000, 0xFE84, 0x000E, 0x000E, 0x000E, 0x000E, 0x000E, 0x000E, 0x000E, 0x000E, 0x000E, 0x000E,
    0x000E, 0x000E, 0x000E, 0x000E, 0x000E, 0x000E, 0x000E, 0x000E, 0x000E, 0x000E, 0x000E, 0x000E, 0x000E, 0x000E, 0x000E, 0x000C, 0xD4AC, 0xC881, 0xC42A, 0xC42A, 0xFE84, 0xB306, 0x000E, 0x000E, 0x000E, 0x000E, 0x000E, 0x000E, 0x000E, 0x000E, 0x000E, 0x000E,
    0x000E, 0x000E, 0x000E, 0x000E, 0x000E, 0x000E, 0x000E, 0x000E, 0x000E, 0xF924, 0x000E, 0xD8E3, 0x000E, 0x000E, 0x000E, 0xB061, 0xA284, 0xC42A, 0xC42A, 0xD4AC, 0xD4AC, 0x000E, 0x000E, 0x000E, 0x000E, 0x000E, 0x000E, 0x000E, 0x000E, 0x000E, 0x000E, 0x000E,
    0x000E, 0x000E, 0x000E, 0x000E, 0x000E, 0x000E, 0xD881, 0xD881, 0xB306, 0xF924, 0xF924, 0xF924, 0xC0C3, 0xF924, 0xD4AC, 0x9182, 0xB30E, 0x7000, 0xB306, 0xC42A, 0xC0C3, 0xD8E3, 0xD8E3, 0xB0C3, 0xB0C3, 0xC0C3, 0x000E, 0x000E, 0x000E, 0x000E, 0x000E, 0x000E,
    0x000E, 0x000E, 0x000E, 0x000E, 0x000E, 0xC42A, 0xD881, 0xD881, 0xC0C3, 0xF924, 0xF924, 0xF924, 0xF924, 0xD4AC, 0x9182, 0x9182, 0xB30E, 0xB30E, 0x9182, 0xA284, 0xC0C3, 0xF924, 0xF924, 0xD881, 0xD881, 0xC881, 0x000E, 0x000E, 0x000E, 0x000E, 0x000E, 0x000E,
    0x000E, 0x000E, 0x000E, 0x000E, 0x000E, 0xD881, 0xD4AC, 0xD881, 0xC881, 0xF924, 0xC0C3, 0xC000, 0xF000, 0xF000, 0xA082, 0xA082, 0xC881, 0xD4AC, 0xF924, 0xC0C3, 0xF924, 0xF924, 0xD881, 0xD881, 0xD881, 0xD881, 0xD4AC, 0x000E, 0x000E, 0x000E, 0x000E, 0x000E,
    0x000E, 0x000E, 0x000E, 0x000E, 0x000E, 0xB306, 0xB306, 0xD881, 0xD881, 0xC000, 0xD841, 0xF000, 0xF000, 0xD841, 0xF000, 0xF000, 0x9182, 0xD8E3, 0xF924, 0xF924, 0xD8E3, 0xF924, 0xC42A, 0xD881, 0xC881, 0xD4AC, 0xC42A, 0x000E, 0x000E, 0x000E, 0x000E, 0x000E,
    0x000E, 0x000E, 0x000E, 0x000E, 0xD881, 0xC42A, 0xD4AC, 0xD881, 0xD881, 0xF000, 0xF28A, 0xF000, 0xC000, 0xD000, 0xA082, 0xC881, 0xD4AC, 0xF924, 0xF903, 0xF924, 0xC0C3, 0xD8E3, 0xD4AC, 0xD4AC, 0xD4AC, 0xD4AC, 0xB306, 0xD4AC, 0x000E, 0x000E, 0x000E, 0x000E,
    0x000E, 0x000E, 0x000E, 0x000E, 0xD881, 0xD881, 0xD881, 0xD4AC, 0xB30E, 0xD000, 0xD000, 0xA082, 0xA082, 0x9182, 0xC881, 0x9182, 0xF924, 0xC0C3, 0xF924, 0xF924, 0xF903, 0xC0C3, 0xD4AC, 0xA082, 0xF000, 0xF000, 0xA082, 0xB306, 0xB306, 0x000E, 0x000E, 0x000E,
    0x000E, 0x000E, 0x000E, 0x000E, 0xB30E, 0xB30E, 0xB30E, 0xB061, 0xB30E, 0xB061, 0xA082, 0xA082, 0xF924, 0xB061, 0xB061, 0xF904, 0xF924, 0xF924, 0xF924, 0xF924, 0xF903, 0xB0C3, 0xB0C3, 0xF000, 0xC000, 0xF000, 0xA082, 0xF000, 0xD4AC, 0xD4AC, 0x000E, 0x000E,
    0x000E, 0x000E, 0x000E, 0x000E, 0xA28C, 0xA28C, 0xB061, 0xB061, 0xA28C, 0xF924, 0xF924, 0xF924, 0xF924, 0xB061, 0xF904, 0xF924, 0xF924, 0xF924, 0xF924, 0xF903, 0xD8E4, 0xD8E4, 0xA284, 0xA284, 0xC881, 0xC000, 0xA082, 0xF000, 0xA082, 0xB306, 0x000E, 0x000E,
    0x000E, 0x000E, 0x000E, 0x000E, 0x000E, 0x000E, 0x000E, 0x000E, 0xB0C3, 0xF924, 0xF924, 0xF904, 0xF924, 0xB061, 0xF924, 0xF904, 0xF924, 0xF924, 0xF903, 0xD8E4, 0xD8E4, 0xC0C3, 0xC881, 0xA284, 0x9182, 0xC881, 0xC881, 0xD000, 0xA082, 0xB061, 0x000E, 0x000E,
    0x000E, 0x000E, 0x000E, 0x000E, 0x000E, 0x000E, 0x000E, 0x000E, 0xB0C3, 0xF924, 0xF924, 0xC0C3, 0xF924, 0x7061, 0xF924, 0xC0C3, 0xF924, 0xF904, 0xD8E4, 0xD8E4, 0xC0C3, 0xD8E4, 0xA28C, 0xA28C, 0xC881, 0x9182, 0x9182, 0xD000, 0xB061, 0xB306, 0x000E, 0x000E,
    0x000E, 0x000E, 0x000E, 0x000E, 0x000E, 0x000E, 0x000E, 0x000E, 0x000E, 0xD8E4, 0xF903, 0xF924, 0xF924, 0xF924, 0xF924, 0xF904, 0xF903, 0xD8E4, 0xC0C3, 0xD8E4, 0xD8E4, 0xD8E4, 0x000E, 0x000E, 0x000E, 0x000E, 0xA28C, 0xA28C, 0x000E, 0x000E, 0x000E, 0x000E,
    0x000E, 0x000E, 0x000E, 0x000E, 0x000E, 0x000E, 0x000E, 0x000E, 0x000E, 0xB0C3, 0xD8E4, 0xD8E4, 0xB0C3, 0xD8E4, 0xB0C3, 0xD8E4, 0xD8E4, 0xC0C3, 0xD8E4, 0xD8E4, 0xD8E3, 0xB0C3, 0x000E, 0x000E, 0x000E, 0x000E, 0x000E, 0x000E, 0x000E, 0x000E, 0x000E, 0x000E,
    0x000E, 0x000E, 0x000E, 0x000E, 0x000E, 0x000E, 0x000E, 0x000E, 0x000E, 0xC0C3, 0xFE84, 0xFE84, 0xFE84, 0x4208, 0xFE84, 0xB0C3, 0x7061, 0xFE84, 0xFE84, 0xFE84, 0xC0C3, 0x000E, 0x000E, 0x000E, 0x000E, 0x000E, 0x000E, 0x000E, 0x000E, 0x000E, 0x000E, 0x000E,
    0x000E, 0x000E, 0x000E, 0x000E, 0x000E, 0x000E, 0x000E, 0x000E, 0x000E, 0xD8E4, 0xD8E4, 0xFE84, 0xFE84, 0x4208, 0xFE84, 0xFE84, 0xFE84, 0xFE84, 0xB0C3, 0xD8E3, 0xD8E4, 0x000E, 0x000E, 0x000E, 0x000E, 0x000E, 0x000E, 0x000E, 0x000E, 0x000E, 0x000E, 0x000E,
    0x000E, 0x000E, 0x000E, 0x000E, 0x000E, 0x000E, 0x000E, 0x000E, 0xC0C3, 0xD8E4, 0xD8E4, 0xFE84, 0xD8E4, 0xD8E4, 0xFE84, 0xC0C4, 0xD8E4, 0xD8E4, 0xD8E3, 0xC0C4, 0xC0C4, 0xD8E4, 0x000E, 0x000E, 0x000E, 0x000E, 0x000E, 0x000E, 0x000E, 0x000E, 0x000E, 0x000E,
    0x000E, 0x000E, 0x000E, 0x000E, 0x000E, 0x000E, 0x000E, 0x7061, 0xD8E4, 0xD8E4, 0xD8E4, 0xFE84, 0xD8E4, 0xD8E4, 0xFE84, 0x4208, 0xD8E4, 0xD8E4, 0xC0C4, 0xC0C4, 0xB0C3, 0x7061, 0xD8E4, 0x000E, 0x000E, 0x000E, 0x000E, 0x000E, 0x000E, 0x000E, 0x000E, 0x000E,
    0x000E, 0x000E, 0x000E, 0x000E, 0x000E, 0x000E, 0xC0C3, 0xF924, 0xB0C3, 0xD8E3, 0xD8E4, 0xFE84, 0xD8E4, 0xD8E4, 0xFE84, 0xFE84, 0xD8E4, 0xD8E4, 0xC0C4, 0xC0C4, 0xC0C4, 0xC0C4, 0xD8E4, 0x000E, 0x000E, 0x000E, 0x000E, 0x000E, 0x000E, 0x000E, 0x000E, 0x000E,
    0x000E, 0x000E, 0x000E, 0x000E, 0x000E, 0xF903, 0xF924, 0xF924, 0xF924, 0xF904, 0xD8E4, 0xFE84, 0x7061, 0x7061, 0x7061, 0xFE84, 0x7061, 0x7061, 0xC0C4, 0xF903, 0xF904, 0xC0C3, 0x000E, 0x000E, 0x000E, 0x000E, 0x000E, 0x000E, 0x000E, 0x000E, 0x000E, 0x000E,
    0x000E, 0x000E, 0x000E, 0x000E, 0x000E, 0xF924, 0xF924, 0xF924, 0xF924, 0xF904, 0xD8E4, 0xFE84, 0xD8E4, 0xB0C3, 0xC0C4, 0xFE84, 0x4208, 0xC0C4, 0xF904, 0xF904, 0xF904, 0xF904, 0xC0C3, 0x000E, 0x000E, 0x000E, 0x000E, 0x000E, 0x000E, 0x000E, 0x000E, 0x000E,
    0x000E, 0x000E, 0x000E, 0x000E, 0xF903, 0xF924, 0xF924, 0xF924, 0xF924, 0xF904, 0xD8E4, 0xB0C3, 0xD8E4, 0xB0C3, 0xC0C3, 0xB0C3, 0xFE84, 0xF904, 0xF904, 0xF904, 0xF904, 0xF904, 0xF904, 0x000E, 0x000E, 0x000E, 0x000E, 0x000E, 0x000E, 0x000E, 0x000E, 0x000E,
    0x000E, 0x000E, 0x000E, 0xC0C3, 0xF924, 0xF924, 0xF924, 0xF924, 0xF924, 0xD8E4, 0xD8E4, 0xC0C3, 0xD8E4, 0xD8E4, 0xC0C4, 0xC0C4, 0xC0C4, 0xF904, 0xF904, 0xF904, 0xF904, 0xF904, 0xF904, 0x000E, 0x000E, 0x000E, 0x000E, 0x000E, 0x000E, 0x000E, 0x000E, 0x000E,
    0x000E, 0x000E, 0x000E, 0xF904, 0xF924, 0xF924, 0xF924, 0xF924, 0xF904, 0xD8E4, 0xC0C3, 0xD8E4, 0xD8E4, 0xD8E4, 0xC0C4, 0xC0C4, 0xC0C4, 0xF904, 0xF904, 0xF904, 0xF904, 0xF904, 0xF904, 0xC0C3, 0x000E, 0x000E, 0x000E, 0x000E, 0x000E, 0x000E, 0x000E, 0x000E,
    0x000E, 0x000E, 0xF903, 0xF924, 0xF924, 0xF924, 0xF924, 0xF903, 0xF904, 0xF904, 0xD8E4, 0xD8E4, 0xB0C3, 0x000E, 0xB0C3, 0xC0C4, 0xC0C4, 0xF904, 0xF904, 0xF904, 0xF904, 0xF904, 0xF904, 0xC0C3, 0x000E, 0x000E, 0x000E, 0x000E, 0x000E, 0x000E, 0x000E, 0x000E,
    0x000E, 0x000E, 0xF903, 0xF903, 0xF924, 0xF924, 0xF924, 0xF924, 0xF924, 0xF903, 0xD8E4, 0xB0C3, 0x000E, 0x000E, 0x000E, 0xD8E4, 0xF903, 0xF903, 0xF904, 0xF904, 0xF904, 0xF904, 0xF904, 0xC0C3, 0x000E, 0x000E, 0x000E, 0x000E, 0x000E, 0x000E, 0x000E, 0x000E,
    0x000E, 0x000E, 0xD8E3, 0xD8E4, 0xD8E4, 0xD8E4, 0xF924, 0xF924, 0xF903, 0xD8E4, 0xB0C3, 0x000E, 0x000E, 0x000E, 0x000E, 0xB0C3, 0xF904, 0xF904, 0xF904, 0xF904, 0xF904, 0xF904, 0xF904, 0xC0C3, 0xF924, 0x000E, 0x000E, 0x000E, 0x000E, 0x000E, 0x000E, 0x000E,
    0x000E, 0x000E, 0xC0C3, 0xD8E4, 0xD8E4, 0xD8E4, 0xF904, 0xD8E4, 0xD8E3, 0xB0C3, 0x000E, 0x000E, 0x000E, 0x000E, 0x000E, 0x000E, 0xF903, 0xF904, 0xF904, 0xF904, 0xF903, 0xF904, 0xF904, 0xF903, 0xF903, 0xD8E3, 0x000E, 0x000E, 0x000E, 0x000E, 0x000E, 0x000E,
    0x000E, 0x000E, 0xD8E4, 0xD8E4, 0xD8E4, 0xD8E4, 0xD8E4, 0xF924, 0xF904, 0xB0C3, 0x000E, 0x000E, 0x000E, 0x000E, 0x000E, 0x000E, 0xD8E4, 0xF903, 0xF904, 0xF904, 0xF903, 0xF904, 0xF903, 0xD8E4, 0xF903, 0xF924, 0x000E, 0x000E, 0x000E, 0x000E, 0x000E, 0x000E,
    0x000E, 0x000E, 0xD8E4, 0xD8E4, 0xD8E4, 0xD8E4, 0xD8E4, 0xD8E3, 0xD8E4, 0xD8E4, 0x000E, 0x000E, 0x000E, 0x000E, 0x000E, 0x000E, 0x000E, 0xD8E4, 0xD8E4, 0xF903, 0xF903, 0xD8E4, 0xD8E4, 0xD8E4, 0xD8E4, 0xF903, 0xF924, 0x000E, 0x000E, 0x000E, 0x000E, 0x000E,
    0x000E, 0x000E, 0xD8E4, 0xD8E4, 0xD8E4, 0xD8E4, 0xD8E4, 0xD8E4, 0xD8E4, 0xD8E4, 0xB0C3, 0x000E, 0x000E, 0x000E, 0x000E, 0x000E, 0x000E, 0xB0C3, 0xD8E4, 0xD8E4, 0xD8E4, 0xD8E4, 0xD8E4, 0xD8E4, 0xD8E4, 0xD8E4, 0xF903, 0x000E, 0x000E, 0x000E, 0x000E, 0x000E,
    0x000E, 0x000E, 0xD8E4, 0xD8E4, 0xD8E4, 0xD8E4, 0xD8E4, 0xD8E4, 0xD8E4, 0xD8E4, 0xB0C3, 0x000E, 0x000E, 0x000E, 0x000E, 0x000E, 0x000E, 0x000E, 0xD8E3, 0xD8E4, 0xD8E4, 0xD8E4, 0xD8E4, 0xD8E4, 0xD8E4, 0xD8E4, 0xD8E4, 0xC0C3, 0x000E, 0x000E, 0x000E, 0x000E,
    0x000E, 0xB0C3, 0xD8E4, 0xD8E4, 0xD8E4, 0xD8E4, 0xD8E4, 0xD8E4, 0xD8E4, 0xD8E4, 0x000E, 0x000E, 0x000E, 0x000E, 0x000E, 0x000E, 0x000E, 0x000E, 0x000E, 0xD8E3, 0xD8E4, 0xD8E4, 0xD8E4, 0xD8E4, 0xD8E4, 0xD8E4, 0xD8E4, 0xC0C3, 0x000E, 0x000E, 0x000E, 0x000E,
    0x000E, 0x000E, 0xD8E4, 0xD8E4, 0xD8E4, 0xD8E4, 0xD8E4, 0xD8E4, 0xD8E4, 0xB0C3, 0x000E, 0x000E, 0x000E, 0x000E, 0x000E, 0x000E, 0x000E, 0x000E, 0x000E, 0x000E, 0xD8E3, 0xD8E4, 0xD8E4, 0xD8E4, 0xD8E4, 0xD8E4, 0xD8E4, 0xD8E4, 0x000E, 0x000E, 0x000E, 0x000E,
    0x000E, 0x000E, 0xB0C3, 0xD8E4, 0xD8E4, 0xD8E4, 0xD8E4, 0xD8E4, 0xD8E4, 0xB0C3, 0x000E, 0x000E, 0x000E, 0x000E, 0x000E, 0x000E, 0x000E, 0x000E, 0x000E, 0x000E, 0x000E, 0xD8E3, 0xD8E4, 0xD8E4, 0xD8E4, 0xD8E4, 0xD8E4, 0xB306, 0x000E, 0x000E, 0x000E, 0x000E,
    0x000E, 0x000E, 0x7061, 0x000E, 0x7061, 0x7061, 0x7061, 0x7061, 0x000E, 0x000E, 0x000E, 0x000E, 0x000E, 0x000E, 0x000E, 0x000E, 0x000E, 0x000E, 0x000E, 0x000E, 0x000E, 0xD8E4, 0x7061, 0xD8E4, 0xD8E4, 0xD8E4, 0xB30E, 0xB30E, 0xB306, 0x000E, 0x000E, 0x000E,
    0x000E, 0x000E, 0x000E, 0xB306, 0xC42A, 0xC42A, 0xC42A, 0xB30E, 0xB306, 0x000E, 0x000E, 0x000E, 0x000E, 0x000E, 0x000E, 0x000E, 0x000E, 0x000E, 0x000E, 0x000E, 0x000E, 0x000E, 0x000E, 0x000E, 0xB306, 0xC42A, 0xC42A, 0xD4AC, 0xD4AC, 0xB306, 0x000E, 0x000E,
    0x000E, 0x000E, 0x000E, 0xD4AC, 0xD4AC, 0xC42A, 0xD4AC, 0xB306, 0xC42A, 0x000E, 0x000E, 0x000E, 0x000E, 0x000E, 0x000E, 0x000E, 0x000E, 0x000E, 0x000E, 0x000E, 0x000E, 0x000E, 0x000E, 0x000E, 0x000E, 0xD4AC, 0xC42A, 0xC42A, 0xD4AC, 0xD4AC, 0x000E, 0x000E,
    0x000E, 0x000E, 0xD4AC, 0xD4AC, 0xD4AC, 0xD4AC, 0xD4AC, 0xB306, 0xC42A, 0x000E, 0x000E, 0x000E, 0x000E, 0x000E, 0x000E, 0x000E, 0x000E, 0x000E, 0x000E, 0x000E, 0x000E, 0x000E, 0x000E, 0x000E, 0x000E, 0xC42A, 0xC42A, 0xC42A, 0xC42A, 0xC42A, 0xB306, 0x000E,
    0xB306, 0xB306, 0xD4AC, 0xD4AC, 0xA284, 0xD881, 0xD4AC, 0xB306, 0x000E, 0x000E, 0x000E, 0x000E, 0x000E, 0x000E, 0x000E, 0x000E, 0x000E, 0x000E, 0x000E, 0x000E, 0x000E, 0x000E, 0x000E, 0x000E, 0x000E, 0xC42A, 0xC42A, 0xC42A, 0xC42A, 0x9182, 0x9182, 0xB306,
    0xC42A, 0xC42A, 0xC42A, 0xC42A, 0xA284, 0xC42A, 0xC42A, 0xA284, 0x000E, 0x000E, 0x000E, 0x000E, 0x000E, 0x000E, 0x000E, 0x000E, 0x000E, 0x000E, 0x000E, 0x000E, 0x000E, 0x000E, 0x000E, 0x000E, 0x000E, 0x000E, 0x000E, 0x000E, 0x000E, 0x000E, 0x000E, 0x000E,
};
constexpr int HADOUKEN_BALL_W = 12;
constexpr int HADOUKEN_BALL_H = 10;
static const uint16_t HADOUKEN_BALL[120] = {
    0x000E, 0x000E, 0x000E, 0x000E, 0x000E, 0x000E, 0x247F, 0x000E, 0x000E, 0x000E, 0x000E, 0x000E,
    0x000E, 0x000E, 0x000E, 0x247F, 0x66FF, 0x66FF, 0x66FF, 0x66FF, 0x66FF, 0x247F, 0x000E, 0x000E,
    0x000E, 0x000E, 0x247F, 0x66FF, 0x66FF, 0xFFFF, 0xFFFF, 0xFFFF, 0x66FF, 0x66FF, 0x247F, 0x000E,
    0x000E, 0x247F, 0x66FF, 0x66FF, 0xFFFF, 0xFFFF, 0xFFFF, 0xFFFF, 0xFFFF, 0x66FF, 0x66FF, 0x247F,
    0x000E, 0x66FF, 0x66FF, 0xFFFF, 0xFFFF, 0xFFFF, 0xFFFF, 0xFFFF, 0xFFFF, 0xFFFF, 0x66FF, 0x66FF,
    0x247F, 0x66FF, 0x66FF, 0xFFFF, 0xFFFF, 0xFFFF, 0xFFFF, 0xFFFF, 0xFFFF, 0xFFFF, 0x66FF, 0x66FF,
    0x000E, 0x66FF, 0x66FF, 0xFFFF, 0xFFFF, 0xFFFF, 0xFFFF, 0xFFFF, 0xFFFF, 0xFFFF, 0x66FF, 0x66FF,
    0x000E, 0x247F, 0x66FF, 0x66FF, 0xFFFF, 0xFFFF, 0xFFFF, 0xFFFF, 0xFFFF, 0x66FF, 0x66FF, 0x247F,
    0x000E, 0x000E, 0x247F, 0x66FF, 0x66FF, 0xFFFF, 0xFFFF, 0xFFFF, 0x66FF, 0x66FF, 0x247F, 0x000E,
    0x000E, 0x000E, 0x000E, 0x247F, 0x66FF, 0x66FF, 0x66FF, 0x66FF, 0x66FF, 0x247F, 0x000E, 0x000E,
};
constexpr int HIT_SPARK_W = 12;
constexpr int HIT_SPARK_H = 12;
static const uint16_t HIT_SPARK[144] = {
    0xFEE0, 0x000E, 0x000E, 0x000E, 0x000E, 0x000E, 0xFEE0, 0x000E, 0x000E, 0x000E, 0x000E, 0x000E,
    0x000E, 0xFEE0, 0x000E, 0x000E, 0x000E, 0x000E, 0xFEE0, 0x000E, 0x000E, 0x000E, 0x000E, 0xFEE0,
    0x000E, 0x000E, 0xFEE0, 0x000E, 0x000E, 0x000E, 0xFEE0, 0x000E, 0x000E, 0x000E, 0xFEE0, 0x000E,
    0x000E, 0x000E, 0x000E, 0xFEE0, 0x000E, 0x000E, 0xFEE0, 0x000E, 0x000E, 0xFEE0, 0x000E, 0x000E,
    0x000E, 0x000E, 0x000E, 0x000E, 0xFFFF, 0x000E, 0xFFFF, 0x000E, 0xFFFF, 0x000E, 0x000E, 0x000E,
    0x000E, 0x000E, 0x000E, 0x000E, 0x000E, 0xFFFF, 0xFFFF, 0xFFFF, 0x000E, 0x000E, 0x000E, 0x000E,
    0xFEE0, 0xFEE0, 0xFEE0, 0xFEE0, 0xFFFF, 0xFFFF, 0xFFFF, 0xFFFF, 0xFFFF, 0xFEE0, 0xFEE0, 0xFEE0,
    0x000E, 0x000E, 0x000E, 0x000E, 0x000E, 0xFFFF, 0xFFFF, 0xFFFF, 0x000E, 0x000E, 0x000E, 0x000E,
    0x000E, 0x000E, 0x000E, 0x000E, 0xFFFF, 0x000E, 0xFFFF, 0x000E, 0xFFFF, 0x000E, 0x000E, 0x000E,
    0x000E, 0x000E, 0x000E, 0xFEE0, 0x000E, 0x000E, 0xFEE0, 0x000E, 0x000E, 0xFEE0, 0x000E, 0x000E,
    0x000E, 0x000E, 0xFEE0, 0x000E, 0x000E, 0x000E, 0xFEE0, 0x000E, 0x000E, 0x000E, 0xFEE0, 0x000E,
    0x000E, 0xFEE0, 0x000E, 0x000E, 0x000E, 0x000E, 0xFEE0, 0x000E, 0x000E, 0x000E, 0x000E, 0xFEE0,
};
} // namespace StreetFighterAssets

#endif // STREETFIGHTERASSETS_H
